Date,Close,High,Low,Open,Volume,EMA_Signal,Price_to_EMA12,Price_to_EMA26,Price_to_EMA50,RSI_14,RSI_7,RSI_Overbought,RSI_Oversold,Volatility_14,Volatility_30,NDX_Close_missing,NDX_Close,DXY_Close_missing,DXY_Close,fear_greed_value,fear_greed_value_missing,funding_rate,funding_rate_missing,google_trends_score_missing,google_trends_score,reddit_polarity_missing,reddit_polarity,reddit_volume_missing,reddit_volume,Target
2016-05-30,-1.003577659193455,-1.0064348747637244,-0.9996048537801204,-1.0032187750283692,-1.1419067547349515,0.0,1.0,1.0,1.0,0.0,0.0,0,1,2.059299866566947e-16,0.0,1,,1,,,1,,1,1,,1,,1,,0
2016-05-31,-1.0036533568577808,-1.0063666753191225,-0.9996764106207122,-1.003044034603343,-1.1396853838127898,-6.03856011704984e-06,1.0000638227903542,1.0000698401739805,1.0000724696416612,0.0,0.0,0,1,2.059299866566947e-16,0.0,1,,1,,,1,,1,1,,1,,1,,1
2016-06-01,-1.0034843068201769,-1.0064730169198164,-0.9995217301653494,-1.0031382478027508,-1.1419902092651688,2.784662849197872e-06,0.99991147172143,0.9999086972265188,0.9999077862163328,72.0420481662071,74.85943576145033,1,0,2.059299866566947e-16,0.0,1,,1,,,1,,1,0,4.0,1,,1,,1
2016-06-02,-1.003452170737854,-1.0065550140247506,-0.9992902997787886,-1.0029730372158774,-1.1431201624796086,1.222927244848293e-05,0.9998979943105708,0.9998858097450992,0.9998806360624668,75.85710462938475,78.86888996315793,1,0,2.059299866566947e-16,0.0,1,,1,,,1,,1,1,4.0,1,,1,,1
2016-06-03,-1.0024984155923693,-1.0055244695080172,-0.9991708226317138,-1.0029373865593565,-1.140408223730607,9.557256197423314e-05,0.9991093781491532,0.9990142225737304,0.9989721824284576,95.74417853541163,97.1096525370876,1,0,2.059299866566947e-16,0.0,1,,1,,,1,,1,1,4.0,1,,1,,1
2016-06-04,-1.0023904904864709,-1.0050587613221402,-0.9983212929871956,-1.001959109796622,-1.141600258643123,0.0001683902751847,0.9991552546472195,0.9989875777869176,0.998909112413916,96.1574492608406,97.44271394629271,1,0,2.059299866566947e-16,0.0,1,,1,,,1,,1,1,4.0,1,,1,,1
2016-06-05,-1.002321758498843,-1.0052789019745652,-0.9981676697509364,-1.0018490421237625,-1.1427463844658274,0.0002290051061983,0.999227136752704,0.9989990672001252,0.9988860344063883,96.41337916577804,97.67063620402465,1,0,2.059299866566947e-16,0.0,1,,1,,,1,,1,1,4.0,1,,1,,1
2016-06-06,-1.001999176444822,-1.0051688325656285,-0.9979989949033804,-1.001809511288569,-1.1426027491789323,0.0002996186549635,0.9990737715225352,0.9987753934683944,0.9986207722884698,97.36411053762428,98.50464640606644,1,0,2.059299866566947e-16,0.0,1,,1,,,1,,1,1,4.0,1,,1,,0
2016-06-07,-1.002272271616909,-1.005054945455435,-0.9982194165452348,-1.0014782659730757,-1.1410351542740576,0.0003297428329465,0.9994466184134432,0.9991180951889734,0.9989363143526716,77.33835117914697,70.15232296302094,1,0,2.059299866566947e-16,0.0,1,,1,,,1,,1,1,4.0,1,,1,,1
2016-06-08,-1.0021180665252007,-1.0052779700225043,-0.9980447704027056,-1.0017311525626127,-1.1422452050146312,0.0003618879046882,0.9994015755653796,0.9990410147525256,0.9988303069682932,80.0162799849139,75.46829914522148,1,0,2.059299866566947e-16,0.0,1,,1,,,1,,1,1,4.0,1,,1,,0
2016-06-09,-1.0023323580363233,-1.0052970860470574,-0.9981125330224924,-1.001577306554792,-1.1426396125189069,0.0003658542317503,0.999674453658516,0.9993098214047972,0.9990813552825007,67.27000849786754,56.742967310012936,0,0,2.059299866566947e-16,0.0,1,,1,,,1,,1,1,4.0,1,,1,,1
2016-06-10,-1.0022456040382677,-1.0053895419289565,-0.9980387061028198,-1.0017717834965163,-1.1428291919157336,0.000371713020812,0.9996513030315236,0.999280818822542,0.9990342609657796,69.5368057869488,61.852221194342,0,0,2.059299866566947e-16,0.0,1,,1,,,1,,1,1,4.0,1,,1,,1
2016-06-11,-1.001351873784539,-1.0045482680699118,-0.997872363970306,-1.0016851143638597,-1.1421532024074408,0.0004433619154362,0.9989504726924886,0.9985088335703752,0.9982160725360684,83.29181586205087,85.4530737946672,1,0,2.059299866566947e-16,0.0,1,,1,,,1,,1,1,4.0,1,,1,,1
2016-06-12,-0.9993339940616142,-1.0022119761612822,-0.9969902750142888,-1.0007377839372276,-1.1335861198916792,0.0006554149940738,0.9974073748959356,0.9967553459735308,0.9963528117520128,92.32270418576309,94.91802602754645,1,0,2.059299866566947e-16,0.0,1,,1,,,1,,1,1,4.0,1,,1,,1
2016-06-13,-0.9983689364717666,-1.001275390023963,-0.9952037683310948,-0.9988446520347138,-1.1350727144904376,0.0008910689802983,0.9969895805575396,0.996103210197668,0.995570591921216,94.08651055340223,96.40824620915582,1,0,0.1012841557050149,0.0,1,,1,,,1,,1,1,4.0,1,,1,,0
2016-06-14,-0.9989437483638484,-1.0016210488418276,-0.9952561054218768,-0.9978411102931168,-1.1375628829609843,0.0010196895994214,0.9979376562868938,0.9969221289859852,0.9962944561143042,81.25664924871298,78.19769109352406,1,0,0.2074443572207663,0.0,1,,1,,,1,,1,1,4.0,1,,1,,1
2016-06-15,-0.9986715705132108,-1.0018675501618917,-0.9949526854371736,-0.9984160162855704,-1.1414111454186495,0.0011305525386779,0.9980241579977942,0.9968978432441968,0.9961783648597892,82.55624844640758,80.52068683710927,1,0,0.2051976830787339,0.0,1,,1,,,1,,1,1,4.0,1,,1,,1
2016-06-16,-0.9964770653928262,-0.999540544751946,-0.9942075186924724,-0.998084923865152,-1.1338259376746822,0.0013795874147795,0.9964701845864028,0.9950973702574462,0.994223689043654,89.3962232592124,90.92055442674396,1,0,0.5402522966271385,0.0,1,,1,,,1,,1,1,4.0,1,,1,,0
2016-06-17,-0.9970085618135384,-0.9994914301445248,-0.993584535727596,-0.9958864828726788,-1.1297921562183455,0.0015165798406736,0.9974617869187744,0.9959506616003596,0.994958672570458,80.56771533989776,77.5502878402919,1,0,0.5912891409217618,0.0,1,,1,,,1,,1,1,4.0,1,,1,,1
2016-06-18,-0.9967850150510436,-0.9994122600831448,-0.9930442739888912,-0.9964892493311224,-1.1346581487714558,0.0016244599179046,0.9976620468986882,0.9960425919895362,0.9949409886383234,81.45645946830275,79.26062027462942,1,0,0.5866479826335971,0.0,1,,1,,,1,,1,1,4.0,1,,1,,1
2016-06-19,-0.9965542583656932,-0.9997539819539182,-0.9926804615491764,-0.996246933012078,-1.1397850331248152,0.0017088769229095,0.9978254451147718,0.9961210255244942,0.9949170296542618,82.41441116240853,81.22888893692192,1,0,0.577806774911997,0.0,1,,1,,,1,,1,1,4.0,1,,1,,0
2016-06-20,-0.9973654483337152,-0.9998302369132812,-0.9930816543713478,-0.996025787067204,-1.138098875227329,0.001690830910317,0.9988470174275412,0.997158486473134,0.9958937718951372,68.13698153616869,56.22031590757799,0,0,0.7345765899750776,0.0,1,,1,,,1,,1,1,4.0,1,,1,,0
2016-06-21,-0.9995213122202786,-1.0006778821689932,-0.9959941810165396,-0.996882508516136,-1.13214048369921,0.0014854458222032,1.000851169941656,0.9993646927119526,0.998122920485362,44.49781260756816,26.887094003098895,0,0,1.3106150760339392,0.0,1,,1,,,1,,1,1,4.0,1,,1,,0
2016-06-22,-1.00167601267476,-1.0023975501981,-0.9975984246447028,-0.999019974206855,-1.1340565157773337,0.0011357184853211,1.0025446766785762,1.0014063746553634,1.000263834662595,31.782002292666377,15.859806874124343,0,0,1.8599463802296632,0.0,1,,1,,,1,,1,1,4.0,1,,1,,1
2016-06-23,-1.0008249285460586,-1.0038806656788464,-0.9985109584740116,-1.0011117373221563,-1.1346254163978189,0.0009166656762608,1.0014320423699592,1.0005143488600503,0.9994369198013398,39.642821420442296,30.805631798961187,0,0,1.9143708344764647,0.0,1,,1,,,1,,1,1,4.0,1,,1,,1
2016-06-24,-0.9995626420263156,-1.0023056648616553,-0.9964232696181852,-1.0002523271573929,-1.135907654692858,0.0008352919935148,1.0001429879312331,0.999307789500914,0.998247772949574,49.58462534739201,48.79306999664477,0,0,2.026016691715027,0.0,1,,1,,,1,,1,1,4.0,1,,1,,0
2016-06-25,-0.999568019170747,-1.00200497089617,-0.995761289124216,-0.9990393415378844,-1.1402042623271378,0.0007615897405994,1.0001255394555266,0.9993640095636498,0.9983215322338552,49.54451342325145,48.72113363880139,0,0,1.9690509917393448,0.0,1,,1,,,1,,1,1,4.0,1,,1,,0
2016-06-26,-1.000660276803779,-1.0027789772626734,-0.9966825616191504,-0.9990194838238704,-1.140971141365937,0.0006080350618558,1.0010307659691662,1.0004222489483274,0.9994354568327048,41.64790026562064,34.81814760400532,0,0,1.6983630391955855,0.0,1,,1,,,1,,1,1,4.0,1,,1,,1
2016-06-27,-0.9998688502653588,-1.0031007392152955,-0.9965709215594708,-1.0001370349479446,-1.1404032082862594,0.0005439332560833,1.0002022626001232,0.9996583338717356,0.998698067122242,48.50922747323713,48.904476188202125,0,0,1.6778845381533622,0.0,1,,1,,,1,,1,1,4.0,1,,1,,0
2016-06-28,-1.0001216021562769,-1.002981322767482,-0.9960345147794726,-0.999258654606432,-1.1396882438479317,0.0004673498299936,1.0003850566170795,0.9999176221860578,0.9989916375151286,46.49463949433228,44.783399338774515,0,0,1.6609742504275324,0.0,1,,1,,,1,,1,1,4.0,1,,1,,0
2016-06-29,-1.000338824621299,-1.0034191366008325,-0.9963296022832684,-0.99968573157164,-1.13950913933861,0.0003846943584402,1.0005096219545746,1.0001248138902212,0.9992396256815662,44.65557973032496,40.83978356957644,0,0,1.6499769397710469,1.0289838836674885,1,,1,,,1,,1,1,4.0,1,,1,,1
2016-06-30,-0.9993171019227276,-1.002495746391019,-0.9960707449379133,-0.9997936009116524,-1.139662066396086,0.000397056761429,0.9995665022110196,0.999169676123838,0.9982887482918712,54.436621029512246,61.88771956554454,0,0,1.3324129862621317,1.073186465011713,1,,1,,,1,,1,1,4.0,1,,1,,1
2016-07-01,-0.9992267103349406,-1.002172601186716,-0.9950449520042294,-0.9988183484880852,-1.139862199871645,0.0004094282663699,0.9995566541659372,0.9991474398841635,0.9982689764574936,55.244051063541136,63.42277554481119,0,0,1.330008246965977,1.0733087976539022,1,,1,,,1,,1,0,4.0,1,,1,,1
2016-07-02,-0.9983895239990938,-1.0016451548459182,-0.9948333316639618,-0.9986894616689774,-1.1408334806171327,0.000481239286874,0.9989160252755466,0.9984352856059994,0.9975330268078187,62.37031056543379,75.57258834171253,0,0,1.4083514718319865,1.0962930802951665,1,,1,,,1,,1,1,4.0,1,,1,,0
2016-07-03,-0.9997653253192584,-1.00160710258284,-0.99568510101861,-0.9978269358009164,-1.1400786122476925,0.0004222667413655,1.0002475329650635,0.9998251364303348,0.9989504402358044,47.906395671365225,43.738388258326886,0,0,1.5343362967994103,1.1654539659767784,1,,1,,,1,,1,1,4.0,1,,1,,1
2016-07-04,-0.999001698095496,-1.0022475040817709,-0.9956384846789568,-0.9992372082752968,-1.1417285878497525,0.0004321671552831,0.9995629584828172,0.9991309243238156,0.9982583925950732,54.64279499533186,57.10921020849033,0,0,1.5859214702992823,1.189438162833562,1,,1,,,1,,1,1,4.0,1,,1,,0
2016-07-05,-0.999399884590118,-1.0022526426599638,-0.9951857633393216,-0.9984916564625096,-1.1400362009463672,0.0004032347431942,0.9999673117717114,0.999564023985261,0.9987089095773596,50.698313197566485,49.01109099135571,0,0,1.193777571485535,1.2037923778660344,1,,1,,,1,,1,1,4.0,1,,1,,1
2016-07-06,-0.9991950944410004,-1.002300524448911,-0.995019326303836,-0.9988824096599516,-1.139838883158863,0.0003923081673482,0.9997989510235532,0.9994066386886696,0.9985628331496738,52.723534532104246,53.52979479837029,0,0,0.5111827521542597,1.2002757721412591,1,,1,,,1,,1,1,4.0,1,,1,,0
2016-07-07,-1.0003182967571556,-1.0022844739595815,-0.9968411615672405,-0.9986480364265128,-1.1344217626082695,0.0002896765266662,1.0007807471180017,1.0004907944355932,0.9996976612119042,41.84538313548214,32.48017721455854,0,0,0.6316362390422138,1.2749544928911245,1,,1,,,1,,1,1,4.0,1,,1,,1
2016-07-08,-0.9995252518548776,-1.0027571259221313,-0.9960751294552016,-0.99979063810343,-1.139530520969776,0.0002692288057817,0.9999892839386372,0.999720005560278,0.9989480001028772,50.21386514704432,50.72236776261962,0,0,0.4915370978968316,1.3036073243013035,1,,1,,,1,,1,1,4.0,1,,1,,0
2016-07-09,-1.0000006630184328,-1.0027668343676144,-0.9961705373106174,-0.9990056468195796,-1.1378338049460066,0.0002122158398389,1.0003933621678842,1.0001810245597558,0.9994457462558122,45.6682147896456,41.714140605097185,0,0,0.521850380387902,1.315225044740002,1,,1,,,1,,1,1,4.0,1,,1,,0
2016-07-10,-1.0000495402172085,-1.003190340535371,-0.995925953372192,-0.9994878648342272,-1.1412656007432922,0.0001612301117497,1.0003741933220844,1.0002128765358214,0.9995144064591784,45.18300193659285,40.72273266516363,0,0,0.3378528078541182,1.3161643694275755,1,,1,,,1,,1,1,4.0,1,,1,,0
2016-07-11,-1.000101501256792,-1.002969869663712,-0.995810393819785,-0.9995524760554488,-1.1410289949564376,0.0001153016081033,1.0003605827839674,1.0002452230244454,0.9995833388946834,44.60171673466021,39.39556235854789,0,0,0.2385683949278249,1.2677417007416525,1,,1,,,1,,1,1,4.0,1,,1,,1
2016-07-12,-0.9995854911612,-1.0025000759320886,-0.9957544485180226,-0.9995586160979136,-1.139697570814613,0.000119166957794,0.9998683683224888,0.9997491975369298,0.999104128248446,51.71906376976895,57.66450725477994,0,0,0.2683263681020085,1.0322955620669692,1,,1,,,1,,1,1,4.0,1,,1,,0
2016-07-13,-0.9998935023470756,-1.0026972204839597,-0.99551533668494,-0.9990541276103848,-1.139993393688909,9.626664477191405e-05,1.000149313901094,1.0000530175224545,0.9994350372523518,47.51464895665451,46.50685050824696,0,0,0.2764378826820908,0.9813189881026736,1,,1,,,1,,1,1,4.0,1,,1,,1
2016-07-14,-0.9997832261388444,-1.0028714936847656,-0.9955633841614052,-0.9994168693113356,-1.1414424875463096,8.602471078422713e-05,1.000033007823384,0.9999469661839024,0.9993512724064884,49.21998879624099,51.03007290321558,0,0,0.1052873390153782,0.9667566012141496,1,,1,,,1,,1,1,4.0,1,,1,,1
2016-07-15,-0.9996250814125373,-1.0027460030375954,-0.9953731587470568,-0.9992259965913188,-1.1421832904980334,8.963559866692616e-05,0.9998940794567622,0.9998044372713506,0.9992248108520052,51.81084289944099,57.84566568441373,0,0,0.1089470814636005,0.9637273572356482,1,,1,,,1,,1,1,4.0,1,,1,,0
2016-07-16,-0.9997010829862044,-1.0027645485166938,-0.995364015794772,-0.9990851653106172,-1.1435622255042115,8.538034997862542e-05,0.9999747011379456,0.999889306872973,0.9993281838856586,50.38533351603444,53.109238564887235,0,0,-0.0218804902730738,0.6908754014710283,1,,1,,,1,,1,1,4.0,1,,1,,1
2016-07-17,-0.9991300895378796,-1.0022864882969096,-0.9952813268356108,-0.9991397880084611,-1.1425029238864035,0.0001266228051464,0.9994952664154464,0.9993686772993888,0.998806074522309,59.94002278248703,74.23887802731393,0,0,-0.2941517480277857,0.7092594453971587,1,,1,,,1,,1,1,4.0,1,,1,,0
2016-07-18,-0.9993241570942007,-1.0023108346272207,-0.995075085595774,-0.99859552256196,-1.1427203875699783,0.000142011102507,0.99973717620488,0.999595163924385,0.999039254052374,55.73107416391285,61.64972544615552,0,0,-0.4075709513714884,0.7053403177893094,1,,1,,,1,,1,1,4.0,1,,1,,0
2016-07-19,-0.9993315497355568,-1.0025596493164748,-0.9951059651246756,-0.9988115371989498,-1.143083862101265,0.0001518593743194,0.9997838600385536,0.9996319878421204,0.999083996826798,55.55959537737648,61.12327541823128,0,0,-0.4414205893448923,0.7003241335168292,1,,1,,,1,,1,1,4.0,1,,1,,0
2016-07-20,-0.999550851089636,-1.0025701080934395,-0.9952388159985092,-0.998809458198844,-1.1416129686590024,0.0001403505405215,1.0000027590112073,0.9998623643426368,0.999330549334317,50.26571156753649,45.6908109733151,0,0,-0.4418633525749021,0.6740447314984108,1,,1,,,1,,1,1,4.0,1,,1,,0
2016-07-21,-0.9995714087853712,-1.0027717931597802,-0.9953303992641694,-0.9990409599881908,-1.1431151646333113,0.0001280942814414,1.0000197373148878,0.9998915994722174,0.999376533594614,49.75295031747135,44.29304001641096,0,0,-0.7957488917994835,0.3876354483462281,1,,1,,,1,,1,1,4.0,1,,1,,0
2016-07-22,-1.0000110798374129,-1.0027608518958229,-0.9957562213055322,-0.9990503089626572,-1.1398737269465802,8.195856112813704e-05,1.0003888695231211,1.0003068548403549,0.9998233286773516,39.7471707918728,23.656171905914775,0,0,-0.9407029770914552,-0.0257009329420563,1,,1,,,1,,1,1,4.0,1,,1,,1
2016-07-23,-0.9998602662248032,-1.0030679466107963,-0.9957001829988578,-0.9994839846555548,-1.142717431097521,5.690905634869736e-05,1.0002013763410584,1.0001444396470138,0.99968538077578,44.189479542978795,37.06655572361036,0,0,-1.0132734743626777,-0.0952868468539701,1,,1,,,1,,1,1,4.0,1,,1,,1
2016-07-24,-0.9996852610556758,-1.002865241533933,-0.9955674251299362,-0.9993408935110608,-1.1405769890333912,5.0595366023364896e-05,1.0000222634593487,0.9999716524719344,0.9995295969413678,49.20389115777602,50.5154351653188,0,0,-1.005207456701681,-0.252062950572454,1,,1,,,1,,1,1,4.0,1,,1,,0
2016-07-25,-0.9999048364875052,-1.002903774449452,-0.995548704569757,-0.9991620883145276,-1.142337124207063,2.755616831739971e-05,1.000204687922912,1.000177118608878,0.9997589735296069,43.54048225871363,37.21210334718175,0,0,-0.9845208183210572,-0.2474780351709994,1,,1,,,1,,1,1,4.0,1,,1,,0
2016-07-26,-0.9999754926128076,-1.003072186258852,-0.9957824354043496,-0.9993770625191776,-1.1358716659759858,3.555098371910148e-06,1.000232991483598,1.0002294346538971,0.999836299848242,41.75600353513043,33.434346724657146,0,0,-1.0980353465788966,-0.3783627920065543,1,,1,,,1,,1,1,4.0,1,,1,,1
2016-07-27,-0.9998970467130828,-1.0030351851936692,-0.9957025764518016,-0.9994564598128998,-1.1392889440856608,-9.03188007883582e-06,1.000130749139385,1.0001397843932642,0.999767358154214,44.66145873750957,42.13104781543932,0,0,-1.1337875361848146,-0.449136629593347,1,,1,,,1,,1,1,4.0,1,,1,,1
2016-07-28,-0.9998761832435308,-1.0030310079203577,-0.9955145907475832,-0.9993689367053116,-1.1419740806520298,-1.7126223116337158e-05,1.0000929744843186,1.0001101063068238,0.999756436248155,45.49582545931274,44.69338593018448,0,0,-1.1396915909329337,-0.4567571995954508,1,,1,,,1,,1,1,4.0,1,,1,,1
2016-07-29,-0.9998164007334588,-1.0030249649083731,-0.9955054477952986,-0.9993500261949332,-1.1431058508651677,-1.8503799073088523e-05,1.000028074405579,1.000046582984283,0.9997085530818632,48.0838436188666,52.69573460656325,0,0,-1.1508650152053737,-0.4628332800163214,1,,1,,,1,,1,1,4.0,1,,1,,0
2016-07-30,-0.9998758159420562,-1.003012130387474,-0.99552339204917,-0.9992919521704564,-1.1440846280281405,-2.4111901730017316e-05,1.0000740393205485,1.0000981583696686,0.9997770593868968,45.6008159791719,44.21764135549875,0,0,-1.151710012607537,-0.5873606401273229,1,,1,,,1,,1,1,4.0,1,,1,,0
2016-07-31,-1.0008034218328077,-1.0031004401834336,-0.9964514747813468,-0.9993503636828428,-1.140901057130448,-0.0001022279859601,1.0008475709183062,1.0009499005246163,1.0006769246158784,23.62439798918942,10.167092636750183,0,1,-0.9811295363449946,-0.4880531697443059,1,,1,,,1,,1,1,4.0,1,,1,,0
2016-08-01,-1.0013657734418675,-1.003977089695209,-0.9970261938909826,-1.000282052197469,-1.140414075082346,-0.0002071250123792,1.0011927736297068,1.0014001528149368,1.0011905510095402,17.668201797380576,6.2664658432735365,0,1,-0.90133849058227,-0.546132380028026,1,,1,,,1,,1,0,3.0,1,,1,,0
2016-08-02,-1.003162181562406,-1.0043759798536132,-0.9993445349290024,-1.0008382005746193,-1.1312170703545754,-0.0004302521052306,1.0025278826401645,1.0029591350662788,1.0028691854148268,9.157857810104304,2.378995653911673,0,1,-0.0826515940806271,-0.2915163629105677,1,,1,,,1,,1,1,3.0,1,,1,,1
2016-08-03,-1.0025851397588332,-1.0055628831777017,-0.9990269326442226,-1.002602139867875,-1.136626314721758,-0.0005541317964361,1.0016505247439589,1.002205360897274,1.002202219587604,22.918940726328785,22.871695645806795,0,1,0.0800049732636099,-0.3032707283979233,1,,1,,,1,,1,1,3.0,1,,1,,1
2016-08-04,-1.0022205846550758,-1.005378452066344,-0.998273433418614,-1.0020622449830308,-1.1402642716788056,-0.0006157923234748,1.001088200366066,1.0017043452578978,1.0017656057368098,30.584208606964424,34.460841174143326,0,0,0.1427614317439232,-0.281616078287923,1,,1,,,1,,1,1,3.0,1,,1,,0
2016-08-05,-1.002319741137444,-1.0054149706445348,-0.9981426666140368,-1.0016971203563982,-1.1428672037044734,-0.0006649941956915,1.0010044083074308,1.0016696386817785,1.0017914600375215,29.65858189336403,32.68003438351896,0,1,0.1330717366170406,-0.291241649220031,1,,1,,,1,,1,1,3.0,1,,1,,1
2016-08-06,-1.0019307185349444,-1.0051109414647847,-0.998158619803564,-1.001796435030505,-1.1422218217812192,-0.0006649312475628,1.000521093575736,1.0011858767429158,1.0013475627620312,38.13453498298775,47.00564128860503,0,0,0.1779255877268556,-0.3769301878337299,1,,1,,,1,,1,1,3.0,1,,1,,1
2016-08-07,-1.0017806693568758,-1.0048369090333518,-0.9976191666381772,-1.0014072089192394,-1.1421513810092303,-0.0006453346301509,1.0003141213304685,1.0009591292818667,1.0011505821387392,41.28333788249966,52.23313377252023,0,0,0.1770954065666007,-0.4545914857552956,1,,1,,,1,,1,1,3.0,1,,1,,0
2016-08-08,-1.0018306447311265,-1.0049727373771011,-0.9975808846774904,-1.0012555314110805,-1.1430842668564225,-0.0006266135537127,1.000308002672334,1.0009342483842916,1.0011533923249136,40.49132986738488,50.04107798076618,0,0,0.1778452342858861,-0.473222749556793,1,,1,,,1,,1,1,3.0,1,,1,,0
2016-08-09,-1.0019300156280613,-1.0050299368521045,-0.997682075919996,-1.001307403862148,-1.1417189222965822,-0.0006127321716009,1.0003445513319802,1.0009568993051166,1.0012035115876117,38.78422217205662,45.03084928282224,0,0,0.177107895353647,-0.4730171782633579,1,,1,,,1,,1,1,3.0,1,,1,,1
2016-08-10,-1.0017986000080537,-1.0047626372239449,-0.9976330053894972,-1.0014109660360222,-1.141249190561348,-0.0005843904447424,1.0001805156381218,1.0007644081788245,1.0010301012293108,42.48438097156844,53.279209048764585,0,0,0.1829065003530567,-0.4679499994625714,1,,1,,,1,,1,1,3.0,1,,1,,0
2016-08-11,-1.0018897243343157,-1.004836037621484,-0.9975475167926736,-1.001274227495439,-1.1424982385814804,-0.0005627948449427,1.0002297150671435,1.0007920224371607,1.001077141405483,40.52458519340297,46.788216147105885,0,0,0.1785335981811827,-0.508079239930132,1,,1,,,1,,1,1,3.0,1,,1,,0
2016-08-12,-1.0019374082694172,-1.005065435419772,-0.9977126156962592,-1.0013758355956714,-1.142731254366065,-0.000543265445678,1.000234645369983,1.000777409173942,1.0010806297196766,39.42645233193786,43.1226948045612,0,0,0.1725188138072518,-0.5143051415148795,0,5232.89013671875,0,95.72000122070312,,1,,1,1,3.0,1,,1,,0
2016-08-13,-1.001997617744148,-1.00506952280007,-0.9976762925329064,-1.0014198563252634,-1.1438599493199055,-0.0005265766100996,1.000249394669697,1.0007754601684462,1.001096001903521,37.929015414517586,38.09776243312754,0,0,0.1722618490319961,-0.5183856253345788,1,5232.89013671875,1,95.72000122070312,,1,,1,1,3.0,1,,1,,0
2016-08-14,-1.0024593436649407,-1.0051929972753606,-0.9983044059524278,-1.0014738674428072,-1.143099357184591,-0.0005443332755064,1.0006009700955485,1.0011449163389228,1.0014961499106392,28.38852025175663,17.384583151201085,0,1,0.0855893573358929,-0.5031510432064641,1,5232.89013671875,1,95.72000122070312,,1,,1,1,3.0,1,,1,,0
2016-08-15,-1.002558104878717,-1.005556269620263,-0.9983523281569704,-1.0019350064474148,-1.143257246892264,-0.0005599203520605,1.0005918617227978,1.0011513273317283,1.0015321785933742,26.72918142699656,15.0508591826504,0,1,0.0436312389841336,-0.5032121553419748,0,5262.02001953125,0,95.62999725341795,,1,,1,1,3.0,1,,1,,1
2016-08-16,-1.0022465493268344,-1.005311063493417,-0.9982442317742508,-1.0020343229860955,-1.1432069648629228,-0.0005408981560248,1.0002376888983122,1.0007779228346787,1.001173005622458,39.58339762969161,45.70697179876096,0,0,-0.9200494427559008,-0.5303205603383284,0,5227.10986328125,0,94.79000091552734,,1,,1,1,3.0,1,,1,,0
2016-08-17,-1.002375552316851,-1.0053364316688025,-0.9980976370520688,-1.0017130065276094,-1.1433812823505902,-0.0005301214813426,1.0003100414848678,1.0008395147172655,1.0012507528344887,36.522250029477654,38.11350643995363,0,0,-1.0643403943707386,-0.5309109073493533,0,5228.66015625,0,94.72000122070312,,1,,1,1,3.0,1,,1,,1
2016-08-18,-1.00234188922992,-1.0054296690695557,-0.9980354414405964,-1.0018368534029634,-1.143141350532221,-0.0005129515728041,1.0002339073911155,1.000746162137779,1.001169341217754,37.9666858651448,41.49525678624149,0,0,-1.14221255785623,-0.5295693731689729,0,5240.14990234375,0,94.16000366210938,,1,,1,1,3.0,1,,1,,1
2016-08-19,-1.0023018104862664,-1.0054162640032018,-0.998012055450333,-1.0018175457383047,-1.1435489653732784,-0.0004904565985546,1.0001640752812326,1.0006538058007284,1.0010849746671575,39.847049030906376,46.16516109635799,0,0,-1.1467156746212326,-0.5285164300212777,0,5238.3798828125,0,94.51000213623048,,1,,1,1,3.0,1,,1,,1
2016-08-20,-1.0021164779929346,-1.0052786011081518,-0.9979724068868552,-1.0017642375651914,-1.1437834681931172,-0.0004524587235512,0.9999823475408944,1.0004340386642276,1.0008645477573557,48.221421124469565,63.92117551242554,0,0,-1.2247394357650083,-0.5181438563876498,1,5238.3798828125,1,94.51000213623048,,1,,1,1,3.0,1,,1,,0
2016-08-21,-1.0021283621533388,-1.0052383235343458,-0.997824348760851,-1.0015853708377132,-1.144091522064362,-0.0004184801080846,0.9999950977123744,1.0004128593933947,1.000842018834544,47.72977844411489,62.16808148772566,0,0,-1.2443770615977836,-0.5327698154020879,1,5238.3798828125,1,94.51000213623048,,1,,1,1,3.0,1,,1,,1
2016-08-22,-1.0019620305195425,-1.0051093784270766,-0.9978126567147492,-1.0016045573050565,-1.1425717280397103,-0.0003738210612698,0.9998554055600885,1.0002285259108417,1.0006493775835374,55.119404155840435,74.97568236831945,0,0,-1.221586076585516,-0.5306973404532143,0,5244.60009765625,0,94.5199966430664,,1,,1,1,3.0,1,,1,,0
2016-08-23,-1.0020639986294428,-1.0050785396197126,-0.9977803156800849,-1.0014377581010614,-1.142021560191854,-0.0003427059187002,0.9999637499228224,1.000305842150633,1.0007217315467891,50.1084912978447,58.72531957917726,0,0,-1.2211721192738034,-0.5382708391059791,0,5260.080078125,0,94.54000091552734,,1,,1,1,3.0,1,,1,,0
2016-08-24,-1.0021627579787444,-1.0052553958687498,-0.9978356384183534,-1.0015403730713002,-1.1432983427393262,-0.0003223007161332,1.0000527168086923,1.0003744593591046,1.0007881623260058,45.4872004531137,45.88291788674753,0,0,-1.2317132343008412,-0.5404375327410244,0,5217.68994140625,0,94.79000091552734,,1,,1,1,3.0,1,,1,,0
2016-08-25,-1.0022367142238957,-1.0053497468421426,-0.9979814245672172,-1.0016391078628664,-1.1397874525047762,-0.000308540434919,1.000107051050092,1.000415063656042,1.0008281845408162,42.12992337923433,37.65983536883229,0,0,-1.2329486908552945,-0.5404465795129603,0,5212.2001953125,0,94.7699966430664,,1,,1,1,3.0,1,,1,,1
2016-08-26,-1.0021789789068145,-1.0053445770765774,-0.9979288388306498,-1.0017132507868147,-1.143627047922648,-0.0002896377911816,1.0000418321871531,1.0003309479763614,1.0007402911178436,45.73747523014041,47.46087021757904,0,0,-1.2290442835198443,-0.5409401704758515,0,5218.919921875,0,95.56999969482422,,1,,1,1,3.0,1,,1,,0
2016-08-27,-1.0024754117061023,-1.0053679621020069,-0.9981847105285182,-1.0016613466379878,-1.1431500747656782,-0.0002951743729124,1.0002856744901636,1.0005803750424462,1.0009956187572686,33.40183991983797,22.85854901128893,0,0,-1.179182250537014,-0.5347182757348018,1,5218.919921875,1,95.56999969482422,,1,,1,1,3.0,1,,1,,1
2016-08-28,-1.0023542917142327,-1.0055425031473026,-0.9981501924196852,-1.0019552911488945,-1.1419796592339884,-0.0002864863464508,1.0001394587489842,1.0004254336779943,1.0008403476498966,40.91471478102175,39.84615240220375,0,0,-1.312522116899664,-0.5310804711895653,1,5218.919921875,1,95.56999969482422,,1,,1,1,3.0,1,,1,,1
2016-08-29,-1.0023483347182347,-1.0054751751145683,-0.9980343519544824,-1.0018257330831155,-1.1409195350833077,-0.0002759394844831,1.0001129718389523,1.0003884028803478,1.0008016518650271,41.29056190377776,40.702462722621085,0,0,-1.3228586759320995,-0.5300793690100704,0,5232.330078125,0,95.58000183105467,,1,,1,1,3.0,1,,1,,1
2016-08-30,-1.002244595357568,-1.0054126866281656,-0.9980141698885404,-1.001824418558385,-1.1426817862465524,-0.0002562561594754,1.0000080078445877,1.000263759587508,1.0006706788249335,47.94428163155308,55.43344805551124,0,0,-1.3997565214003556,-0.6215865539713201,0,5222.990234375,0,96.0500030517578,,1,,1,1,3.0,1,,1,,0
2016-08-31,-1.002306637610723,-1.0054275941920348,-0.9980288475821292,-1.0017181993664384,-1.1424398792230126,-0.0002428636924476,1.0000591553715474,1.0003015475590369,1.0007038730858244,44.46665508575208,46.26791372732042,0,0,-1.4130168651400397,-0.6613045410104517,0,5213.22021484375,0,96.0199966430664,,1,,1,1,3.0,1,,1,,0
2016-09-01,-1.0024034429907585,-1.0054741844568662,-0.9980856944621218,-1.0017806719211837,-1.142392254323293,-0.0002373257079422,1.0001317799596294,1.000368655129247,1.0007691064371045,39.33052819273948,34.42597492209798,0,0,-1.4045521619941297,-1.3713506179927155,0,5227.2099609375,0,95.6500015258789,,1,,1,0,3.0,1,,1,,1
2016-09-02,-1.0023046519453902,-1.0054942617863003,-0.9981168871708296,-1.0018764756022869,-1.14226082328431,-0.0002224014975689,1.000028102991598,1.0002500548317064,1.0006441663306327,46.59419246642942,51.3638494924081,0,0,-1.3961257737649,-1.4845638317286998,0,5249.89990234375,0,95.87999725341795,,1,,1,1,3.0,1,,1,,1
2016-09-03,-1.001611986620747,-1.004777185215759,-0.998015973045001,-1.0017803978287931,-1.1387806680446837,-0.0001529188966202,0.999438952020528,0.9995914768185116,0.9999545053583908,72.87101559106395,85.7570275234866,1,0,-1.094419006748761,-1.3746515667889956,1,5249.89990234375,1,95.87999725341795,,1,,1,1,3.0,1,,1,,1
2016-09-04,-1.0012936201435492,-1.0044063691959086,-0.9973071920996136,-1.0010766963813618,-1.1414674989513394,-7.134153989984959e-05,0.9992563639894562,0.9993275124974575,0.9996509091476214,78.48506470108458,90.06327514897042,1,0,-1.0584371450980132,-1.3552503636942077,1,5249.89990234375,1,95.87999725341795,,1,,1,1,3.0,1,,1,,0
2016-09-05,-1.0013560576652962,-1.0044899880441924,-0.9971394510972984,-1.0007589860091577,-1.1421492516451388,-1.1595418393239854e-05,0.99942343335064,0.9994349998510242,0.9997244864609516,74.97414864373093,83.46458600382009,1,0,-1.0591031990547268,-1.394462099711487,1,5249.89990234375,1,95.87999725341795,,1,,1,1,3.0,1,,1,,1
2016-09-06,-1.0012385733986835,-1.0044366356232668,-0.9970508534791248,-1.000834870445302,-1.142321611173725,4.4718326771997496e-05,0.9994128553364732,0.999368246751196,0.9996225919768602,77.18953522029352,86.03210509977072,1,0,-1.0695753845084324,-1.3970410863691136,0,5275.91015625,0,94.81999969482422,,1,,1,1,3.0,1,,1,,1
2016-09-07,-1.0011130830786077,-1.0043249738238011,-0.9969444368790026,-1.0007106264156678,-1.142475449106287,9.833979564799478e-05,0.9993971287149016,0.9992990262936906,0.999517008235406,79.4334228382686,88.56159682617228,1,0,-1.083028268296012,-1.3954331888467753,0,5283.93017578125,0,94.95999908447266,,1,,1,1,3.0,1,,1,,1
2016-09-08,-1.0007534781546232,-1.0038974077940162,-0.9967786546740212,-1.0005865352811083,-1.1419615596392112,0.0001679166692376,0.999185998151066,0.999018509040232,0.999190970439391,84.48109685349147,93.2393983505982,1,0,-1.062941481333852,-1.3707102844850727,0,5259.47998046875,0,95.02999877929688,,1,,1,1,3.0,1,,1,,0
2016-09-09,-1.000859018597648,-1.0039557190071076,-0.9965790376616024,-1.0002285911292803,-1.1429366148145366,0.0002120957038687,0.9994003274045536,0.9991887126370652,0.9993239217135672,77.99839378445638,80.37653411578853,1,0,-1.0430351815248842,-1.368121437302915,0,5125.91015625,0,95.33999633789062,,1,,1,1,3.0,1,,1,,1
2016-09-10,-1.000839225336454,-1.0040078697969312,-0.9965127365475784,-1.000333221704106,-1.1437959892059355,0.0002458708121919,0.9994758110380844,0.999230464117243,0.9993314284567316,78.35776642884545,81.03090215519819,1,0,-1.1312409957883418,-1.3726949919704377,1,5125.91015625,1,95.33999633789062,,1,,1,1,3.0,1,,1,,0
2016-09-11,-1.0013521180306972,-1.0038959658366935,-0.9971934376017266,-1.0003180384773251,-1.142537992577204,0.0002286163281501,0.9999898503941984,0.999761599510241,0.9998496828936364,52.64674950593795,37.651825859722095,0,0,-0.9528069657535112,-1.2959180294090644,1,5125.91015625,1,95.33999633789062,,1,,1,1,3.0,1,,1,,1
2016-09-12,-1.001305563967137,-1.004507902437643,-0.9970409019535222,-1.0008196256875763,-1.1425731225092195,0.000216206257938,0.9999520731442996,0.9997362160926344,0.9998109149196098,54.21997936080063,41.44549751768903,0,0,-0.9545444390357444,-1.297612162793295,0,5211.89013671875,0,95.0999984741211,,1,,1,1,3.0,1,,1,,1
2016-09-13,-1.001275076080264,-1.0044257255466815,-0.996993820589308,-1.000788464925454,-1.1419524262510834,0.0002064514616202,0.9999336831354384,0.9997275644230648,0.9997890796461372,55.3411395203253,44.39957948926854,0,0,-0.9542779054223364,-1.371194189366206,0,5155.25,0,95.62999725341795,,1,,1,1,3.0,1,,1,,1
2016-09-14,-1.001230996174353,-1.0044029110667068,-0.996947640803324,-1.000763537434501,-1.1436701235503737,0.0001999724374937,0.9999066357312736,0.9997069863209096,0.9997550601553518,57.09409148799663,49.327737394634184,0,0,-0.962611230805502,-1.3775720220930252,0,5173.77001953125,0,95.33000183105467,,1,,1,1,3.0,1,,1,,0
2016-09-15,-1.001338798224935,-1.0044289415151118,-0.9969866668033084,-1.0007101677304426,-1.1431603564265909,0.0001840177970346,1.0000120959022265,0.9998283534597868,0.999868086766984,51.40076332481641,38.26755372808136,0,0,-0.9617773586185008,-1.396401972608992,0,5249.68994140625,0,95.29000091552734,,1,,1,1,3.0,1,,1,,0
2016-09-16,-1.0013443580878667,-1.004483796433553,-0.9969997292483204,-1.0008122643490855,-1.1429184360285327,0.0001689771318598,1.0000149332199244,0.9998462063819736,0.9998785932166376,51.097541799566905,37.68647831567687,0,0,-0.9593250663143033,-1.404522418002233,0,5244.56982421875,0,96.11000061035156,,1,,1,1,3.0,1,,1,,0
2016-09-17,-1.0013745700325152,-1.004525906724108,-0.9970477121907648,-1.0008131183240168,-1.144142516814742,0.0001528573999489,1.0000381655500707,0.9998855296233178,0.9999123386259444,49.27499151366348,33.95129845852337,0,0,-1.188997575782884,-1.4032732142860254,1,5244.56982421875,1,96.11000061035156,,1,,1,1,3.0,1,,1,,1
2016-09-18,-1.00125573961532,-1.004456834033087,-0.9970270632022024,-1.0008416817344374,-1.143634852657975,0.0001479653652087,0.999931878458142,0.9997841406303398,0.9998017710365854,56.34206420226438,56.54041397300405,0,0,-1.2422153469785835,-1.401166973363961,1,5244.56982421875,1,96.11000061035156,,1,,1,1,3.0,1,,1,,0
2016-09-19,-1.0012755049093969,-1.0044335700880431,-0.996951993053602,-1.0007320727468028,-1.1433657344731123,0.000140869640854,0.9999590607571052,0.9998184018750574,0.999828506129022,54.874781495228824,52.554232765007995,0,0,-1.2447620900164404,-1.4082749781042987,0,5235.02978515625,0,95.83999633789062,,1,,1,1,3.0,1,,1,,0
2016-09-20,-1.001303455246488,-1.0044758601646262,-0.9969623184969127,-1.0007509198616622,-1.1425775839669423,0.000131475304103,0.9999889782706912,0.9998576942480074,0.9998620460389612,52.6380566173571,46.387921125363526,0,0,-1.2532740097620805,-1.4078224074728092,0,5241.35009765625,0,96.0199966430664,,1,,1,1,3.0,1,,1,,0
2016-09-21,-1.001644458308478,-1.0046543106387436,-0.9973372023172952,-1.0009240120031966,-1.142134759650682,9.541425122927548e-05,1.0002788220513912,1.0001835204008118,1.0001946132104975,33.446517521620294,15.948230389332196,0,0,-1.2003512165884478,-1.3758448424096787,0,5295.18017578125,0,95.66000366210938,,1,,1,1,3.0,1,,1,,0
2016-09-22,-1.001670454676303,-1.004807633263696,-0.9973269395099456,-1.0011167474327252,-1.1428250827709785,6.4000163354061e-05,1.0002578811953469,1.0001939588902655,1.0002119202360382,32.40718720086231,14.950993125158844,0,0,-1.3092489357524006,-1.3794525810944347,0,5339.52001953125,0,95.4499969482422,,1,,1,1,3.0,1,,1,,1
2016-09-23,-1.0014705513148257,-1.0046658224481553,-0.9973402183337328,-1.0011497410711736,-1.1435298098954807,5.460534655132854e-05,1.0000492962622003,0.9999947686950664,1.0000118252836825,47.01567938564809,48.17590720275745,0,0,-1.264152049785,-1.3739459427067302,0,5305.75,0,95.4800033569336,,1,,1,1,3.0,1,,1,,0
2016-09-24,-1.0014771795216404,-1.004624493676454,-0.9971455780331452,-1.0009431667727802,-1.1442208633348667,4.609370610175745e-05,1.0000473123381757,1.00000128438362,1.000017720535455,46.63011648929243,47.35800253500039,0,0,-1.26594451225096,-1.376693813156508,1,5305.75,1,95.4800033569336,,1,,1,1,3.0,1,,1,,0
2016-09-25,-1.001532134907256,-1.0046605334367555,-0.9972181598258304,-1.0009496424385802,-1.144281651400262,3.451585212665975e-05,1.000086466476679,1.000051998654509,1.000069748740214,43.23793139509383,39.874266836655025,0,0,-1.451212565431331,-1.3752452342925148,1,5305.75,1,95.4800033569336,,1,,1,1,3.0,1,,1,,1
2016-09-26,-1.0013116719855688,-1.004517399909727,-0.997198319410586,-1.0010089694568427,-1.1431740301117068,4.263832664386235e-05,0.9998868853368356,0.9998443143098616,0.9998555046112368,57.536733268396326,67.41607667857045,0,0,-1.404339007659689,-1.3994110289998496,0,5257.490234375,0,95.30999755859376,,1,,1,1,3.0,1,,1,,0
2016-09-27,-1.0013690101695836,-1.0045142444814898,-0.9970813609883776,-1.0007885581541585,-1.1436021642794638,4.394219568437663e-05,0.9999527350757544,0.9999088590284946,0.9999161803234512,53.49289464574769,58.1751281541954,0,0,-1.402776141596652,-1.399268570576393,0,5305.7099609375,0,95.44000244140624,,1,,1,1,3.0,1,,1,,0
2016-09-28,-1.0014129371885865,-1.0045640782330207,-0.9970659050904218,-1.0008429048950378,-1.143632952068538,4.095883007582124e-05,0.9999971230475524,0.999956223916229,0.9999616104682724,50.36390778106175,51.030069901165255,0,0,-1.404319829660954,-1.3977125073158692,0,5318.5498046875,0,95.43000030517578,,1,,1,1,3.0,1,,1,,1
2016-09-29,-1.0013834598468871,-1.0045570463978857,-0.9970584096537244,-1.0008802970637547,-1.1433278018755997,4.0506136927520586e-05,0.9999726584175772,0.9999322120897736,0.9999348354448296,52.51457142321895,55.878629513662645,0,0,-1.412014341813495,-1.399553524399208,0,5269.14990234375,0,95.54000091552734,,1,,1,1,3.0,1,,1,,1
2016-09-30,-1.0012599868882102,-1.004469549308152,-0.997080364507176,-1.00085903346088,-1.1433073969362273,4.953954911957048e-05,0.9998725319346928,0.9998230697858684,0.9998189303116808,60.73683917719149,71.58913101678918,0,0,-1.3986240094361315,-1.3999593289363663,0,5312.0,0,95.45999908447266,,1,,1,1,3.0,1,,1,,1
2016-10-01,-1.0011302213281268,-1.0043041736811542,-0.9969004019001768,-1.0007302995368472,-1.1432970756797014,6.640412415870323e-05,0.9997824843295816,0.9997161884205708,0.999701530173242,67.55042542937235,81.04630341471966,0,0,-1.3881190751102157,-1.4036178832304045,1,5312.0,1,95.45999908447266,,1,,1,0,3.0,1,,1,,0
2016-10-02,-1.0012246420452886,-1.004341204099158,-0.9969080833466988,-1.0006075229270186,-1.1440497090967483,7.132823116329234e-05,0.9998957332001,0.9998245121423384,0.9998038217838264,58.96018891524638,61.262214127201105,0,0,-1.3891331923611732,-1.3995024550394677,1,5312.0,1,95.45999908447266,,1,,1,1,3.0,1,,1,,1
2016-10-03,-1.0011867335499425,-1.0043843967749806,-0.9968840444239908,-1.0006985588921844,-1.143717611889223,7.73973319361243e-05,0.9998797377720184,0.9998024567475244,0.999775142781494,61.24336920945013,65.73922385692426,0,0,-1.3886622313113783,-1.558416551801048,0,5300.8701171875,0,95.75,,1,,1,1,3.0,1,,1,,0
2016-10-04,-1.0012456602662232,-1.0043998455314835,-0.99691439629237,-1.0006654440564202,-1.143585481327739,7.656959783064465e-05,0.999948035138942,0.9998715745968694,0.9998404957141642,55.68675359273844,53.03542219526488,0,0,-1.386085970853966,-1.594525960722683,0,5289.66015625,0,96.12000274658205,,1,,1,1,3.0,1,,1,,1
2016-10-05,-1.0011751868594208,-1.0043469444101778,-0.996910104779994,-1.0007214707785508,-1.1427814306311237,8.067031042346962e-05,0.9998964737229616,0.9998159212763622,0.9997791340742952,60.61752853442655,64.09845175560704,0,0,-1.515982916167372,-1.59452594327953,0,5316.02001953125,0,96.12999725341795,,1,,1,1,3.0,1,,1,,1
2016-10-06,-1.001159607310576,-1.0043467958115224,-0.9968525119626446,-1.000652675453081,-1.1432770534979244,8.420661267138918e-05,0.9998992331382875,0.9998151480806852,0.9997728456633428,61.70447257317058,66.42939232230297,0,0,-1.5201322230773953,-1.599593307957073,0,5306.85009765625,0,96.66000366210938,,1,,1,1,3.0,1,,1,,1
2016-10-07,-1.0010343631011327,-1.0042237708013004,-0.9968415658538996,-1.0006484596510723,-1.1429576796807963,9.600859139458072e-05,0.9998088866368542,0.9997130230986736,0.99966158300971,69.51014415140888,80.20508001225254,0,0,-1.546155737587251,-1.5996681975404257,0,5292.39990234375,0,96.5199966430664,,1,,1,1,3.0,1,,1,,1
2016-10-08,-1.0009736651340857,-1.0041655494812227,-0.9966699053588568,-1.000503869389014,-1.143913495787585,0.0001090030439889,0.9997869834997972,0.9996781447235084,0.999616610584816,72.62978645926579,84.35383069828477,1,0,-1.5473805835882557,-1.6510193338184629,1,5292.39990234375,1,96.5199966430664,,1,,1,1,3.0,1,,1,,0
2016-10-09,-1.0010456338494296,-1.0041851168053957,-0.9966927314215877,-1.0004479340310135,-1.144049990665554,0.0001122005888833,0.9998805770867564,0.9997685330218908,0.9997006944760088,63.71143957756502,63.36016679761332,0,0,-1.5433878665746297,-1.6532852246107177,1,5292.39990234375,1,96.5199966430664,,1,,1,1,3.0,1,,1,,1
2016-10-10,-1.00097714610796,-1.0041213955005184,-0.9967054806867932,-1.0005197238624657,-1.1428076693241842,0.0001188905582609,0.9998410615297992,0.999722338883232,0.9996467133127672,68.02291106830434,72.15362846085245,0,0,-1.5947814539633762,-1.6512130509125171,0,5328.669921875,1,96.5199966430664,,1,,1,1,3.0,1,,1,,1
2016-10-11,-1.0003027172083103,-1.0034973453573306,-0.9966338631082998,-1.0004459184264267,-1.1412190539001363,0.0001765777050872,0.9992954004379326,0.9991191559294976,0.9990134085108732,86.39260651387114,93.29188248280354,1,0,-1.2612332121464924,-1.5956758610283428,0,5246.7900390625,0,97.6999969482422,,1,,1,1,3.0,1,,1,,0
2016-10-12,-1.000451789401746,-1.0035196791848648,-0.9960907390959716,-0.9997850481103208,-1.1417126704132177,0.0002078701071974,0.9995297711585878,0.9993222333824476,0.9991951135496534,75.3525928961752,76.23646174230578,1,0,-1.2399283603279112,-1.5839598747719037,0,5239.02001953125,0,97.97000122070312,,1,,1,1,3.0,1,,1,,1
2016-10-13,-1.0004336443360016,-1.0035949416519745,-0.9961198477354228,-0.9999329349393632,-1.1430654985357322,0.0002314655259789,0.9995867436412034,0.99935562308335,0.999209240606354,75.78715186847211,76.92121202357366,1,0,-1.2392329481070563,-1.5839218603587155,0,5213.330078125,0,97.5199966430664,,1,,1,1,3.0,1,,1,,1
2016-10-14,-1.0003239181477452,-1.003521242222573,-0.996058305056395,-0.9999030588687862,-1.143218429992721,0.0002560672676661,0.999557519307786,0.9993018268685429,0.9991349260588426,78.43952957229955,81.27228517535042,1,0,-1.2404345254168538,-1.5817553882325788,0,5214.16015625,0,98.0199966430664,,1,,1,1,3.0,1,,1,,0
2016-10-15,-1.0003768263403698,-1.0034966849188625,-0.9960464251024091,-0.999802155577558,-1.1440591416517318,0.0002682033944463,0.9996703076698106,0.999402453845412,0.9992195986103456,73.93352680415366,72.48629596699104,1,0,-1.235922760886405,-1.5866629433937671,1,5214.16015625,1,98.0199966430664,,1,,1,1,3.0,1,,1,,1
2016-10-16,-1.000285642350924,-1.0034727587007992,-0.9959994367431072,-0.9998396689435908,-1.1440035890063134,0.0002819292434241,0.999643905321108,0.999362336611075,0.9991626671676548,76.60595124266598,77.96113968477823,1,0,-1.250670282866731,-1.5861068405835148,1,5214.16015625,1,98.0199966430664,,1,,1,1,3.0,1,,1,,0
2016-10-17,-1.0003601169199836,-1.003489891575396,-0.9960068372768331,-0.9997561173788052,-1.143221993597915,0.000283529253571,0.9997616553038384,0.9994784434586298,0.9992669554844504,69.85651652352634,64.07610639631184,0,0,-1.2395637387279603,-1.5834398251313222,0,5199.81982421875,0,97.88999938964844,,1,,1,1,3.0,1,,1,,0
2016-10-18,-1.0003977811691716,-1.0035377421769711,-0.9960897767798392,-0.9998296487224536,-1.142892773671621,0.0002785471646786,0.999830169158058,0.9995519047820624,0.999331831781871,66.44059692938204,57.20590231107439,0,0,-1.2427048087136312,-1.584776763925156,0,5243.83984375,0,97.9000015258789,,1,,1,1,3.0,1,,1,,0
2016-10-19,-1.0006250550161735,-1.0035937088335003,-0.9963380296671472,-0.999868661206051,-1.142724052539943,0.0002533393845642,1.000048496078759,0.9997953544829358,0.9995761556025474,49.56544245509893,30.71217756826445,0,0,-1.1980345568512454,-1.5629210871910812,0,5246.41015625,0,97.87000274658205,,1,,1,1,3.0,1,,1,,1
2016-10-20,-1.0006147612525098,-1.0038028183289542,-0.9963304108565866,-1.0000968925324512,-1.14327066540565,0.000231523795712,1.000032329864562,0.9998009868821808,0.999582890130906,50.22611822549423,32.597314266434054,0,0,-1.197861853916999,-1.5638048916221448,0,5241.830078125,0,98.31999969482422,,1,,1,1,3.0,1,,1,,1
2016-10-21,-1.0005545517777792,-1.0037373835531624,-0.9962546574065904,-1.0000919439528275,-1.1433149377007992,0.000216596397351,0.9999764391142948,0.9997600198134736,0.9995414501349456,54.26915715050098,44.395724752040685,0,0,-1.2023141203062546,-1.6186691545012362,0,5257.39990234375,0,98.6999969482422,,1,,1,1,3.0,1,,1,,1
2016-10-22,-0.9998071753136784,-1.003012911906328,-0.9961876103552096,-1.0000213455842162,-1.1423204060592376,0.0002620525821261,0.99934795649673,0.999086263614289,0.9988420372445708,78.8615826508547,85.73178936699843,1,0,-0.9820555959677918,-1.4635807890797972,1,5257.39990234375,1,98.6999969482422,,1,,1,1,3.0,1,,1,,0
2016-10-23,-0.9998139881034678,-1.002924783730947,-0.9955334365796848,-0.9992733493148024,-1.1433798921046132,0.000294136577484,0.99945397870062,0.9991601949632046,0.9988939369201796,78.41803367048674,84.96410843116686,1,0,-0.9891778871990852,-1.4692209657323063,1,5257.39990234375,1,98.6999969482422,,1,,1,1,3.0,1,,1,,0
2016-10-24,-0.9999151004195768,-1.003041316264116,-0.9955735843327936,-0.999287400745113,-1.1430392114480332,0.0003078556873483,0.9996234819718748,0.9993159266030136,0.9990343316128468,71.52861049404969,72.17492003053293,1,0,-0.9756944710023978,-1.4634229955247429,0,5309.830078125,0,98.66999816894533,,1,,1,1,3.0,1,,1,,1
2016-10-25,-0.9997981941400564,-1.002825745478981,-0.9955392826027358,-0.9993839055060726,-1.1418002823068476,0.0003244218078324,0.9995824842818236,0.9992583730171548,0.9989599340290248,74.51553423674045,77.41560896858948,1,0,-1.1550378561550465,-1.4662717050328025,0,5283.39990234375,0,98.72000122070312,,1,,1,1,3.0,1,,1,,1
2016-10-26,-0.9991653709886686,-1.002365748251303,-0.9954155139432848,-0.9992716078026062,-1.1418663496113652,0.0003841854663526,0.9991112236550774,0.9987275478398544,0.9983931187595596,84.60386915709802,90.42775620717256,1,0,-1.0357970897062394,-1.3923096312351737,0,5250.27001953125,0,98.62999725341795,,1,,1,1,3.0,1,,1,,1
2016-10-27,-0.9988596214103502,-1.0020992613293698,-0.9947823004380694,-0.9986442494765444,-1.1415483443946126,0.0004510209433344,0.998989075537676,0.9985386553236348,0.998162463549606,87.38731576709338,93.01887899683462,1,0,-1.0233319320260572,-1.3857061547561715,0,5215.97021484375,0,98.88999938964844,,1,,1,1,3.0,1,,1,,1
2016-10-28,-0.9988187484005636,-1.0020436560794468,-0.9945919193828474,-0.9983452948550694,-1.142206502326435,0.0005015056062139,0.9991098690040664,0.998608915066802,0.9981951481156582,87.72949404168249,93.34020409736848,1,0,-1.0213299575561878,-1.389656657194151,0,5190.10009765625,0,98.3499984741211,,1,,1,1,3.0,1,,1,,1
2016-10-29,-0.998060313738258,-1.001143199595443,-0.9944087528515272,-0.9982753677331292,-1.1398476821840344,0.0005958458637967,0.9986045188022892,0.998009534703168,0.9975374419512552,92.23810086847452,96.88617045888824,1,0,-0.9074872291673838,-1.3018894605731457,1,5190.10009765625,1,98.3499984741211,,1,,1,1,3.0,1,,1,,0
2016-10-30,-0.9984456707839088,-1.0013320794937046,-0.9942090124652454,-0.9975474119059896,-1.141347739643266,0.0006322281717792,0.9991453245660756,0.9985135937712654,0.998003901277135,75.8903042819192,71.20268634956247,1,0,-0.8215161400498758,-1.2555094782819272,1,5190.10009765625,1,98.3499984741211,,1,,1,1,3.0,1,,1,,0
2016-10-31,-0.9984729200785916,-1.00147722552351,-0.9943580632763324,-0.9978980543856976,-1.1415061484934237,0.0006513542166707,0.9992997972157828,0.9986487844342948,0.9981082027033268,74.80852211883575,69.46649248580637,1,0,-0.8276235761882338,-1.253070983783114,0,5189.14013671875,0,98.4499969482422,,1,,1,1,3.0,1,,1,,1
2016-11-01,-0.9975925077661504,-1.0006607786472173,-0.9940578149489404,-0.9979378611778555,-1.1400339571949485,0.0007291484908212,0.998661613913094,0.9979331926283976,0.9973365239506712,83.55017494361665,85.1088051552808,1,0,-0.7094145820715473,-1.1603510273954218,0,5153.580078125,0,97.6999969482422,,1,,1,0,4.0,1,,1,,1
2016-11-02,-0.9972553865400504,-1.0005292193043445,-0.9934043871107728,-0.9970602136139586,-1.1420428538327685,0.0008086818975417,0.9985815916349954,0.997773637121416,0.9971168170636714,85.73693296538687,88.19615864327383,1,0,-0.7680497701708022,-1.155532387040491,0,5105.56982421875,0,97.4000015258789,,1,,1,1,4.0,1,,1,,0
2016-11-03,-0.9988477987776044,-1.0003806151453374,-0.9947786922270888,-0.9966850687661888,-1.1381737992786232,0.0007347486115203,1.0001490218890636,0.999413747412232,0.9987595723708184,49.716097038093814,38.25028413200364,0,0,-0.1241388593951987,-0.7612038814641293,0,5058.41015625,0,97.16000366210938,,1,,1,1,4.0,1,,1,,1
2016-11-04,-0.9984037909578972,-1.0015481309312804,-0.994548351326642,-0.998310956858705,-1.1413810573280572,0.0007038698959928,0.9997498957155756,0.9990457493960234,0.99838155161744,55.70349741935277,48.989720800719326,0,0,-0.1098942648120453,-0.745892192895071,0,5046.3701171875,0,97.06999969482422,,1,,1,1,4.0,1,,1,,1
2016-11-05,-0.9983981993988992,-1.0015306971902702,-0.9941697036544056,-0.9978710180614532,-1.143411669784019,0.0006721019110865,0.999783627087719,0.9991111907334757,0.998439548637184,55.780007416539675,49.13825239598159,0,0,-0.1877472373103992,-0.7456349163095282,1,5046.3701171875,1,97.06999969482422,,1,,1,1,4.0,1,,1,,1
2016-11-06,-0.9981506437983868,-1.001327871033021,-0.9941130750512478,-0.9978622508341016,-1.143141104159516,0.0006593012082967,0.9996071263716776,0.9989475580122716,0.9982627622451984,59.36536792751544,56.59837135117167,0,0,-0.1871823720249373,-0.743298472428201,1,5046.3701171875,1,97.06999969482422,,1,,1,1,4.0,1,,1,,0
2016-11-07,-0.9984069680224292,-1.001433731981274,-0.9941024079572393,-0.9976507279560846,-1.1429147536364987,0.0006213112471185,0.9998847722637468,0.999262999959404,0.9985771065394996,54.12263318056023,47.06752500239358,0,0,-0.1717399675980207,-0.7286294758775604,0,5166.169921875,0,97.77999877929688,,1,,1,1,4.0,1,,1,,1
2016-11-08,-0.9982017788757708,-1.001366073729306,-0.9940250677295578,-0.9978843385787224,-1.1422718220657742,0.0006008349274431,0.9997286076431044,0.9991273787942594,0.9984356302930568,57.58266977934814,55.13186803377477,0,0,-0.1703456673198732,-0.7309952455831614,0,5193.490234375,0,97.86000061035156,,1,,1,1,4.0,1,,1,,1
2016-11-09,-0.9977916783891528,-1.0005527529284293,-0.9938316402889472,-0.9976785585888894,-1.13995027846557,0.0006106596738955,0.9994227608565508,0.9988118296957016,0.9981027207885595,63.86713607008667,68.0880018717425,0,0,-0.2103660591964699,-0.7206599422784221,0,5251.06982421875,0,98.5,,1,,1,1,4.0,1,,1,,0
2016-11-10,-0.9980280862966848,-1.0010645688921456,-0.9937507848551976,-0.9972808393426628,-1.1427493011666914,0.0005925392897585,0.9997119162498448,0.9991189002204252,0.9984042277781332,58.13781215507301,55.72094492057983,0,0,-0.2030688010005133,-0.7597806957938061,0,5208.7998046875,0,98.79000091552734,,1,,1,1,4.0,1,,1,,1
2016-11-11,-0.998001295662727,-1.0012058385150526,-0.9936512733952896,-0.997503512373713,-1.1429995498420735,0.0005737269676905,0.9997335166717763,0.9991592770744616,0.9984409581567524,58.62315894748957,56.90370175846994,0,0,-0.2029310540645033,-0.7667803322770348,0,5237.10986328125,1,98.79000091552734,,1,,1,1,4.0,1,,1,,0
2016-11-12,-0.9983482240246486,-1.0012410050289349,-0.9939739131298022,-0.997466944346742,-1.1429334339669373,0.0005247745728949,1.000068577539704,0.9995431388375982,0.9988355118783104,49.967118644639825,38.9430345886352,0,0,-0.2795357432913612,-0.7455819310486321,1,5237.10986328125,1,98.79000091552734,,1,,1,1,4.0,1,,1,,0
2016-11-13,-0.998440569581702,-1.0015984159824314,-0.9944938675306426,-0.997819971616706,-1.142242904245529,0.0004730746228724,1.0001362969678962,0.9996625787830112,0.998969902239118,47.79943012078975,35.02007402942479,0,0,-0.3045736872452005,-0.742757517611821,1,5237.10986328125,1,98.79000091552734,,1,,1,1,4.0,1,,1,,1
2016-11-14,-0.998349232705348,-1.0015675478222466,-0.994105363235775,-0.9979176976736917,-1.1430051240245198,0.0004344639328162,1.0000379116339904,0.999602885641663,0.9989224492771293,50.26194804216555,42.640177002598705,0,0,-0.3033327559024186,-0.7446170902163595,0,5218.39990234375,0,100.11000061035156,,1,,1,1,4.0,1,,1,,1
2016-11-15,-0.9981476792839464,-1.001283986731358,-0.9939358171789398,-0.997801702519813,-1.1426071662895685,0.0004153405718546,0.999861241899295,0.99944541903001,0.9987708839567904,55.595571662188696,57.35443223690328,0,0,-0.4494563127242942,-0.7427512084154533,0,5275.6201171875,0,100.19000244140624,,1,,1,1,4.0,1,,1,,1
2016-11-16,-0.9971524712771088,-1.0003252502216349,-0.9938182988291988,-0.9976375621984646,-1.139560261674855,0.0004750144682638,0.9990388766226672,0.9985636471048548,0.9978621208063752,72.43586267218316,84.1398906439976,1,0,-0.2820947460818657,-0.6579421901390663,0,5294.580078125,0,100.41000366210938,,1,,1,1,4.0,1,,1,,0
2016-11-17,-0.9972508651894104,-1.0000838893143154,-0.9928706869635248,-0.9966077803057578,-1.14099956221724,0.0005085051636911,0.9992700587863148,0.9987611552562063,0.9980404050895018,69.43196562755736,77.70601141542102,0,0,-0.8977249311310577,-0.655887495447765,0,5333.97021484375,0,100.88999938964844,,1,,1,1,4.0,1,,1,,1
2016-11-18,-0.9969268157939648,-1.0001669376171447,-0.9929521934316596,-0.9967351997050602,-1.1419329582319115,0.0005547994761134,0.9991074617946152,0.9985522537335618,0.9978054673257304,73.59333160236547,83.31011378634588,1,0,-0.9221054141760716,-0.667263977825525,0,5321.509765625,0,101.20999908447266,,1,,1,1,4.0,1,,1,,1
2016-11-19,-0.9969258686409236,-1.0000660960012502,-0.9927165664356944,-0.9963952486931602,-1.1409102961068778,0.0005848230040247,0.9992438682368744,0.9986584718139132,0.9978904349909614,73.60544984134583,83.32644784448493,1,0,-0.9218090584629272,-0.6669754390848239,1,5321.509765625,1,101.20999908447266,,1,,1,1,4.0,1,,1,,0
2016-11-20,-0.9975548435169624,-1.0000888499410323,-0.9935413738561092,-0.9963938428042994,-1.138996156171127,0.0005515064274732,0.9998936411197626,0.9993412058497784,0.998577974386673,54.45677038036453,44.642007696873165,0,0,-0.7973451648513927,-0.6106203073094586,1,5321.509765625,1,101.20999908447266,,1,,1,1,4.0,1,,1,,1
2016-11-21,-0.9973036820227849,-1.0005023779842646,-0.9931505975841012,-0.9970235840560429,-1.1431014997472204,0.0005391543977735,0.9996969678023836,0.9991569751767346,0.998392075053698,59.331541563835536,55.613442112829624,0,0,-0.8160228739376955,-0.6664322494654132,0,5368.85986328125,0,101.0500030517578,,1,,1,1,4.0,1,,1,,1
2016-11-22,-0.996934087244479,-1.000137241735241,-0.9929634830891622,-0.9967676432941532,-1.1400612781681052,0.0005528160161042,0.999430044554438,0.9988764671517624,0.9980994951204696,65.5859577088339,68.04104064654045,0,0,-0.8000529476813756,-0.6598984478625188,0,5386.35009765625,0,101.04000091552734,,1,,1,1,4.0,1,,1,,0
2016-11-23,-0.9971403745666124,-1.000185934395863,-0.9928889406010836,-0.9963980586063076,-1.1424089548730678,0.0005407636968927,0.9996927006611924,0.9991510130772596,0.998372345912442,59.67551691324057,56.30843099224601,0,0,-0.8130458602223155,-0.6551364920086092,0,5380.68017578125,0,101.6999969482422,,1,,1,1,4.0,1,,1,,0
2016-11-24,-0.9972718815458702,-1.000348785680271,-0.9930579267303864,-0.9966156003294736,-1.1419964787465835,0.0005146678621634,0.9998515334361828,0.9993358769650896,0.9985625971063394,55.96567884562762,49.1104226336363,0,0,-0.8269017136937721,-0.6501335855944463,1,5380.68017578125,1,101.6999969482422,,1,,1,1,4.0,1,,1,,1
2016-11-25,-0.9972303373252668,-1.0005045721076202,-0.9930236876362902,-0.996743234154796,-1.1427933050915726,0.0004916713156613,0.9998391260084944,0.9993464906162296,0.9985789167290148,56.94140586218288,51.71053356763031,0,0,-0.8270519300359818,-0.6900405199868624,0,5398.919921875,0,101.48999786376952,,1,,1,1,4.0,1,,1,,0
2016-11-26,-0.9974217778370305,-1.00048758966623,-0.9931781194458672,-0.996710578004257,-1.1433584180836829,0.0004527793786808,1.0000262876195145,0.9995725199837904,0.998818770314262,50.93982563103122,39.35579217053811,0,0,-0.8574874201270616,-0.6912544388121543,1,5398.919921875,1,101.48999786376952,,1,,1,1,4.0,1,,1,,0
2016-11-27,-0.9975240218891556,-1.0005836522759863,-0.9931327159661912,-0.9968961329589808,-1.1434622861763166,0.0004089923882425,1.000108981318346,0.9996990524814048,0.9989634212609494,47.83299808884263,33.63350429295265,0,0,-0.8569454140669898,-0.6888858160633918,1,5398.919921875,1,101.48999786376952,,1,,1,1,4.0,1,,1,,1
2016-11-28,-0.9974086127826512,-1.0006140709711024,-0.9930892105459472,-0.9969863447824008,-1.1430537122415154,0.000379231884136,0.9999943080386068,0.9996142397005836,0.9988929781288918,51.67191908692188,45.5488998707157,0,0,-0.8565309573153789,-0.7507865240781996,0,5368.81005859375,0,101.33000183105467,,1,,1,1,4.0,1,,1,,0
2016-11-29,-0.9974149967433076,-1.000630150813253,-0.9930246822194326,-0.9968688840732908,-1.1427623543445524,0.0003510842571723,1.0000005995415036,0.9996487288127196,0.9989424878444856,51.43035584153685,44.95363094238887,0,0,-0.8613100673855216,-0.7711045766410302,0,5379.919921875,0,100.93000030517578,,1,,1,1,4.0,1,,1,,1
2016-11-30,-0.99710686436659,-1.000315811455193,-0.9929716295602448,-0.996870258264392,-1.1420778035607484,0.0003496106734243,0.9997390916476646,0.9993887723051844,0.9986873864505712,61.46361948908715,70.10053761283132,0,0,-1.1421359863023322,-0.763779432029731,0,5323.68017578125,0,101.5,,1,,1,1,4.0,1,,1,,1
2016-12-01,-0.9967683056306574,-1.00000483849877,-0.9926674617401255,-0.9965720364205328,-1.1422365773944705,0.0003714795235145,0.9994919554436056,0.9991197887335206,0.9984129611648762,69.46142251152597,82.08813464793204,0,0,-1.110425365581574,-0.8402497229830844,0,5251.10986328125,0,101.04000091552734,,1,,1,0,5.0,1,,1,,1
2016-12-02,-0.9961216145180072,-0.9993128897773936,-0.99230986924117,-0.9962207525273392,-1.1401625109527005,0.0004359677481156,0.9990212466154,0.9985846286517356,0.9978526539255778,79.04606850062592,91.13758749473295,1,0,-1.0219662972991923,-0.8108162486805621,0,5255.64990234375,0,100.7699966430664,,1,,1,1,5.0,1,,1,,0
2016-12-03,-0.996329000015616,-0.9994045054347972,-0.9920825120901504,-0.9955882927265788,-1.1427167669471012,0.0004649808445251,0.9993477375595832,0.9988818693726976,0.9981363208092348,70.82135290258645,74.94720300612667,1,0,-1.0032214348186357,-1.1889967115506428,1,5255.64990234375,1,100.7699966430664,,1,,1,1,5.0,1,,1,,1
2016-12-04,-0.9962460029336592,-0.9995360354248488,-0.9919797340699597,-0.9957902223709244,-1.1431122565554923,0.0004890338258053,0.9993775741143582,0.9988875488099552,0.9981293765074448,72.15904773093786,77.1164372527017,1,0,-1.173007888118943,-1.213738369484222,1,5255.64990234375,1,100.7699966430664,,1,,1,1,5.0,1,,1,,0
2016-12-05,-0.9967094702736266,-0.999548178319908,-0.9924912307179704,-0.9957365785744756,-1.1410970554161373,0.0004653339654911,0.9998667261050448,0.9994001981031628,0.998648793736618,55.70448696406833,46.88836843651987,0,0,-1.0871870896719136,-1.1727116851798205,0,5308.89013671875,0,100.13999938964844,,1,,1,1,5.0,1,,1,,1
2016-12-06,-0.9965407260098392,-0.999784008055056,-0.9922733296990418,-0.9961848576116132,-1.1406634834508245,0.0004549238285616,0.9997439819639504,0.9992879208225,0.9985392528334944,59.576910034039486,55.3791867238057,0,0,-1.1208836572313934,-1.177322408065849,0,5333.0,0,100.48999786376952,,1,,1,1,5.0,1,,1,,1
2016-12-07,-0.9964213455726696,-0.9996060382333792,-0.992241298048065,-0.9960171112039828,-1.141534230758238,0.0004511066469971,0.9996820120567134,0.9992297778079594,0.99848151405182,62.26948526195902,61.22628274259897,0,0,-1.1407266815012471,-1.1938056456389217,0,5393.759765625,0,100.2300033569336,,1,,1,1,5.0,1,,1,,1
2016-12-08,-0.9963395398899124,-0.9995112084420972,-0.9920486165448114,-0.9958990389145724,-1.14225197568852,0.0004495009706408,0.9996614657350024,0.9992108219885762,0.9984622058808944,64.15720873556224,65.37216640531231,0,0,-1.1541833836961355,-1.1973750932380904,0,5417.35986328125,0,101.06999969482422,,1,,1,1,5.0,1,,1,,1
2016-12-09,-0.9962789332821153,-0.9995163176674696,-0.9919334612790636,-0.9958419736246762,-1.142753810843072,0.0004479551590677,0.999662073671436,0.9992129511166874,0.998464061313786,65.62729807436727,68.68022742478455,0,0,-1.1543889939439536,-1.2191186221305077,0,5444.5,0,101.56999969482422,,1,,1,1,5.0,1,,1,,1
2016-12-10,-0.9962222364773252,-0.9994392518364316,-0.9918320517597232,-0.995747911455769,-1.1434076750265914,0.0004461619730711,0.9996659049149872,0.9992185505399483,0.9984696057366114,67.08452936606663,72.01489450758089,0,0,-1.1823109825890317,-1.2336919974696876,1,5444.5,1,101.56999969482422,,1,,1,1,5.0,1,,1,,0
2016-12-11,-0.99637250006996,-0.9995082034470668,-0.9920652226667832,-0.995695091801066,-1.1432549987413323,0.0004276857490395,0.999844885410593,0.9994159598212232,0.998674246049884,59.38546314966474,52.32718558349102,0,0,-1.1755658906164452,-1.227179267167968,1,5444.5,1,101.56999969482422,,1,,1,1,5.0,1,,1,,1
2016-12-12,-0.9960561509541618,-0.999294074619254,-0.9919213023103411,-0.9958390406496392,-1.1424077582056449,0.000433571990172,0.9996001072271432,0.999165355758765,0.9984214892901864,68.239857867547,73.02665603005394,0,0,-1.1578230844647126,-1.2480409608063798,0,5412.5400390625,0,100.95999908447266,,1,,1,1,5.0,1,,1,,1
2016-12-13,-0.9960418224677,-0.999097559318479,-0.991674945584406,-0.9955150056421358,-1.142184500539975,0.000434385739379,0.9996494396081644,0.999213823284712,0.998469496790543,68.5976421281168,73.71587063011098,0,0,-1.1592446688048872,-1.2525070610874331,0,5463.830078125,0,101.02999877929688,,1,,1,1,5.0,1,,1,,1
2016-12-14,-0.9960135663567924,-0.9992907082176172,-0.991709867979898,-0.9955346172323704,-1.1424338033201515,0.0004323270760736,0.9996793576699592,0.99924576670556,0.9985022107670124,69.38246031606573,75.37059050452939,0,0,-1.177314550781811,-1.2521021815417324,0,5436.669921875,0,102.0,,1,,1,1,5.0,1,,1,,0
2016-12-15,-0.996117214358209,-0.999308712504082,-0.9916799203981778,-0.9955326314609688,-1.1421873823966988,0.0004175191423045,0.9998167060905188,0.9993978886455056,0.9986607065845752,62.74527035165989,57.62691645233463,0,0,-1.1973809142246274,-1.250402048280223,0,5456.85009765625,0,103.12999725341795,,1,,1,1,5.0,1,,1,,1
2016-12-16,-0.995908911539151,-0.9992005968922804,-0.9916438155116596,-0.9955664492411634,-1.1420981557059695,0.0004177761809881,0.9996679742792394,0.9992489361610792,0.9985124924823237,69.50902678906667,74.01752557331486,0,0,-1.3489634611818369,-1.4165008739761271,0,5437.16015625,0,102.9499969482422,,1,,1,1,5.0,1,,1,,1
2016-12-17,-0.9957280090372091,-0.998975858854296,-0.9914603073296414,-0.995376952576822,-1.1423013427952236,0.0004276475512684,0.9995653716999968,0.9991364467890226,0.9983964584954232,74.20238254718693,82.05521787206494,1,0,-1.3657577674672918,-1.4174556507771208,1,5437.16015625,1,102.9499969482422,,1,,1,1,5.0,1,,1,,0
2016-12-18,-0.995737141233265,-0.9989088903936169,-0.9913619764627,-0.9951984848681982,-1.1431137303922083,0.0004297795601928,0.9996399710486882,0.999208848304621,0.9984680442749576,73.54300806150272,80.38152223426016,1,0,-1.365556173811017,-1.4329272812898488,1,5437.16015625,1,102.9499969482422,,1,,1,1,5.0,1,,1,,1
2016-12-19,-0.995670426607036,-0.9989427341960114,-0.991290637898943,-0.9952081377682404,-1.142481872394662,0.000431874129275,0.9996386642820662,0.9992054134504444,0.9984637504848192,75.386658585991,83.63326947479506,1,0,-1.5351564403620002,-1.433119350586912,0,5457.43994140625,0,103.13999938964844,,1,,1,1,5.0,1,,1,,1
2016-12-20,-0.995421097891283,-0.9987105130232716,-0.9912540357208536,-0.995160634014256,-1.1413933055710954,0.0004484830011314,0.9994823944121006,0.9990325172798924,0.9982836521608742,81.07386730037365,91.03647949065352,1,0,-1.520912337800275,-1.5308151416794584,0,5483.93994140625,0,103.29000091552734,,1,,1,1,5.0,1,,1,,1
2016-12-21,-0.994400656086687,-0.9977203047859858,-0.9910081136505284,-0.994904113369826,-1.138931923287377,0.0005377874976689,0.9986947427333716,0.9981556290889976,0.9973674331687732,90.94950090566694,97.41564972864715,1,0,-1.164195994652811,-1.382759695632007,0,5471.43017578125,0,103.0199966430664,,1,,1,1,5.0,1,,1,,1
2016-12-22,-0.993476318619718,-0.9964728979600016,-0.98992765280908,-0.9938796156800784,-1.1369762955959828,0.0006753630977608,0.9981093927211416,0.9974326220678256,0.9965794550573812,94.14348414625566,98.6102214528464,1,0,-1.0189039429532942,-1.3027335578876929,0,5447.419921875,0,103.08999633789062,,1,,1,1,5.0,1,,1,,1
2016-12-23,-0.9917215442145586,-0.9949900209709246,-0.9889782985248474,-0.9929415111660228,-1.1336530361261454,0.0009154358071018,0.996906783207384,0.9959902508831182,0.9950213567304148,96.69689640590433,99.3595526060562,1,0,-0.6380580141860964,-1.048814591929777,0,5462.68994140625,0,103.01000213623048,,1,,1,1,5.0,1,,1,,0
2016-12-24,-0.992429086181164,-0.9950392548241804,-0.9883047816256498,-0.9911912876797424,-1.139717191936823,0.0010366525500516,0.9979837434585704,0.9969444739786482,0.9958979681000604,80.39027618846175,77.03088844351664,1,0,-0.500814692020883,-0.9883052647235416,1,5462.68994140625,1,103.01000213623048,,1,,1,1,5.0,1,,1,,0
2016-12-25,-0.992509702329196,-0.9957554306300332,-0.989048361592666,-0.9918795001102428,-1.139455949583411,0.0011133783106389,0.9983620445760067,0.9972451864554274,0.9961359482293646,78.64666566443768,74.48788282268151,1,0,-0.511533425872626,-0.983875088253834,1,5462.68994140625,1,103.01000213623048,,1,,1,1,5.0,1,,1,,1
2016-12-26,-0.9921606354150336,-0.995348694095716,-0.987976295868086,-0.9919634171315488,-1.1403311882652327,0.001188648807834,0.998316416590492,0.9971238328703648,0.995950207003733,80.73434715904989,78.57193078784033,1,0,-0.5118414852002049,-0.9968413285942352,1,5462.68994140625,1,103.01000213623048,,1,,1,1,5.0,1,,1,,1
2016-12-27,-0.9913789843163688,-0.9945412365207964,-0.9877475094783142,-0.9916136603245316,-1.138415772470832,0.0012964294980334,0.9979091341979324,0.9966085908855664,0.995354275091056,84.61959320053388,85.50154492906853,1,0,-0.4985156460905929,-0.9792222015249264,0,5487.43994140625,0,103.0199966430664,,1,,1,1,5.0,1,,1,,1
2016-12-28,-0.9900739006491646,-0.9934629900011432,-0.986796663319368,-0.990804809950679,-1.13536594235623,0.0014702081718065,0.9971177206619284,0.9956435033090084,0.9942761915756452,88.92312752328937,91.57032169000732,1,0,-0.4243974948324157,-0.8967852849029563,0,5438.56005859375,0,103.26000213623048,,1,,1,1,5.0,1,,1,,0
2016-12-29,-0.9901479482535656,-0.9933585123045708,-0.9861849073760328,-0.9895738610244276,-1.1370074005019242,0.0015836981139066,0.9976232230177888,0.9960338970604804,0.9945708975911292,87.32353515787356,88.7596732628351,1,0,-0.4313160712237971,-0.8938425326506863,0,5432.08984375,0,102.68000030517578,,1,,1,1,5.0,1,,1,,0
2016-12-30,-0.9905224316839863,-0.9935647654036496,-0.9867966006834066,-0.9896529842257592,-1.1375285667628166,0.0016246935713714,0.99830762328114,0.996675603710915,0.9951442463846932,79.02798829484767,73.53911695989198,1,0,-0.3622174748679909,-0.8666567384872084,0,5383.1201171875,0,102.38999938964844,,1,,1,1,5.0,1,,1,,1
2016-12-31,-0.990445909921936,-0.9938290288494066,-0.986410894128142,-0.9900167626299018,-1.1414150476103326,0.0016444017931797,0.9985023231252051,0.9968497679423964,0.9952598872240148,79.48743376138431,74.72019772294324,1,0,-0.3539216031786602,-0.8672717207430096,1,5383.1201171875,1,102.38999938964844,,1,,1,1,5.0,1,,1,,1
2017-01-01,-0.98938951359126,-0.992646664205236,-0.9860544214842514,-0.9899241678808004,-1.13927512891222,0.0017253740184888,0.9978307350038944,0.9960974313682148,0.9944246033173528,84.79386508099921,86.12213402663528,1,0,-0.3407299858920584,-0.8458188519340843,1,5383.1201171875,1,102.38999938964844,,1,,1,0,6.0,1,,1,,1
2017-01-02,-0.9886739376040736,-0.9917957424409012,-0.9848726099633052,-0.988856199510816,-1.1360014523011834,0.0018262343989084,0.9975527263894104,0.995717981684283,0.9939507400755524,87.35130310389098,90.1390405240824,1,0,-0.3571434138242706,-0.85206825354709,1,5383.1201171875,1,102.38999938964844,,1,,1,1,6.0,1,,1,,1
2017-01-03,-0.9879991432674242,-0.9914143172108792,-0.9840983383752712,-0.9881540885450798,-1.1376300195230409,0.0019382740241106,0.9973518480884443,0.9954042179739124,0.99353446803172,89.30794382419838,92.77021133905082,1,0,-0.3626705030775585,-0.8461255619241832,0,5429.080078125,0,103.20999908447266,,1,,1,1,6.0,1,,1,,1
2017-01-04,-0.9846117249941492,-0.9879475069123868,-0.9833893068860388,-0.987457565707879,-1.1306005670079138,0.0022741871650958,0.9948610488905032,0.9925802381317932,0.9905115326800592,94.36074579486042,97.40489821922124,1,0,0.1105483007052356,-0.483203341898291,0,5477.0,0,102.6999969482422,,1,,1,1,6.0,1,,1,,0
2017-01-05,-0.9889296204488914,-0.9869952940670887,-0.9875558851941644,-0.984025977456307,-1.123330239418919,0.0021670028128958,0.9993432143982268,0.9971596126260004,0.9950560564727317,55.66808840617655,46.61582967777941,0,0,1.2640134832520642,0.2886951818064379,0,5487.93994140625,0,101.5199966430664,,1,,1,1,6.0,1,,1,,0
2017-01-06,-0.9923258670088804,-0.9913322577312008,-0.988379138103904,-0.988378930075792,-1.1302956800818085,0.0017874056283195,1.0023472642804625,1.000540831378311,0.9985331239266484,40.57012079887364,30.13629033430688,0,0,1.716862187109132,0.7388436159534828,0,5521.06005859375,0,102.22000122070312,,1,,1,1,6.0,1,,1,,1
2017-01-07,-0.9921308504350436,-0.9954869275362204,-0.9902570705138252,-0.9917623433267088,-1.1334776708505607,0.0014851880095039,1.001818864512835,1.0003186959122163,0.998402003350903,41.6191861502635,31.977384589134104,0,0,1.6949992339816635,0.7388132521027476,1,5521.06005859375,1,102.22000122070312,,1,,1,1,6.0,1,,1,,1
2017-01-08,-0.9920510005860272,-0.9944608024535704,-0.9882763581856536,-0.9916191291203252,-1.1387938222353533,0.0012378523928661,1.0014704209602685,1.0002205397008848,0.998387360334232,42.102035306424774,32.94213597247568,0,0,1.6945478844126474,0.7387678011955374,1,5521.06005859375,1,102.22000122070312,,1,,1,1,6.0,1,,1,,0
2017-01-09,-0.9923067132624368,-0.9953336067458192,-0.9885077885722144,-0.9914642743779244,-1.1395346128684418,0.0010095656148423,1.001462240190379,1.0004429085383757,0.9986977858432252,40.853511609033895,31.06110526935275,0,0,1.69233892459328,0.7442739067213741,0,5531.81982421875,0,101.93000030517578,,1,,1,1,6.0,1,,1,,1
2017-01-10,-0.9921585266943844,-0.9952979283921242,-0.9878468671954084,-0.9917943282305768,-1.1406815214524255,0.0008310245820489,1.0011105103576952,1.00027175978415,0.9986054813790024,42.00351692090023,33.974190441987986,0,0,1.6616369612353985,0.7405746522720786,0,5551.81982421875,0,102.01000213623048,,1,,1,1,6.0,1,,1,,0
2017-01-11,-0.9961273254033725,-0.9951604159302808,-0.9921475377082364,-0.9916209619966516,-1.1320971488522025,0.0003650723136785,1.004324773837713,1.0039552413960628,1.0024978507974494,26.238191987250374,13.541142684354952,0,1,2.30744625359548,1.3460105747118536,0,5563.64990234375,0,101.77999877929688,,1,,1,1,6.0,1,,1,,1
2017-01-12,-0.9953001904495054,-0.997961816126512,-0.9923655032611854,-0.9956820789385212,-1.1359952486364768,6.183190242992076e-05,1.0029521955509857,1.00288970822652,1.0016000107493497,32.34458872951929,25.92147732522632,0,0,2.3805794857229476,1.3715649371768537,0,5547.490234375,0,101.3499984741211,,1,,1,1,6.0,1,,1,,1
2017-01-13,-0.9947152041201274,-0.997879008149903,-0.9916114744769954,-0.9948096242134532,-1.1383427405619109,-0.0001297886772866,1.0019984912083943,1.0021295086058744,1.000971623500041,36.62595277200937,34.7343168204243,0,0,2.421538923500514,1.382479474157031,0,5574.1201171875,0,101.18000030517578,,1,,1,1,6.0,1,,1,,0
2017-01-14,-0.9948854157253392,-0.9976961382417022,-0.9906022572963324,-0.9941557180815576,-1.1416821775674673,-0.0002920178216139,1.0018354980173103,1.002130182217176,1.0010980366338644,35.86399716811057,33.2019277866807,0,0,2.4160154208907483,1.3832700571907073,1,5574.1201171875,1,101.18000030517578,,1,,1,1,6.0,1,,1,,1
2017-01-15,-0.9947819821384888,-0.9980501534407412,-0.9905893523902533,-0.9943695623543116,-1.1426522567180777,-0.0004075414768039,1.001464591467286,1.0018756402062363,1.0009549412157168,36.786088051521766,35.507253533377025,0,0,2.3511717304333883,1.3822833445254368,1,5574.1201171875,1,101.18000030517578,,1,,1,1,6.0,1,,1,,1
2017-01-16,-0.9944845704900932,-0.9977128198166793,-0.9903592278685818,-0.9942583330517965,-1.1421356835483247,-0.000469681970009,1.0009857464491565,1.001459188673914,1.0006299547301267,39.66409580370709,43.04337276678845,0,0,2.3276463921818196,1.3838099931790753,1,5574.1201171875,1,101.18000030517578,,1,,1,1,6.0,1,,1,,1
2017-01-17,-0.9921506157291202,-0.9954275357724128,-0.9900319227039848,-0.9939784120025892,-1.1389530845909528,-0.0003268306151489,0.9988460560163448,0.9991748207050026,0.998348855226948,57.27678253489261,74.37470815921026,0,0,2.6078559747528804,1.540035398709789,0,5538.72998046875,0,100.33000183105467,,1,,1,1,6.0,1,,1,,0
2017-01-18,-0.9928018897200686,-0.9952189968224134,-0.9891764844004544,-0.991582531260169,-1.1358478213216938,-0.0002631389533239,0.99957835043052,0.9998432439328246,0.9990432116056496,52.35598675217951,61.738886892063725,0,0,2.1850000724929273,1.5565975575830826,0,5555.64990234375,0,100.93000030517578,,1,,1,1,6.0,1,,1,,1
2017-01-19,-0.992421419462058,-0.9956062852783925,-0.98836688423221,-0.9922252238435124,-1.141129523819019,-0.0001798884403909,0.9993190015071726,0.9995000496577556,0.9987128171848892,54.96406601895366,66.21042233999789,0,0,1.7248318260906814,1.557904058579895,0,5540.080078125,0,101.1500015258789,,1,,1,1,6.0,1,,1,,0
2017-01-20,-0.9925450453076432,-0.9957630641979952,-0.9882838536223512,-0.9919247123026756,-1.141960882114273,-0.0001224755596453,0.999529063712187,0.9996523581908252,0.9988827747560224,53.858703301987546,63.01960423439329,0,0,1.2146992932759626,1.528751485128271,0,5555.330078125,0,100.73999786376952,,1,,1,1,6.0,1,,1,,1
2017-01-21,-0.9917275012105566,-0.9949223920717772,-0.9880186833313246,-0.9920048423740137,-1.1408860987876568,-1.0881032118104096e-05,0.9989046616619508,0.9989156095557322,0.9981359465798666,59.99725076318959,74.04755141767949,0,0,1.2503203073744549,1.5207518989959916,1,5555.330078125,1,100.73999786376952,,1,,1,1,6.0,1,,1,,1
2017-01-22,-0.9916394029263932,-0.9946170695333602,-0.9879555842435626,-0.9911905232043672,-1.1406478651811456,8.370236148591559e-05,0.998997908522028,0.9989136766459004,0.9981237126258616,60.648196273337035,75.11384294850035,0,0,1.2503633972606036,1.4341656973796222,1,5555.330078125,1,100.73999786376952,,1,,1,1,6.0,1,,1,,0
2017-01-23,-0.9917512359708242,-0.9948953709656698,-0.9873593164651936,-0.9910898940055298,-1.142538969268998,0.0001479311322868,0.9992473035981672,0.9990983887254508,0.9983053253410964,59.236330061546454,70.22999964633578,0,0,1.246747573799596,1.419843890962355,0,5552.93994140625,0,100.16000366210938,,1,,1,1,6.0,1,,1,,0
2017-01-24,-0.9926164956990786,-0.9950192362003876,-0.9881197189329568,-0.9915426946348256,-1.1408776957186184,0.0001275434258765,1.0001007778846065,0.9999722763498644,0.999208579496583,49.043760802122215,42.035164084967754,0,0,1.288398150674282,1.441517997214583,0,5600.9599609375,0,100.3499984741211,,1,,1,1,6.0,1,,1,,1
2017-01-25,-0.9923459977399572,-0.9956472232906666,-0.988138346488224,-0.9921155831581182,-1.14046053393525,0.0001316948500618,0.9998546610993356,0.9997220066572295,0.9989779568033172,52.0216352119758,50.344568534894435,0,0,-0.1273061804248104,1.4401136390722802,0,5656.33984375,0,100.02999877929688,,1,,1,1,6.0,1,,1,,1
2017-01-26,-0.9918558926529402,-0.9951640831983308,-0.987810669303978,-0.991795702421678,-1.1399710001698482,0.0001725432964641,0.9994591255485556,0.9992853838407704,0.9985439181375249,57.245200299284626,63.11747838859777,0,0,-0.1697090654309462,1.429802904251002,0,5655.18017578125,0,100.37999725341795,,1,,1,1,6.0,1,,1,,1
2017-01-27,-0.9917897877098698,-0.9950469489323353,-0.987387054705735,-0.9913080156112366,-1.140250985150797,0.000207854088432,0.999485925227189,0.9992766097491148,0.9985369911751892,57.95756446898007,64.74822878211998,0,0,-0.1846150558725267,1.383217677849802,0,5660.77978515625,0,100.52999877929688,,1,,1,1,6.0,1,,1,,1
2017-01-28,-0.9917335793973964,-0.9950262698700744,-0.9872637529689042,-0.9912636592583092,-1.1427417428040691,0.0002376343852603,0.9995170413036112,0.9992777148698692,0.9985399056024205,58.63376836493202,66.43094673214873,0,0,-0.199858907515011,1.3835486557403534,1,5660.77978515625,1,100.52999877929688,,1,,1,1,6.0,1,,1,,0
2017-01-29,-0.9917975476527005,-0.9950410875409296,-0.9872843696904562,-0.9911947390063752,-1.1430993307875157,0.0002531555617225,0.999645871633949,0.9993908682189216,0.9986589723058112,57.42101487922692,61.94417906223998,0,0,-0.1921328160559679,1.380852724681903,1,5660.77978515625,1,100.52999877929688,,1,,1,1,6.0,1,,1,,1
2017-01-30,-0.991770481076518,-0.9950522104254657,-0.9872742321550292,-0.9912532717160772,-1.1423348892546694,0.0002645902210197,0.9996772502623854,0.9994107077921192,0.9986853060333426,57.84668501499487,63.34103275252541,0,0,-0.1898827770948313,1.3806123514146096,0,5613.7099609375,0,100.43000030517578,,1,,1,1,6.0,1,,1,,1
2017-01-31,-0.990242462194452,-0.9935802747003454,-0.9872280523690452,-0.991228588484329,-1.1385357031839165,0.0003924269706507,0.9984232052935896,0.9980283164789302,0.9972582234236154,74.47126023895864,90.25776872761824,1,0,-0.6141104533417697,1.4161256108720173,0,5614.7900390625,0,99.51000213623048,,1,,1,1,6.0,1,,1,,1
2017-02-01,-0.9896736669615516,-0.993066444399301,-0.9856799096835176,-0.9897016794425844,-1.1391724006453068,0.0005334858446882,0.9981799226214771,0.9976431196296556,0.9968149687123288,78.16922749503584,92.85982633449127,1,0,-0.698797002276557,1.4120375672904038,0,5642.64990234375,0,99.63999938964844,,1,,1,0,5.0,1,,1,,1
2017-02-02,-0.988977886100034,-0.99233286603981,-0.98529184004426,-0.98911941211164,-1.139361096092065,0.0006934263321641,0.9978653084601776,0.9971676323595804,0.9962659838137966,81.87498146157817,95.02643868955892,1,0,-0.6775818447605186,1.4134471905500223,0,5636.2001953125,0,99.8499984741211,,1,,1,1,5.0,1,,1,,1
2017-02-03,-0.9884246685515043,-0.991721200952453,-0.9844967011908292,-0.9884638558316786,-1.1369212580454977,0.0008549648509277,0.997720464367532,0.996860168556523,0.9958762821486724,84.31728726552765,96.23696219678332,1,0,-0.6912245886676898,1.1787536978568294,0,5666.77001953125,0,99.87000274658205,,1,,1,1,5.0,1,,1,,1
2017-02-04,-0.988027856174582,-0.9913596108910936,-0.9842986083201346,-0.9878568456026154,-1.1389544487918153,0.0010034377278795,0.997731304661246,0.9967213343914372,0.9956531001515084,85.8907702672428,96.94750296436676,1,0,-0.7383708417067013,0.7635762646202393,1,5666.77001953125,1,99.87000274658205,,1,,1,1,5.0,1,,1,,0
2017-02-05,-0.9885031778433618,-0.9914278415230676,-0.9840743924574754,-0.9874844491370482,-1.1407519136537956,0.0010704100456129,0.9984860633287788,0.99740764612603,0.9962832091470784,75.43060027960684,74.48491121178998,1,0,-0.6770712973863232,0.363803988388731,1,5666.77001953125,1,99.87000274658205,,1,,1,1,5.0,1,,1,,1
2017-02-06,-0.988172957037352,-0.9913974833681444,-0.9838943349475048,-0.987946352617031,-1.1408595257316396,0.0011370252301214,0.9984362927697512,0.9972905708842073,0.9961085796042836,77.61583398074879,78.99343046793854,1,0,-0.6932634530503204,0.3647366571751977,0,5663.5498046875,0,99.91000366210938,,1,,1,1,5.0,1,,1,,1
2017-02-07,-0.9874642553676132,-0.9908777916756945,-0.9835217838421644,-0.9875877055207726,-1.1393529122947337,0.0012327936676487,0.9980702873705092,0.9968282048343778,0.9955740073429384,81.6560389080216,86.04800597348763,1,0,-0.9012650986639836,0.3739899409176389,0,5674.22021484375,0,100.26000213623048,,1,,1,1,5.0,1,,1,,1
2017-02-08,-0.9874117144764634,-0.9903656179744744,-0.9836041937865893,-0.9869101267562836,-1.1368958725059175,0.0012979682847472,0.998321719096283,0.9970133288756128,0.9956959246449808,81.93496122182637,86.49627831522017,1,0,-0.8863461934976918,0.3678624149685699,0,5682.4501953125,0,100.27999877929688,,1,,1,1,5.0,1,,1,,0
2017-02-09,-0.9895099325407212,-0.9900644433565482,-0.9862209496265896,-0.9868374195543812,-1.127860813836424,0.0011668601387754,1.0003749226141228,0.999196198372006,0.997897379821944,48.179066966984976,31.908103299889973,0,0,-0.2801100229795528,0.5205429988202135,0,5715.18017578125,0,100.6500015258789,,1,,1,1,5.0,1,,1,,0
2017-02-10,-0.98968432802669,-0.9927721530178548,-0.9864278437988712,-0.9889473883710568,-1.1373975492780168,0.0010369306393324,1.000466388364772,0.9994187702038267,0.9981486723482148,46.34783913348779,29.822334595805714,0,0,-0.2700693517865229,-0.3787183761703476,0,5734.1298828125,0,100.8000030517578,,1,,1,1,5.0,1,,1,,1
2017-02-11,-0.989202409847162,-0.992460009617702,-0.9853039990129824,-0.9891531068299448,-1.1412775234223993,0.0009617607650379,0.9999824168285324,0.9990111365209884,0.9977540881356436,52.14716657212824,43.443758395275225,0,0,-0.2623135989637121,-0.4071032857004566,1,5734.1298828125,1,100.8000030517578,,1,,1,1,5.0,1,,1,,0
2017-02-12,-0.9893633643365268,-0.9925961681806856,-0.9848657997260626,-0.9887064164099284,-1.1428055181385104,0.0008790670778773,1.0001227956294854,0.9992348485383704,0.9979979789657508,50.06183615265362,39.98742557631036,0,0,-0.2572964632699724,-0.4128514517284106,1,5734.1298828125,1,100.8000030517578,,1,,1,1,5.0,1,,1,,0
2017-02-13,-0.9896242099112096,-0.9926761215954708,-0.9855163349216558,-0.988848012166005,-1.141350291360565,0.0007834525241116,1.0003270003418887,0.9995354426699136,0.998329179234566,46.57877939493701,34.12151329210549,0,0,-0.2420103184749162,-0.4105739575881626,0,5763.9599609375,0,100.95999908447266,,1,,1,1,5.0,1,,1,,1
2017-02-14,-0.989199355837946,-0.9923932814832434,-0.9851907721756176,-0.989066439561862,-1.1397075573562214,0.0007335040958191,0.999913311415853,0.9991724763499028,0.9979827518449084,52.75614524172151,50.037993707847264,0,0,-0.4509728189190947,-0.4083643508960816,0,5782.56982421875,0,101.25,,1,,1,1,5.0,1,,1,,1
2017-02-15,-0.9891098517400164,-0.9924735339298906,-0.984720915155429,-0.988624239036244,-1.141827532887803,0.0006931516188344,0.9998500895257592,0.9991500068997916,0.9979749345454078,54.04780120424109,53.21317734365904,0,0,-0.4797012436832225,-0.4090010162863824,0,5819.43994140625,0,101.18000030517578,,1,,1,1,5.0,1,,1,,1
2017-02-16,-0.988500123834146,-0.991736229596708,-0.9845321512468432,-0.9885802481398376,-1.140396916983262,0.0007022765297124,0.999351550469322,0.998642528366401,0.9974630186965434,62.176242243115894,70.3363804798356,0,0,-0.4922906397580345,-0.7371524483140708,0,5814.89990234375,0,100.44000244140624,,1,,1,1,5.0,1,,1,,1
2017-02-17,-0.9879267457229476,-0.9911410938165698,-0.983972702025339,-0.9880160056465808,-1.1397723181814818,0.000747162089502,0.9989606234672382,0.9982064715563306,0.997006254656666,68.26692601261723,79.66694419346848,0,0,-0.4910640935923031,-0.7729589673809274,0,5838.580078125,0,100.9499969482422,,1,,1,1,5.0,1,,1,,1
2017-02-18,-0.9876759478012956,-0.9909027415733832,-0.983309698477336,-0.9873106260824722,-1.1414177577100857,0.0007938208427511,0.998905726096288,0.9981044014633672,0.9968800819147836,70.65204450716108,82.81875372119262,1,0,-0.4998231422666657,-0.7767626704122713,1,5838.580078125,1,100.9499969482422,,1,,1,1,5.0,1,,1,,0
2017-02-19,-0.9878760357457474,-0.9910316848461012,-0.9834185407974128,-0.9871410766317008,-1.142370261335858,0.0008053690231722,0.9992452025235664,0.9984318422322238,0.9971961436503772,66.07997738549022,71.09580156689722,0,0,-0.52084396812865,-0.7746829784882807,1,5838.580078125,1,100.9499969482422,,1,,1,1,5.0,1,,1,,1
2017-02-20,-0.9868951543608968,-0.9903199303088828,-0.9834735845209448,-0.9873265122536834,-1.1409600105990951,0.0008834856963887,0.9985213993114688,0.9976296244623036,0.9963542497134787,75.16912817632429,84.98650786818973,1,0,-0.4491214136143555,-0.772681224882716,1,5838.580078125,1,100.9499969482422,,1,,1,1,5.0,1,,1,,1
2017-02-21,-0.9858162128046782,-0.9892150240897286,-0.9823776943543726,-0.9863920100967616,-1.1375551841659204,0.0010206894169673,0.9978243103430244,0.9967944997164356,0.9954498094862922,81.47077181309311,91.19354785222414,1,0,-0.4028803579837847,-0.7340971010950023,0,5865.9501953125,0,101.37000274658205,,1,,1,1,5.0,1,,1,,1
2017-02-22,-0.9857508443290316,-0.9889703573209652,-0.9816431643347288,-0.9853069025617806,-1.139788772358552,0.0011217680004695,0.998102391809686,0.996970009489936,0.9955640265480707,81.79377011389322,91.47815488818446,1,0,-0.4029803896148983,-0.7388841503785537,0,5860.6298828125,0,101.33000183105467,,1,,1,1,5.0,1,,1,,1
2017-02-23,-0.9842454601672836,-0.9874305230176564,-0.9811328520758038,-0.9852314469776756,-1.1374414564136213,0.0013082645673933,0.9971030592080076,0.9957832928817916,0.9942759012985626,87.55726263507731,95.72270457342847,1,0,-0.883085664921289,-0.7531386655134208,0,5835.509765625,0,101.0500030517578,,1,,1,1,5.0,1,,1,,1
2017-02-24,-0.9840328466832028,-0.9867160606827184,-0.9806663849897612,-0.9835378021274552,-1.1312247248025524,0.001456431733173,0.9973652269512618,0.9958951219154472,0.9942926890674826,88.16768014304374,96.08949116811732,1,0,-0.9227687129926236,-0.7527228774657034,0,5845.31005859375,0,101.08999633789062,,1,,1,1,5.0,1,,1,,0
2017-02-25,-0.9849443882617418,-0.9874837250053756,-0.980895575666192,-0.983608063008157,-1.1396189075295822,0.0014832040393201,0.9985519501022552,0.9970526866245804,0.9954005680526284,70.94928545492932,64.48116500349309,1,0,-0.7466875599342722,-0.6951468348814511,1,5845.31005859375,1,101.08999633789062,,1,,1,1,5.0,1,,1,,1
2017-02-26,-0.984291893040002,-0.9877055479413432,-0.9807211174315464,-0.9844066190684818,-1.140651692757095,0.0015393277835991,0.9982144084292311,0.9966585236954274,0.9949463332905432,74.98429647654623,72.96796451271209,1,0,-0.7675313072358224,-0.6902824515863669,1,5845.31005859375,1,101.08999633789062,,1,,1,1,5.0,1,,1,,1
2017-02-27,-0.9838407051290308,-0.9872694163915356,-0.9796892905669278,-0.9838106042328026,-1.1399880702786804,0.0016017493791817,0.9981012851038088,0.9964820352530094,0.9947051856438184,77.47995512861893,77.84794519505262,1,0,-0.8208561898605743,-0.6911485456262128,0,5861.89990234375,0,101.12999725341795,,1,,1,1,5.0,1,,1,,0
2017-02-28,-0.9838407051290308,-0.986930670162972,-0.9794268269086516,-0.9832931028827292,-1.1376393464897223,0.0016324016335079,0.998392925645374,0.996741776173782,0.9949117689033132,77.47995512861893,77.84794519505262,1,0,-0.8024243695860082,-0.6934414050940505,0,5825.43994140625,0,101.12000274658205,,1,,1,1,5.0,1,,1,,1
2017-03-01,-0.9825415169301662,-0.9860514944740556,-0.9791820873293524,-0.9833138742380452,-1.1356991177962998,0.0017414530095019,0.9975234799459616,0.9957629640688516,0.9938474767617088,83.71013280146943,88.48721514382741,1,0,-0.7486850964335114,-0.6595111822959165,0,5904.02978515625,0,101.77999877929688,,1,,1,0,7.0,1,,1,,1
2017-03-02,-0.9816706059797302,-0.984860323983642,-0.9780647414989596,-0.9819501583140132,-1.129574203660932,0.0018765208812185,0.9971548505917662,0.9952577699289348,0.9932405017404402,86.58147825451752,91.94503235814835,1,0,-0.7424023342226594,-0.7532282053460446,0,5861.22021484375,0,102.1999969482422,,1,,1,1,7.0,1,,1,,1
2017-03-03,-0.9809380763259994,-0.9843138808641256,-0.9769735205585904,-0.9811549659453392,-1.1318855315929124,0.0020193938484598,0.9969612783042656,0.9949193259975904,0.992791361759101,88.54163160325848,93.97457969561066,1,0,-0.7414333149477558,-0.7532505945847369,0,5870.75,0,101.54000091552734,,1,,1,1,7.0,1,,1,,0
2017-03-04,-0.9815441386750212,-0.9843412340240184,-0.9776016947160135,-0.9803386889729028,-1.137713522271916,0.0020599714690435,0.997949208268009,0.9958634709494693,0.9936617455789364,77.70543727834647,73.53542895867155,1,0,-0.6458810891811282,-0.7349787500516118,1,5870.75,1,101.54000091552734,,1,,1,1,7.0,1,,1,,1
2017-03-05,-0.9811784853957888,-0.9847052273475818,-0.977366904764258,-0.9810455974877615,-1.1398755747418663,0.002097456516345,0.9979493803428148,0.995824979436312,0.9935529574531822,79.45576478275908,77.47622948770999,1,0,-0.6871499265885905,-0.7409662708912648,1,5870.75,1,101.54000091552734,,1,,1,1,7.0,1,,1,,1
2017-03-06,-0.9810040600782278,-0.984443429538773,-0.9765415715813806,-0.9806429613596708,-1.139016350285856,0.0021168367751321,0.9981141004922448,0.99596902495653,0.9936344305171334,80.30675693738996,79.42490787562141,1,0,-0.7157690670477476,-0.7425154233222898,0,5849.18017578125,0,101.63999938964844,,1,,1,1,7.0,1,,1,,0
2017-03-07,-0.9825097462848434,-0.9844569538509612,-0.9784012180867324,-0.9804676093543442,-1.13296266461121,0.0019877855223706,0.9997004857653888,0.9976826075099589,0.9953484428092468,56.851111278851306,39.79645357969009,0,0,-0.5126469127882821,-0.6544108699476732,0,5833.93017578125,0,101.80999755859376,,1,,1,1,7.0,1,,1,,0
2017-03-08,-0.984756214309286,-0.9857611400397008,-0.9801650885131388,-0.981994456865144,-1.1311435977904736,0.0016848187380876,1.0016801678673768,0.9999664514432852,0.9977172193461448,37.82972501423107,19.972566958993013,0,0,-0.1220988446019761,-0.439822952571725,0,5837.5498046875,0,102.06999969482422,,1,,1,1,7.0,1,,1,,1
2017-03-09,-0.9835804394059148,-0.9868041301524578,-0.9803781077232078,-0.9842208813854972,-1.1364370913334894,0.0015220453952508,1.0004096654791934,0.9988633372860126,0.9966617510248086,48.28011721781337,40.615810907611795,0,0,-0.1817797665452453,-0.4163128621562393,0,5838.81005859375,0,101.8499984741211,,1,,1,1,7.0,1,,1,,0
2017-03-10,-0.9857728376701248,-0.9846096472248176,-0.9823677447268292,-0.9830291575042892,-1.1209722344182105,0.0012022790070483,1.002232580796984,1.0010089936314963,0.9989270523753124,35.45697079271834,24.745859409845608,0,0,0.0963583248760312,-0.2351572668413819,0,5861.72998046875,0,101.25,,1,,1,1,7.0,1,,1,,1
2017-03-11,-0.98396717243374,-0.986913238256513,-0.9811527551270092,-0.9852604709378956,-1.1333118099300048,0.0010820902715352,1.0003357044409678,0.999236453306854,0.9972108064072488,48.46458762059074,47.340801752102365,0,0,0.2393016668881128,-0.3470187168930866,1,5861.72998046875,1,101.25,,1,,1,1,7.0,1,,1,,1
2017-03-12,-0.982575730037072,-0.9859168384085876,-0.9793167394615874,-0.9834183537823696,-1.1357818722760744,0.0010865920486134,0.9990869458104544,0.9979843216789754,0.9959646523902984,56.29608237943459,59.755891862077576,0,0,0.3033229800486435,-0.3101339096426864,1,5861.72998046875,1,101.25,,1,,1,1,7.0,1,,1,,1
2017-03-13,-0.9822537576662091,-0.9856045427406768,-0.9780208925299582,-0.9820387516871268,-1.129046174864328,0.001103420672221,0.9989501991310256,0.9978304570213902,0.9958086231315048,58.000154152860105,62.484718543237435,0,0,0.2995892000317043,-0.3133921352452664,0,5875.77978515625,0,101.37999725341795,,1,,1,1,7.0,1,,1,,1
2017-03-14,-0.9820069348041718,-0.9853809146062292,-0.9779061434489288,-0.9817216510306483,-1.1349842406443018,0.0011237204697714,0.998899086467707,0.9977585981729984,0.9957318313617616,59.40039894167294,64.91627762279612,0,0,0.2995542215645634,-0.3197994386533706,0,5856.81982421875,0,101.6999969482422,,1,,1,1,7.0,1,,1,,1
2017-03-15,-0.9817133732955996,-0.985176527245823,-0.9773143512947008,-0.9814772575760724,-1.1326745408839392,0.0011502369503622,0.9988155316892076,0.9976480092533762,0.9956124336012356,61.17667565593148,68.18624904756793,0,0,0.2318590852417904,-0.3308475545947013,0,5900.0498046875,0,100.73999786376952,,1,,1,1,7.0,1,,1,,0
2017-03-16,-0.983601209651742,-0.9849850624647788,-0.9800295025356632,-0.9811360256017756,-1.117682629459848,0.0010073072249746,1.0006229148847132,0.9995985870537611,0.9976237478976824,46.18362479908129,37.89860519762393,0,0,0.3515072131878154,-0.1963939233417375,0,5900.759765625,0,100.2699966430664,,1,,1,1,7.0,1,,1,,0
2017-03-17,-0.986276566472246,-0.9873241190422184,-0.9816736433730902,-0.9833102084853924,-1.1146895981086091,0.0006704271840756,1.0028285653988038,1.0021454244083057,1.0003240158758695,32.97072998255173,20.60474296014783,0,0,0.594230478540991,0.0501786619550597,0,5901.0,0,100.3000030517578,,1,,1,1,7.0,1,,1,,0
2017-03-18,-0.9901381429822186,-0.9893106078815954,-0.9860868858927788,-0.9857685039807612,-1.118442248598959,9.0803644865467e-05,1.0057097915548916,1.0056170417951371,1.0040736172990268,22.330695284627737,10.970508704501029,0,1,1.1713273558710202,0.5227794339045301,1,5901.0,1,100.3000030517578,,1,,1,1,7.0,1,,1,,1
2017-03-19,-0.9882160301270378,-0.9906379351004412,-0.9854936967668088,-0.9895248301842672,-1.1278859790484137,-0.0002110212209954,1.003177544033591,1.003392486824656,1.0020409702190196,34.475259539946364,32.05490190320111,0,0,1.4115728906320464,0.6289678111619174,1,5901.0,1,100.3000030517578,,1,,1,1,7.0,1,,1,,1
2017-03-20,-0.98768175377486,-0.9908447293921538,-0.9836293810352535,-0.987676298893886,-1.1331705862799286,-0.0004024685582227,1.0022288630510232,1.0026383368702216,1.001440341848468,37.60437531649008,37.53733719709263,0,0,1.436456489593285,0.6352224458769028,0,5901.52978515625,0,100.41000366210938,,1,,1,1,7.0,1,,1,,1
2017-03-21,-0.9856561439406964,-0.989059325720842,-0.9830484761499284,-0.9871227478684372,-1.1309329491278743,-0.0003862892651973,1.0001467351910185,1.0005389147125665,0.9994105589560028,48.38676769598333,55.63387411331563,0,0,1.6035489185438871,0.7331348582485107,0,5793.830078125,0,99.80999755859376,,1,,1,1,7.0,1,,1,,0
2017-03-22,-0.9878372397605436,-0.9891128285749744,-0.9843281497171364,-0.9851281905939516,-1.129021361613345,-0.0005432015737811,1.001996110637006,1.0025485022213596,1.0015583805020565,39.83440379380224,39.291071471239725,0,0,1.6209344851539729,0.8282060379020519,0,5821.64013671875,0,99.68000030517578,,1,,1,1,7.0,1,,1,,0
2017-03-23,-0.9881595179052224,-0.9909956175675304,-0.983870389029709,-0.987284962084755,-1.1348419604072828,-0.0006856570342268,1.00196491996958,1.0026620069207588,1.00181107436237,38.66913000545126,37.141548526472214,0,0,1.554622260955806,0.7997106400261654,0,5817.68994140625,0,99.76000213623048,,1,,1,1,7.0,1,,1,,0
2017-03-24,-0.9912469571487282,-0.9915228235821076,-0.9868113732799668,-0.9876393355772088,-1.1241732296734883,-0.0010357451319585,1.0043081939498657,1.0053632147704652,1.0047464760084257,29.22043542024096,21.863369192877485,0,1,1.7754766893366714,1.0458015555826194,0,5828.740234375,0,99.62999725341795,,1,,1,1,7.0,1,,1,,1
2017-03-25,-0.990169881931475,-0.9934678001946534,-0.9877643642460716,-0.9907526018762762,-1.1266033008021157,-0.001212306785136,1.0027206683022276,1.0039531947763822,1.0035109063685943,35.5586582627961,34.41263043061454,0,0,1.712017907560089,1.03165515601228,1,5828.740234375,1,99.62999725341795,,1,,1,1,7.0,1,,1,,0
2017-03-26,-0.9903548172917404,-0.9924999844905434,-0.9861947658967232,-0.9896077701687525,-1.1324165971090834,-0.0013515757810639,1.0024594708970167,1.0038328100202183,1.0035527854956043,34.93880415274043,33.192202301016025,0,0,1.6058007780490968,1.0279685880391425,1,5828.740234375,1,99.62999725341795,,1,,1,1,7.0,1,,1,,1
2017-03-27,-0.987940184855077,-0.9913445822468386,-0.985641286072133,-0.98966764723637,-1.129386784424785,-0.0012526668424011,1.0000129677114968,1.0012825686021647,1.0010625568165157,48.47116137508288,58.69423571123089,0,0,1.9104069765213227,1.184931940209537,0,5840.3701171875,0,99.16999816894533,,1,,1,1,7.0,1,,1,,1
2017-03-28,-0.9878980290868408,-0.9907960367315318,-0.9839077086742638,-0.987452068943474,-1.1314194915766789,-0.0011575358252714,0.999974866402478,1.0011478978263435,1.0009798081565642,48.6861620360928,59.05803434092134,0,0,1.904440217465204,1.1742299826933456,0,5875.14013671875,0,99.70999908447266,,1,,1,1,7.0,1,,1,,0
2017-03-29,-0.9881173621369862,-0.9910821827052032,-0.9842762169130136,-0.987406245170741,-1.132645812418716,-0.0010873083392096,1.0001665863590572,1.0012685495933809,1.0011548521397278,47.49644007732341,55.65740603952098,0,0,1.890666287784996,1.1680100954522297,0,5897.5498046875,0,100.0,,1,,1,1,7.0,1,,1,,0
2017-03-30,-0.9885309734290704,-0.9912577162427524,-0.9841468508762972,-0.9875244703552262,-1.1302475937612086,-0.0010528904593081,1.0004951595755074,1.0015624581714515,1.0015121050196487,45.098500398800944,48.61844888966155,0,0,1.8352466646654624,1.1693294105347765,0,5914.33984375,0,100.41000366210938,,1,,1,1,7.0,1,,1,,1
2017-03-31,-0.9871453370059666,-0.9904873477914782,-0.9839416042196028,-0.9880001194753696,-1.1260980607767832,-0.0009033910329346,0.9992322221291556,1.0001468087856071,1.0001040263464431,54.063320932296136,67.16649717093824,0,0,1.7410826181265608,1.1855653496612664,0,5911.740234375,0,100.3499984741211,,1,,1,1,7.0,1,,1,,1
2017-04-01,-0.9868792690382352,-0.9899823875459725,-0.9828702863304392,-0.9866232694914772,-1.133034025409271,-0.0007547420030745,0.9991223107188376,0.9998863290550476,0.9998409561010568,55.667207639160814,69.94429108063488,0,0,1.0944229724425996,1.1712796228111215,1,5911.740234375,1,100.3499984741211,,1,,1,0,6.0,1,,1,,1
2017-04-02,-0.9862173022860824,-0.9895053785240836,-0.982423722295602,-0.9863513810274318,-1.1231547868570049,-0.0005768715749147,0.9986899533435556,0.9992736963075414,0.999202806577378,59.70595300594576,76.53089624063769,0,0,0.951481362429078,1.172280310739901,1,5911.740234375,1,100.3499984741211,,1,,1,1,6.0,1,,1,,1
2017-04-03,-0.9849453018542422,-0.9881783485025484,-0.9815685326378571,-0.9856689133496898,-1.1202398007472687,-0.0003294702468943,0.9978006998113178,0.9981338474011022,0.9979956954420746,66.47709628951282,84.96983979326085,0,0,0.9942273805347828,1.2087438814792055,0,5894.68017578125,0,100.54000091552734,,1,,1,1,6.0,1,,1,,0
2017-04-04,-0.9852678857727378,-0.9880370807141926,-0.981022142065246,-0.9843684325912044,-1.1265809949213457,-0.0001576158409817,0.9984151153265256,0.998574606701231,0.998388229742108,63.36144017961127,75.75860718690657,0,0,0.8385188763116695,1.2056512601364688,0,5898.60986328125,0,100.54000091552734,,1,,1,1,6.0,1,,1,,0
2017-04-05,-0.9855266226267714,-0.9886788030900596,-0.9812364064023024,-0.9847160824295046,-1.1275280347044478,-4.181586070550747e-05,0.998880568503714,0.9989229053219528,0.9987032684590584,60.727381083031055,67.88812921253586,0,0,0.5939804502639098,1.2042905925994492,0,5864.47998046875,0,100.55999755859376,,1,,1,1,6.0,1,,1,,1
2017-04-06,-0.9837579187326916,-0.9870773498776646,-0.9808576334581436,-0.9849705557715884,-1.1232852320532074,0.0001904803417246,0.9975348097257716,0.9973421751837904,0.997031697655192,70.42508171222352,83.50616377369462,1,0,0.6791759402508348,1.2376779593642553,0,5878.9501953125,0,100.66999816894533,,1,,1,1,6.0,1,,1,,0
2017-04-07,-0.9839344844669676,-0.9871311535982102,-0.9796889792851808,-0.9833474813213678,-1.131829085494478,0.0003562230589373,0.9980648832070876,0.9977043738857776,0.9973197390347894,68.47736779489877,78.42893075674012,0,0,-0.1547268380590559,1.1483369100828522,0,5877.81005859375,0,101.18000030517578,,1,,1,1,6.0,1,,1,,0
2017-04-08,-0.983963506876891,-0.9871792445260056,-0.9797141703299642,-0.9835396331392074,-1.1365678012043692,0.0004797037641222,0.9983870306865236,0.9979013166423792,0.9974528461279344,68.12005566805529,77.39759092888212,0,0,-0.1739921968881996,1.1227486259291826,1,5877.81005859375,1,101.18000030517578,,1,,1,1,6.0,1,,1,,1
2017-04-09,-0.983599378737792,-0.9868116444745852,-0.979425581781664,-0.98341988273312,-1.1351145978502526,0.0006000284557579,0.9983220431891984,0.9977144253539452,0.9971977692976473,70.3590907391597,81.47314534415813,1,0,-0.2067174380062294,1.0276337645944489,1,5877.81005859375,1,101.18000030517578,,1,,1,1,6.0,1,,1,,0
2017-04-10,-0.9836219836265182,-0.9870181378998846,-0.979202297866186,-0.9830920868796856,-1.1362787088804072,0.0006856587677022,0.9985992472473014,0.9979046067975712,0.997329388303162,70.00689814787938,80.2750281512114,1,0,-0.6131652025600317,0.9642648588540452,0,5880.93017578125,0,101.0199966430664,,1,,1,1,6.0,1,,1,,1
2017-04-11,-0.9830757932823442,-0.9864852227616596,-0.9789404567714034,-0.9830872016955808,-1.1362655546897371,0.0007885050080177,0.9983450516238505,0.9975462642898818,0.9969016422559208,73.68001827823298,86.61595345191057,1,0,-0.6174098915468319,0.9332127372387542,0,5866.77001953125,0,100.70999908447266,,1,,1,1,6.0,1,,1,,0
2017-04-12,-0.9832175343620816,-0.9865131739852764,-0.9786512456596096,-0.9825571704076504,-1.133075027458725,0.0008487897539494,0.9987211593856772,0.9978608300343124,0.9971609153836466,71.0737298112314,77.94593231706727,1,0,-0.6278312853512802,0.9312920004645836,0,5836.16015625,0,100.77999877929688,,1,,1,1,6.0,1,,1,,0
2017-04-13,-0.9841672566492426,-0.9865507455959136,-0.9799051113127186,-0.9826729530000832,-1.1302915888870648,0.0008105872527384,0.9997341739603152,0.9989116615130906,0.9981975379147512,55.81074762668761,41.14857207903519,0,0,-0.5443110186100516,0.9453768374931824,0,5805.14990234375,0,100.55999755859376,,1,,1,1,6.0,1,,1,,0
2017-04-14,-0.9842204090880255,-0.9870043090521804,-0.9798009306266072,-0.9836105093293576,-1.134565362699064,0.000767178976015,0.9998207509604632,0.9990421583316448,0.9983199035519564,55.047366687831854,39.748316690500765,0,0,-0.673845564161214,0.9429312787351776,1,5805.14990234375,1,100.55999755859376,,1,,1,1,6.0,1,,1,,1
2017-04-15,-0.9840682828853744,-0.9870884709276492,-0.9796401574004674,-0.9837030705161256,-1.1368209048114588,0.0007365622856198,0.9997175507549728,0.99897004588578,0.998237408593355,56.990131896915834,46.67327215530857,0,0,-0.6740237188897853,0.8811652609130706,1,5805.14990234375,1,100.55999755859376,,1,,1,1,6.0,1,,1,,1
2017-04-16,-0.9837499798003098,-0.9871119164932716,-0.9794022584273618,-0.9835408562998078,-1.1377152377298632,0.0007295726770175,0.9994873402168354,0.9987470250943082,0.9979961419676248,61.05377262958127,59.62066944472045,0,0,-0.6970170679279987,0.7225658667095384,1,5805.14990234375,1,100.55999755859376,,1,,1,1,6.0,1,,1,,1
2017-04-17,-0.9834148703421852,-0.98688107490311,-0.9794010133003744,-0.983215812557724,-1.134636679150038,0.000742514647826,0.9992780259303948,0.9985246471544066,0.9977478871489416,65.06354545226597,69.88454789165604,0,0,-0.8308292081194966,0.2449784425822753,0,5856.7900390625,0,100.3000030517578,,1,,1,1,6.0,1,,1,,1
2017-04-18,-0.98287234555486,-0.9861996785208148,-0.9787442277950712,-0.9828944345682928,-1.1338747715604605,0.0007874709937695,0.9989224234048576,0.9981235949357382,0.9973070629571972,70.69887670422128,80.55419329921315,1,0,-0.838435417513864,0.1402141538145933,0,5849.47021484375,0,99.5,,1,,1,1,6.0,1,,1,,0
2017-04-19,-0.9829145013230964,-0.986261594627212,-0.9783925135861768,-0.9823335520375386,-1.1331032293902816,0.0008103563204041,0.999124317772594,0.998301996073806,0.9974535011115948,69.69101089192317,77.70206334434475,0,0,-0.8546015337598606,0.1366677615197773,0,5863.02978515625,0,99.73999786376952,,1,,1,1,6.0,1,,1,,1
2017-04-20,-0.982340515393214,-0.9855017454930955,-0.9782889554635592,-0.982365630170111,-1.1319132928692883,0.0008648396411438,0.9987650708546444,0.9978876286586532,0.9969933609153296,75.2370687646746,86.42672727950617,1,0,-1.1852647454715253,0.0265727037863606,0,5916.77978515625,0,99.77999877929688,,1,,1,1,6.0,1,,1,,0
2017-04-21,-0.9825552618361122,-0.9856475262776512,-0.9780666053933218,-0.9818053554905088,-1.1338024872167178,0.0008805395107668,0.9991396720619624,0.9982458407280332,0.9973203778970524,69.72900390486596,72.31239752640487,0,0,-1.1824926817228338,-0.1534270071822254,0,5910.52001953125,0,99.9800033569336,,1,,1,1,6.0,1,,1,,1
2017-04-22,-0.9822601751874064,-0.9856589445249464,-0.9782870915691968,-0.9820103430363551,-1.134807644209115,0.000906345015801,0.9990179517259268,0.9980978974511836,0.9971373516040262,72.87727412422137,78.68887563669233,1,0,-1.1805888268822138,-0.1626204135822136,1,5910.52001953125,1,99.9800033569336,,1,,1,1,6.0,1,,1,,0
2017-04-23,-0.9830085901637988,-0.98575994024315,-0.9784279655402502,-0.981728982535954,-1.134383926800033,0.0008565316667474,0.9998131078636192,0.9989428547578733,0.9979794019274634,55.87209948848734,44.23700159257985,0,0,-1.096415310540965,-0.6696039552560099,1,5910.52001953125,1,99.9800033569336,,1,,1,1,6.0,1,,1,,1
2017-04-24,-0.9816968764253052,-0.9851966669500016,-0.9782510170516296,-0.9824099249920936,-1.1354021943399355,0.0009123812024202,0.9987126737116404,0.9977865326942104,0.996778750162273,70.0194049151514,72.437393060826,1,0,-0.9253058730898938,-0.6753279220940159,0,5983.81982421875,0,99.08999633789062,,1,,1,1,6.0,1,,1,,1
2017-04-25,-0.9812282780515392,-0.9846965132289036,-0.9769965326311456,-0.9811629090309448,-1.1351052272404063,0.000983121521411,0.9985069397269376,0.9975089982869344,0.9964474198676002,73.51890508403895,77.78794124223879,1,0,-0.933468403487454,-0.6864814901621618,0,6025.490234375,0,98.81999969482422,,1,,1,1,6.0,1,,1,,1
2017-04-26,-0.9807520427902592,-0.9838774521170074,-0.9765002090702354,-0.9806881735521036,-1.1312743513045185,0.0010653314614471,0.9983260677447172,0.9972446346620246,0.996121466581556,76.70718488188369,82.41394450198372,1,0,-0.9328919868043876,-0.9815370362642836,0,6025.22998046875,0,98.95999908447266,,1,,1,1,6.0,1,,1,,1
2017-04-27,-0.9796324743348866,-0.9831299274985288,-0.9760222359479152,-0.980202746605454,-1.12601403079032,0.0012069107332834,0.9976182625939888,0.996393625788642,0.9951800972930396,82.44153342516275,89.35988718636087,1,0,-1.0291056487607548,-0.9548117471599784,0,6048.93994140625,0,99.08000183105467,,1,,1,1,6.0,1,,1,,0
2017-04-28,-0.9796706587724576,-0.982781861749358,-0.975677984908708,-0.979107253392815,-1.122569564396788,0.0013010346437389,0.9980168720471349,0.9966958523467824,0.9954055209089748,81.65048237167836,87.78318891745397,1,0,-1.03086927364103,-0.9638616609527688,0,6047.60986328125,0,99.0500030517578,,1,,1,1,6.0,1,,1,,1
2017-04-29,-0.9795084494917604,-0.982904497834704,-0.974967712088607,-0.9791041992204624,-1.1271795060213372,0.0013728916142797,0.9981815432689336,0.9967869744353548,0.9954264916963164,82.47473484082016,88.89318989817332,1,0,-1.030527612008423,-0.992710446711725,1,6047.60986328125,1,99.0500030517578,,1,,1,1,6.0,1,,1,,1
2017-04-30,-0.9787111591810672,-0.9822820088946732,-0.9749767278709096,-0.9789810851227242,-1.1276014622175408,0.0014771458283567,0.9977729131667052,0.9962726110115973,0.9948262799278744,86.03292898496622,93.0384451491067,1,0,-1.011924174238383,-1.069604923796461,1,6047.60986328125,1,99.0500030517578,,1,,1,1,6.0,1,,1,,1
2017-05-01,-0.9764595004596422,-0.9796847612362816,-0.9739386829635914,-0.9781736686063436,-1.1143805312935864,0.0017216124088629,0.9961705203562756,0.9944239486945718,0.9928280925933408,91.59423099909084,97.10581255197636,1,0,-0.7582261757855994,-0.93342557110019,0,6091.60009765625,0,99.13999938964844,,1,,1,0,15.0,1,,1,,1
2017-05-02,-0.975505806841816,-0.9784950914088318,-0.9718430051756152,-0.9759518272090932,-1.124775964305562,0.0019696046632869,0.995933405307763,0.9939347523977636,0.9921751916840224,92.96348224321952,97.82384245904016,1,0,-0.748644810440874,-0.9306552186305488,0,6095.3701171875,0,98.9800033569336,,1,,1,1,15.0,1,,1,,1
2017-05-03,-0.9743672990545662,-0.977927910521413,-0.9708540934347571,-0.9749513415044228,-1.1200923319010867,0.0022322760859549,0.9955719472507764,0.993306358534614,0.991366453366789,94.25298690335566,98.43991312137786,1,0,-0.7606245503727008,-0.964420474629254,0,6072.5498046875,0,99.20999908447266,,1,,1,1,15.0,1,,1,,1
2017-05-04,-0.9729138442363352,-0.9744370565935744,-0.9695097359001612,-0.9738228565179092,-1.1047049035916263,0.0025285788546169,0.9949920194160964,0.9924256469041656,0.9902803497059064,95.47460411469764,98.94722893696142,1,0,-0.7289752852100985,-0.9559869375146436,0,6075.33984375,0,98.76000213623048,,1,,1,1,15.0,1,,1,,1
2017-05-05,-0.972370711630326,-0.9741629342691276,-0.9682785710378604,-0.9722908143037062,-1.1041555375109435,0.0027752360025709,0.9952884425057732,0.992469189539825,0.9901263869451162,95.8545461037666,99.09401758252436,1,0,-0.7882170878007579,-0.9771992756418926,0,6100.759765625,0,98.6500015258789,,1,,1,1,15.0,1,,1,,1
2017-05-06,-0.97165742335334,-0.9753420811103168,-0.9678994906080736,-0.9718038584063065,-1.120148029026499,0.0029937597730342,0.9953916628253392,0.9923482429013012,0.9898115220837108,96.3224210944474,99.27180603398732,1,0,-0.7992961156304464,-1.086778385145576,1,6100.759765625,1,98.6500015258789,,1,,1,1,15.0,1,,1,,1
2017-05-07,-0.9711103194166656,-0.974803456848444,-0.9673627421773776,-0.9711116166312068,-1.0982604553208923,0.0031744945536957,0.9956229151304408,0.992393048316084,0.9896712477436216,96.65640397236784,99.39352077901938,1,0,-1.0104493115592204,-1.1027500013560434,1,6100.759765625,1,98.6500015258789,,1,,1,1,15.0,1,,1,,1
2017-05-08,-0.9672417772299956,-0.970997302257664,-0.9662071466533082,-0.970578531170924,-1.0868089619000207,0.003588520957382,0.9929312314875132,0.9892868665866936,0.9862807439032844,98.07943923074096,99.7645509724856,1,0,-0.6342864101494581,-0.8354368545090017,0,6102.66015625,0,99.1500015258789,,1,,1,1,15.0,1,,1,,1
2017-05-09,-0.9662639498543606,-0.967686792060885,-0.9624946904526788,-0.96669970244998,-1.0943937215976265,0.0039500091160771,0.9931608730761852,0.9891449824607512,0.9858526155970444,98.29150837139386,99.80479779798084,1,0,-0.6452788529861052,-0.8340901094403199,0,6120.58984375,0,99.58999633789062,,1,,1,1,15.0,1,,1,,1
2017-05-10,-0.9652934535924236,-0.9690408743758996,-0.9624076188742888,-0.9657028824979624,-1.1054891600012169,0.0042656304907525,0.9933609944553125,0.9890195340609034,0.9854474356492872,98.4832996255307,99.8408080556308,1,0,-0.6562743558809644,-0.8443944335477537,0,6129.14013671875,0,99.66999816894533,,1,,1,1,15.0,1,,1,,1
2017-05-11,-0.9634166139068276,-0.966471273405609,-0.9612803234163524,-0.9649742852573372,-1.1106028465207416,0.004614020425993,0.9927385338215172,0.988040942814539,0.984167011846881,98.78711893803718,99.89212288485098,1,0,-0.6473208875535985,-0.8211396312638513,0,6115.9599609375,0,99.62000274658205,,1,,1,1,15.0,1,,1,,0
2017-05-12,-0.967214589462971,-0.9670056928759008,-0.9631878617572962,-0.9629766738104988,-1.1131768246501612,0.0045314216650675,0.9971657034668184,0.9925288634049312,0.988510156955356,67.3063902737163,53.42589998950386,0,0,0.0422392378403896,-0.4793904559082358,0,6121.22998046875,0,99.25,,1,,1,1,15.0,1,,1,,1
2017-05-13,-0.9647503172574652,-0.9683029664753392,-0.9645228922278424,-0.9667232259166468,-1.1202753938599694,0.0046116475221598,0.99544826222242,0.9907339654260334,0.9865335780165472,73.60389759574227,66.79023120985445,1,0,0.0667519953582834,-0.5033354825692873,1,6121.22998046875,1,99.25,,1,,1,1,15.0,1,,1,,1
2017-05-14,-0.964628127057238,-0.9677490090336957,-0.960618872480965,-0.9643483328201364,-1.1265420159437591,0.0046316955170832,0.9960389973937502,0.9912980984722308,0.9869346600494768,73.89162501694649,67.40852265948065,1,0,0.0930420078989361,-0.5083243139578034,1,6121.22998046875,1,99.25,,1,,1,1,15.0,1,,1,,0
2017-05-15,-0.9667811177886112,-0.9683086755989868,-0.962736009728881,-0.9641167713644188,-1.1135927975092483,0.0044228712323456,0.9985290719366972,0.9939884203938166,0.9895589727334752,60.48693645797296,46.896373399839696,0,0,0.2306840115946976,-0.3808114267411459,0,6149.669921875,0,98.91000366210938,,1,,1,1,15.0,1,,1,,0
2017-05-16,-0.9669027001701544,-0.9691160175971746,-0.9634201614550768,-0.9661556234608872,-1.1035832038627975,0.0041991604918458,0.9988613886675186,0.9945470893034288,0.9900839796939368,59.78030007594737,45.84594959799801,0,0,0.2425793638759126,-0.3713161422339262,0,6169.8701171875,0,98.11000061035156,,1,,1,1,15.0,1,,1,,1
2017-05-17,-0.9637062040847344,-0.9667682395628516,-0.9641861005622036,-0.9666129438177672,-1.098933579338648,0.0042310260040594,0.9962398648961552,0.9919014261453932,0.9873215123645652,70.30427447532013,69.66460424513627,1,0,0.3607823751532229,-0.2851375563505114,0,6011.240234375,0,97.41999816894533,,1,,1,1,15.0,1,,1,,1
2017-05-18,-0.9621922657140228,-0.9655530254430914,-0.9596703894060116,-0.9638033364605934,-1.1064307429808689,0.0043285450531261,0.9954903819136502,0.9910521127126756,0.986320862756212,74.01938927898433,76.25879845340535,1,0,0.3523353603512446,-0.2791112024948479,0,6055.1298828125,0,97.87999725341795,,1,,1,1,15.0,1,,1,,1
2017-05-19,-0.9591662273444472,-0.9625460931264423,-0.9570852286633186,-0.9614000309841632,-1.0948613904893996,0.0045970140919551,0.9935274574428756,0.9888190001768584,0.9838664048837872,79.83703047992736,84.96743454200349,1,0,0.4255588535123901,-0.2387660154666015,0,6083.7001953125,0,97.1500015258789,,1,,1,1,15.0,1,,1,,1
2017-05-20,-0.9562025034413022,-0.9601351991891716,-0.954452176085034,-0.958746223708452,-1.1034824106775,0.0049913878771351,0.9919137573133204,0.9868042810941736,0.9815644055906664,83.90890506710366,89.83609959582401,1,0,0.4743451941949441,-0.2009395011600697,1,6083.7001953125,1,97.1500015258789,,1,,1,1,15.0,1,,1,,0
2017-05-21,-0.9575322391902236,-0.9591027283935726,-0.9525060767686668,-0.9562170557520812,-1.0952762652301455,0.0051374124880928,0.9943191153445048,0.9890427859510232,0.9835878586918558,75.96674018389702,75.25533141725082,1,0,0.5621500423473073,-0.1633007317312428,1,6083.7001953125,1,97.1500015258789,,1,,1,1,15.0,1,,1,,1
2017-05-22,-0.9534938545642908,-0.95354754561467,-0.9531165268471126,-0.9569453509317044,-1.0603282942393408,0.0055154235638397,0.991632011379398,0.9859764198073272,0.9802299350720792,81.95269511075523,85.0685650093618,1,0,0.4804616384960454,-0.0897870016206608,0,6133.6201171875,0,96.9800033569336,,1,,1,1,15.0,1,,1,,1
2017-05-23,-0.9490027531583048,-0.953038971303102,-0.948121286159866,-0.952412765244792,-1.0851182313251335,0.0061069967574083,0.9889450556197992,0.9826911771508212,0.9765468298121938,86.32370896554139,90.59763044853568,1,0,0.6070374745328891,-0.0747030080133976,0,6138.7099609375,0,97.3499984741211,,1,,1,1,15.0,1,,1,,1
2017-05-24,-0.9452386849352508,-0.9469403503997136,-0.9436783390100644,-0.948447174162487,-1.0698682001456834,0.006801152174637,0.9872975144177112,0.9803334485615004,0.9737169737626512,88.91907382959533,93.34958963346392,1,0,0.6577625176963393,-0.0478889560873994,0,6163.02001953125,0,97.23999786376952,,1,,1,1,15.0,1,,1,,0
2017-05-25,-0.9494744055412866,-0.9397269020237372,-0.9448000389887948,-0.944632501706688,-1.0398934381816616,0.0069296078842392,0.9929863566864628,0.9858417898435968,0.978921785767502,71.34048946572217,64.86437639649039,1,0,0.9538496812223952,0.1736511737212711,0,6205.259765625,0,97.25,,1,,1,1,15.0,1,,1,,0
2017-05-26,-0.95260736406501,-0.9454353799093228,-0.9514335137525156,-0.9484618446313944,-1.0681919816270309,0.0067013573142659,0.9968360113868316,0.9898943820666868,0.9828398253418824,61.041605576068406,49.859801830057584,0,0,0.7746738129041815,0.3088118180409845,0,6210.18994140625,0,97.4000015258789,,1,,1,1,15.0,1,,1,,0
2017-05-27,-0.9576034136394344,-0.954861047654914,-0.9581556165033606,-0.9522688797917378,-1.0709636773716582,0.0060476145106088,1.0017459263893345,0.9954483314579656,0.9884598056205184,48.23028483094031,33.42156960649454,0,0,1.1188286420635734,0.5694138361932279,1,6210.18994140625,1,97.4000015258789,,1,,1,1,15.0,1,,1,,1
2017-05-28,-0.9540314869705524,-0.954646434505558,-0.9519904727200448,-0.9566126661650168,-1.0953079417207618,0.0057514441906105,0.9983150836937849,0.9923427572391642,0.985361186764208,55.87072606861616,49.34234393109194,0,0,1.2075671000992108,0.6081680631446191,1,6210.18994140625,1,97.4000015258789,,1,,1,1,15.0,1,,1,,1
2017-05-29,-0.9509825342094852,-0.9534528607529404,-0.9503394950725434,-0.953394314335047,-1.1020178558769904,0.005697079696445,0.9958715706178204,0.9899654389885072,0.9828977430562108,61.47119364244998,60.17967483206212,0,0,1.1092076628948404,0.6257602118019125,1,6210.18994140625,1,97.4000015258789,,1,,1,1,15.0,1,,1,,0
2017-05-30,-0.9534306190474618,-0.95360585499321,-0.9497983886973912,-0.9504637259528892,-1.0822488649932611,0.0053942736276568,0.9986756297145792,0.9930645580952924,0.9859914325296556,55.00400547917515,48.96519285309406,0,0,1.2210736945107863,0.7041341227512056,0,6203.18994140625,0,97.27999877929688,,1,,1,1,15.0,1,,1,,1
2017-05-31,-0.9500416756340532,-0.9533317289996608,-0.9491453347769316,-0.9525462687493363,-1.077811520822939,0.0053659022662553,0.9958726362139656,0.990302423981529,0.983161982349739,61.477567503274535,62.02649900916437,0,0,1.1909621862589608,0.6972591810430829,0,6198.52001953125,0,96.91999816894533,,1,,1,1,15.0,1,,1,,1
2017-06-01,-0.9463310656235986,-0.9492045682913944,-0.9447058117263456,-0.9494565203232134,-1.0730446454168117,0.0055785271860339,0.9932080267022656,0.9874267789854562,0.9801167913527324,67.40249130410635,72.35533175692831,0,0,1.2416684870134558,0.7308855447490289,0,6246.830078125,0,97.1999969482422,,1,,1,0,15.0,1,,1,,1
2017-06-02,-0.943866789689144,-0.9479974628883832,-0.9420628095205176,-0.9459219814780672,-1.0878336076772892,0.0058781211186826,0.9920530338582486,0.9859615556361429,0.978425376597551,70.83932536959608,77.72125134783455,1,0,1.2009376386965795,0.7359431997849193,0,6305.7998046875,0,96.72000122070312,,1,,1,1,15.0,1,,1,,1
2017-06-03,-0.9430481138560414,-0.9451913185424886,-0.9405001447822748,-0.9431820271504432,-1.0791260923678336,0.0061111660483993,0.9925374416337416,0.986194369491814,0.978437108780695,71.97207929540298,79.48510836215031,1,0,1.152998689380143,0.7310633283028657,1,6305.7998046875,1,96.72000122070312,,1,,1,1,15.0,1,,1,,0
2017-06-04,-0.9431562533765062,-0.9450716911212752,-0.9395992422611664,-0.9415302308010048,-1.0861578340373492,0.0062154816749105,0.9937747940209496,0.9873088469158372,0.9793731586617666,71.54847654088685,78.39201907359767,1,0,1.1074336490380177,0.7388977087869182,1,6305.7998046875,1,96.72000122070312,,1,,1,1,15.0,1,,1,,1
2017-06-05,-0.937810432116562,-0.9420383045748708,-0.9378055229521304,-0.9426113705223312,-1.085533545313216,0.0066528260221168,0.9899480259582246,0.98304440976596,0.9748227988774596,78.69942877492917,88.66578970054583,1,0,1.1285077267701924,0.807355602140096,0,6295.68017578125,0,96.8000030517578,,1,,1,1,15.0,1,,1,,1
2017-06-06,-0.9324221530435136,-0.9326273719453264,-0.9321886336357882,-0.9371601688497084,-1.0538438547511642,0.0073494932740787,0.9866493666290184,0.979035485567462,0.9703931124506052,83.51742937901503,93.0846124732449,1,0,1.1200583200186764,0.8592674304021709,0,6275.06005859375,0,96.63999938964844,,1,,1,1,15.0,1,,1,,0
2017-06-07,-0.9364251051962238,-0.9365507506951156,-0.931886363875101,-0.9317059241921772,-1.0790046686361583,0.0074922364675753,0.992276578694987,0.9844608474562964,0.975532348839145,69.95408195649405,67.15212692548957,0,0,1.2005768644886203,0.8764284922313723,0,6297.3798828125,0,96.75,,1,,1,1,15.0,1,,1,,1
2017-06-08,-0.9341810759044152,-0.9381762438677548,-0.932807173243534,-0.9362543885920046,-1.0894112714826478,0.0076977015744469,0.991439449540411,0.983405504886314,0.974218694683456,72.81029318227625,72.81333421217381,1,0,0.9892984765559164,0.8793703963708167,0,6321.759765625,0,96.91999816894533,,1,,1,1,15.0,1,,1,,1
2017-06-09,-0.9336254177587768,-0.9355789962093632,-0.9289302046396832,-0.9335981387242408,-1.0864292832599598,0.0078152814210844,0.9922465521652052,0.9840728501085468,0.9746467688025944,73.52924251198198,74.27699808512665,1,0,0.8071690260138606,0.8812993264885487,0,6207.919921875,0,97.2699966430664,,1,,1,1,15.0,1,,1,,1
2017-06-10,-0.9298405792898956,-0.934097772151008,-0.930456176092984,-0.9329657721521848,-1.0569551900517131,0.008120263783676,0.9900176655204004,0.981531551732609,0.9718124312033936,78.08380343866553,82.72405758670206,1,0,0.2719574879653923,0.8921672230567588,1,6207.919921875,1,97.2699966430664,,1,,1,1,15.0,1,,1,,1
2017-06-11,-0.929522880294566,-0.9327268559932584,-0.9275336049172772,-0.9294749165487212,-1.0686794504372052,0.0082920149701353,0.9912533016547812,0.982564781093524,0.9725681274364036,78.44304287290322,83.33648925289599,1,0,0.2369706739921838,0.6976642761232881,1,6207.919921875,1,97.2699966430664,,1,,1,1,15.0,1,,1,,0
2017-06-12,-0.938640719896793,-0.9327070208245958,-0.937546164519085,-0.9291446781032342,-1.032729708318889,0.0076047329403159,1.0008262846070406,0.9927763067987624,0.9827977740733064,50.844472899830336,35.36400650704117,0,0,1.0296068932717852,1.059045678225316,0,6175.4599609375,0,97.13999938964844,,1,,1,1,15.0,1,,1,,1
2017-06-13,-0.936887591822609,-0.9389655485575544,-0.9334468572333536,-0.9374635275951742,-1.0674123908125472,0.0071194511628674,0.9991173289128944,0.9915888514454186,0.9816950878759364,54.40351492415865,43.676095445721224,0,0,0.9118765738891632,1.0576761894548443,0,6220.3701171875,0,96.9800033569336,,1,,1,1,15.0,1,,1,,0
2017-06-14,-0.9433224302589198,-0.9390319739910484,-0.940830718405214,-0.9363646744200324,-1.0711361382650144,0.0061447908504272,1.0050549949737475,0.9985177828976504,0.9888860633291569,41.636105883969385,26.805690881786973,0,0,1.2356489372603,1.2012573511258933,0,6194.89013671875,0,96.94000244140624,,1,,1,1,15.0,1,,1,,0
2017-06-15,-0.9445990135690584,-0.9466100210925176,-0.9470496569889554,-0.943003005663316,-1.0566309466780754,0.0052093062863057,1.0054228264373426,0.9998787591987492,0.9906040656550946,39.51344725825109,24.3207871437958,0,0,1.15384980059535,1.215884084834722,0,6165.5,0,97.43000030517578,,1,,1,1,15.0,1,,1,,1
2017-06-16,-0.9429500574136228,-0.9464534237934936,-0.9416949276413804,-0.943919786908126,-1.0931939738116063,0.0045485521326691,1.0031016816257612,0.9982713377925768,0.9893064168909836,43.78485690141724,34.739863581992225,0,0,1.1271254406200928,1.165432633338462,0,6151.759765625,0,97.16000366210938,,1,,1,1,15.0,1,,1,,1
2017-06-17,-0.938755273209506,-0.9420870009045956,-0.9385910538287155,-0.9425621830579474,-1.0782655505217749,0.004313658562682,0.9988484044976907,0.9942848443711316,0.9854887676827212,53.43659527150999,55.51374724784378,0,0,1.2392532414767388,1.2015868091779711,1,6151.759765625,1,97.16000366210938,,1,,1,1,15.0,1,,1,,0
2017-06-18,-0.9420418793470652,-0.9427810189998392,-0.9376155120184976,-0.9382443590142392,-1.093921215353775,0.0038182872297793,1.0019838518899182,0.9979310103331124,0.989368142384554,46.2567758166008,41.66003595174678,0,0,1.321908715846804,1.2229530177320322,1,6151.759765625,1,97.16000366210938,,1,,1,1,15.0,1,,1,,1
2017-06-19,-0.940779958264322,-0.9427584760334566,-0.9365986152893724,-0.9414923501138772,-1.0821225982781322,0.0034873286111168,1.0005428683117057,0.9968457064927496,0.988506344308398,49.27616612572636,48.269085609440296,0,0,1.1292923797845702,1.1872578142882018,0,6239.009765625,0,97.52999877929688,,1,,1,1,15.0,1,,1,,1
2017-06-20,-0.936741879412206,-0.939734717212278,-0.9353301345786356,-0.940202258762198,-1.0642011886880705,0.0035104148597853,0.996823626783246,0.9931137811497228,0.9848711958903568,57.990489412025696,65.12542108617933,0,0,1.053021708564048,1.207018988171412,0,6188.02978515625,0,97.75,,1,,1,1,15.0,1,,1,,0
2017-06-21,-0.937740477033668,-0.9394774250614636,-0.933135256612498,-0.936592264332947,-1.074214918580274,0.003408837439682,0.9982108804090274,0.9946018115032508,0.9864657421839887,55.28056184361296,58.80715845000781,0,0,0.963461617168616,1.1469026689510595,0,6233.9501953125,0,97.55999755859376,,1,,1,1,15.0,1,,1,,1
2017-06-22,-0.9372422521602438,-0.9409282909648956,-0.933696254650499,-0.9371543662951533,-1.097472501912886,0.0033301512749205,0.9980366687342364,0.9945099750130542,0.9864854873858664,56.45208548156377,61.30451763614497,0,0,0.9272927859960556,1.061797878256448,0,6236.68994140625,0,97.54000091552734,,1,,1,1,15.0,1,,1,,1
2017-06-23,-0.9360356239329992,-0.9396830195566256,-0.9317056838016368,-0.9366561073496452,-1.1034831596505223,0.0033268073716549,0.9972501254613616,0.9937279831721528,0.9857870075363712,59.422620624615845,67.63969376099226,0,0,0.9373301916917388,1.0091760324093273,0,6265.25,0,97.3000030517578,,1,,1,1,15.0,1,,1,,0
2017-06-24,-0.9401958929853428,-0.939900333165496,-0.9355363169786302,-0.9357035859487584,-1.1025402983484935,0.0029544018549874,1.0014232568540782,0.9982818652942832,0.9905503093297384,46.73901493575611,38.593116926809806,0,0,0.9244728729523708,0.9871232359041622,1,6265.25,1,97.3000030517578,,1,,1,1,15.0,1,,1,,0
2017-06-25,-0.9407857679668354,-0.9421750667052324,-0.936502520336442,-0.939713777643196,-1.0946937669481216,0.0025819071997585,1.001735375500532,0.9989889767262364,0.9915150437736812,45.161948223498015,35.69523389274309,0,0,0.9167750738841468,0.9269311254841702,1,6265.25,1,97.3000030517578,,1,,1,1,15.0,1,,1,,0
2017-06-26,-0.944175322927877,-0.9441892059018128,-0.9419704499485496,-0.940223335907664,-1.0726002960535082,0.0019902513652967,1.004518575619798,1.0023960516447263,0.9952791137540724,36.90551627922731,22.65936141004761,0,0,0.4625277371871833,0.8115390263245388,0,6247.14990234375,0,97.43000030517578,,1,,1,1,15.0,1,,1,,1
2017-06-27,-0.941914804223672,-0.9460768050878792,-0.9433169864553738,-0.9436485137535288,-1.0802330125500632,0.0016843486980019,1.0017878365221418,0.9999964282082948,0.9931729205508124,44.68696652500263,41.61819289434613,0,0,0.4909645730128664,0.760026579008935,0,6146.6201171875,0,96.47000122070312,,1,,1,1,15.0,1,,1,,1
2017-06-28,-0.9412323692705592,-0.9445279521303764,-0.9386078478585712,-0.9413701533865892,-1.0936920014519864,0.0014799257646375,1.0008984875646254,0.9993258081100684,0.9927471488020584,46.965365610159814,46.86149672956193,0,0,0.0969233982752735,0.7163516411190126,0,6234.41015625,0,96.0500030517578,,1,,1,1,15.0,1,,1,,0
2017-06-29,-0.9423158899761273,-0.94498331711602,-0.9377974372189494,-0.94092627287972,-1.1039820629698875,0.001216465395721,1.0017346555643365,1.0004409144264717,0.9941281739020076,43.66995931264822,39.37523018915013,0,0,0.0897634300892471,0.679673147519604,0,6144.35009765625,0,95.62999725341795,,1,,1,1,15.0,1,,1,,0
2017-06-30,-0.9441023101068184,-0.9458724140583704,-0.9387941234112414,-0.941791427797242,-1.1079286890260205,0.000853681274085,1.0030729685839277,1.0021640017851616,0.9961685795089968,38.52723339117607,29.14128731200441,0,0,0.0982296758849399,0.6417796512888568,0,6140.419921875,0,95.66000366210938,,1,,1,1,15.0,1,,1,,0
2017-07-01,-0.9455163573922124,-0.9471943330199818,-0.9406351119923756,-0.9432162383557696,-1.111464095104502,0.0004469186457737,1.0038687186074964,1.0033926086696447,0.9977521446073926,34.78577818096731,22.868317913539514,0,0,-0.1231624003990096,0.5818642442868309,1,6140.419921875,1,95.66000366210938,,1,,1,0,13.0,1,,1,,1
2017-07-02,-0.943319379978653,-0.9472240894420784,-0.941393584133696,-0.9449331083408032,-1.1104155582140889,0.0002983943443803,1.0012995164741725,1.0009824704516992,0.9956120746569508,44.45567777902629,46.655935031687875,0,0,-0.1502887465640095,0.5750704207559456,1,6140.419921875,1,95.66000366210938,,1,,1,1,13.0,1,,1,,1
2017-07-03,-0.9415601438860371,-0.9447978659941394,-0.9387306826727816,-0.943034166425438,-1.103360280208123,0.0003189665675501,0.9995194702186264,0.9991811463895366,0.993998735645569,51.148428217373045,59.86972830348897,0,0,-0.1287919385021342,0.5863092403831609,0,6110.06005859375,0,96.1999969482422,,1,,1,1,13.0,1,,1,,1
2017-07-04,-0.9404121720262724,-0.9436980671658062,-0.9362776838083484,-0.9411266773024636,-1.1024186071264537,0.0004230255623502,0.9985618673738242,0.9981135317063552,0.9930677379529004,55.211774528565115,66.98509525121403,0,0,-0.3310681409887402,0.5914946117195685,1,6110.06005859375,1,96.1999969482422,,1,,1,1,13.0,1,,1,,1
2017-07-05,-0.9404014774005932,-0.9439667849021212,-0.9369245196861083,-0.939847579479594,-1.1043521936117546,0.0005005855932325,0.9987732361255184,0.9982425130125588,0.9933269237533072,55.25178404244619,67.05764783616762,0,0,-0.338068626035798,0.4585331277211263,0,6150.85986328125,0,96.29000091552734,,1,,1,1,13.0,1,,1,,1
2017-07-06,-0.9402007779085084,-0.9441450225682876,-0.9355829636872344,-0.9396878078553288,-1.1122541152275405,0.000571657535962,0.998781335336511,0.9981751680338938,0.9933831451845744,56.100931887219865,68.77464526249392,0,0,-0.3423720016844548,0.3260229242732844,0,6089.4599609375,0,95.81999969482422,,1,,1,1,13.0,1,,1,,0
2017-07-07,-0.9429470071333558,-0.935145271590862,-0.9381584784918932,-0.9396728390545678,-1.1054148539934507,0.0004017536493837,1.0014369625813864,1.001009857719376,0.9964298919142722,43.16774927487556,35.25240489221666,0,0,-0.2902802964993978,0.2974540543869103,0,6153.080078125,0,96.01000213623048,,1,,1,1,13.0,1,,1,,1
2017-07-08,-0.9413377568266758,-0.9455090187985312,-0.9383624819196597,-0.9423709448814098,-1.1135135640473866,0.0003924329234021,0.999769745354968,0.9993532223772542,0.9949350113650556,50.83173887226443,53.109627493194296,0,0,-0.4415818209642385,0.2875515989056026,1,6153.080078125,1,96.01000213623048,,1,,1,1,13.0,1,,1,,0
2017-07-09,-0.9429537266994206,-0.9435808466758994,-0.9375763284795806,-0.9407719980198596,-1.1225534178336376,0.0002517489126462,1.001257117430719,1.0009895382147036,0.9967742130158402,43.96261792710354,38.78694799212194,0,0,-0.4093656399961154,0.2942127747586869,1,6153.080078125,1,96.01000213623048,,1,,1,1,13.0,1,,1,,0
2017-07-10,-0.9474099997219192,-0.9465363822033092,-0.9436858097719892,-0.9422188105526,-1.096889125136189,-0.0002168287034177,1.0050628866669151,1.0052941278542524,1.001426522581885,30.743426225515236,19.475453924656733,0,0,-0.2685482818577127,0.31284890166725,0,6176.39013671875,0,96.0500030517578,,1,,1,1,13.0,1,,1,,0
2017-07-11,-0.9484721386340268,-0.9502541664579364,-0.944442102941082,-0.9464761478129644,-1.087273550429062,-0.0006662059659332,1.0052324220827538,1.0059426924026618,1.0024490050697286,28.39528096185461,16.814896002345336,0,1,-0.3629286629620698,0.3106113014178492,0,6193.2998046875,0,95.73999786376952,,1,,1,1,13.0,1,,1,,1
2017-07-12,-0.946607209211478,-0.9499463801171228,-0.9451159975541066,-0.9480989164730348,-1.096615913292856,-0.000861920779314,1.0027536028474802,1.003669997859188,1.0004591923537038,37.99059601361228,36.97236351819077,0,0,-0.2929158123012172,-0.0010218159083692,0,6261.169921875,0,95.79000091552734,,1,,1,1,13.0,1,,1,,0
2017-07-13,-0.9478578315788068,-0.9499009933179444,-0.9430731769251964,-0.9459626142765454,-1.109006703354679,-0.0011052008842931,1.0034487930848786,1.0046242233844946,1.001711000820797,34.42149365423175,30.388233640614033,0,0,-0.2868630527939521,-0.0183927431137206,0,6274.43994140625,0,95.7300033569336,,1,,1,1,13.0,1,,1,,0
2017-07-14,-0.9516628287458824,-0.951763642606322,-0.9479745054278598,-0.9472490361464238,-1.1069506794900033,-0.0015867426108179,1.006319380581264,1.0080106950141157,1.0055061522531024,25.884592078330883,17.642783777532756,0,1,-0.1208531148064298,-0.14494198355829,0,6312.47021484375,0,95.11000061035156,,1,,1,1,13.0,1,,1,,0
2017-07-15,-0.9588256214155236,-0.9557345142201826,-0.95397047137787,-0.9512347870037444,-1.102062599975869,-0.0025173272236412,1.011731007510659,1.0144255515256806,1.012555051518501,16.822383667811707,8.59479539902675,0,1,0.537599638881075,0.2469578453434038,1,6312.47021484375,1,95.11000061035156,,1,,1,1,13.0,1,,1,,0
2017-07-16,-0.9609346254647106,-0.9609154852247772,-0.9585536661391124,-0.9585097733394816,-1.0937359937621545,-0.0033859698817868,1.01178394344958,1.015404004568952,1.014194313251545,15.034185796923666,7.154371882555623,0,1,0.4376874944238605,0.2425416556531415,1,6312.47021484375,1,95.11000061035156,,1,,1,1,13.0,1,,1,,1
2017-07-17,-0.9518134335373492,-0.955754048522432,-0.9557676147861216,-0.9603231723249376,-1.0929049265386532,-0.0033003273675326,1.0018440728459297,1.005336414608845,1.0043876736207518,44.483367966022975,52.7845257867616,0,0,1.5652576552790465,0.8066822623258263,0,6314.43017578125,0,95.12999725341795,,1,,1,1,13.0,1,,1,,1
2017-07-18,-0.949049797578656,-0.9510314438294092,-0.9485482584252446,-0.9511309227688683,-1.07923607877463,-0.0029751569751296,0.9990988428177906,1.0022379067769156,1.00141360286208,50.48344202008083,60.60599872153778,0,0,1.637383706270191,0.8226788969735723,0,6344.31005859375,0,94.66000366210938,,1,,1,1,13.0,1,,1,,0
2017-07-19,-0.950438182237159,-0.9507441017282898,-0.9455796631044272,-0.9483949362548988,-1.0909981763762022,-0.0027972432561175,1.000474182030587,1.0034287827594754,1.002765393498914,47.50718988927826,54.552749647935954,0,0,1.6387804696077477,0.8190999329067893,0,6385.0400390625,0,94.8000030517578,,1,,1,1,13.0,1,,1,,1
2017-07-20,-0.9338151168513662,-0.9356093543642864,-0.9452792610342214,-0.9500198529043162,-1.0468200307964588,-0.0012999182516874,0.9855572436071414,0.9869112324558976,0.985798231333092,71.06974061978795,82.48294737521712,1,0,3.141349828021096,1.8190330548999627,0,6390.0,0,94.2699966430664,,1,,1,1,13.0,1,,1,,0
2017-07-21,-0.938392364436724,-0.9374816240396844,-0.9343340709498374,-0.9326520314582092,-1.0802479694850102,-0.0004771230470291,0.9918548207343608,0.9923552713403044,0.990994413543476,62.19922881977339,67.29836253023049,0,0,3.193949315688725,1.8757106774322008,0,6387.75,0,93.94000244140624,,1,,1,1,13.0,1,,1,,1
2017-07-22,-0.9340436119291594,-0.9367599482490324,-0.9332189078877912,-0.9378386724429438,-1.093988527192413,0.0005198634022043,0.9891973935744022,0.98865308023549,0.9869281781219084,66.74888294613187,73.48239860024752,0,0,3.246081105339697,1.926630364184224,1,6387.75,1,93.94000244140624,,1,,1,1,13.0,1,,1,,0
2017-07-23,-0.9364788691826396,-0.9376688803600453,-0.9333361472227956,-0.9335779714909288,-1.098576778164032,0.0011007882364861,0.9930327959462708,0.9918750151547826,0.9899088754859438,61.93246518454957,64.3907087894904,0,0,3.259193261242154,1.9394582587548033,1,6387.75,1,93.94000244140624,,1,,1,1,13.0,1,,1,,1
2017-07-24,-0.9357316698436154,-0.9393196242967864,-0.9319289715132336,-0.9358813842752852,-1.107655877010391,0.0016029898261564,0.993426399219302,0.9917386327071518,0.989541286652455,62.88070759669761,66.10628806096159,0,0,3.1352498439638117,1.8889341596686715,0,6410.81005859375,0,93.9800033569336,,1,,1,1,13.0,1,,1,,0
2017-07-25,-0.9411807457008587,-0.9395955481506104,-0.9387154450516604,-0.9351237630744405,-1.0815396663801478,0.0015435008057914,0.9993326849542806,0.9976975905134972,0.9954870507016176,51.984553797290864,45.01742317317824,0,0,3.274411467744808,1.9761831608673792,0,6412.169921875,0,94.0500030517578,,1,,1,1,13.0,1,,1,,0
2017-07-26,-0.942617397874979,-0.9443241628336942,-0.9396533521394578,-0.9406143669266448,-1.104535300621646,0.0013646981143414,1.0007259907548938,0.9992782102075112,0.9971236486394724,49.381422418021536,40.47803453361102,0,0,3.2783601390414616,1.945697673083876,0,6422.75,0,93.66999816894533,,1,,1,1,13.0,1,,1,,1
2017-07-27,-0.9382695626888636,-0.9418426313331428,-0.9372109292621804,-0.9418076197586032,-1.1110597791939618,0.0015558942756096,0.9967065997142832,0.9950619632530616,0.9928154571072758,56.91523541873415,57.6925205882986,0,0,3.325404070281329,1.9854031446686289,0,6382.18994140625,0,93.86000061035156,,1,,1,1,13.0,1,,1,,1
2017-07-28,-0.9340775229911976,-0.935707040551944,-0.9325341335981016,-0.9374995735414012,-1.0850588372013057,0.0020223685741308,0.9934374249409216,0.991305237876918,0.9888303224559036,63.03573889667566,69.15911940284658,0,0,3.24404214542448,2.028017393936126,0,6374.68017578125,0,93.26000213623048,,1,,1,1,13.0,1,,1,,0
2017-07-29,-0.9365995305137844,-0.9383728197087228,-0.9321276831513032,-0.9336109669939512,-1.1104156032650976,0.0021636071700408,0.9967147114732516,0.9944250703879284,0.9918307663697562,57.37758699434737,56.80845848495791,0,0,2.840621600956034,2.042722740788504,1,6374.68017578125,1,93.26000213623048,,1,,1,1,13.0,1,,1,,1
2017-07-30,-0.9356608048971702,-0.9398825967235214,-0.9336188214179054,-0.9361352497662172,-1.1147184589111707,0.0023244917924347,0.9963724610515948,0.9939122105925332,0.9911928650557476,58.95970343501545,60.32479887402672,0,0,2.743552884213376,2.0310535713282674,1,6374.68017578125,1,93.26000213623048,,1,,1,1,13.0,1,,1,,1
2017-07-31,-0.9320513016094012,-0.9359423841309972,-0.9312628513516432,-0.934948411069114,-1.1079154046097777,0.002711988647267,0.9936708983540726,0.990806197120998,0.9878584494371616,64.76278489836872,72.00822377323715,0,0,2.2934205363310345,2.0471210411928715,0,6348.1201171875,0,92.86000061035156,,1,,1,1,13.0,1,,1,,0
2017-08-01,-0.9368497131588543,-0.9349886669536328,-0.9323512745524094,-0.9316472646914375,-1.087497487731436,0.0026018979267689,0.998973035759867,0.9962091212449355,0.9932189918053108,53.21977278078343,47.312725633388695,0,0,2.4354697020040943,2.1032586436858076,0,6362.93994140625,0,93.02999877929688,,1,,1,0,21.0,1,,1,,0
2017-08-02,-0.9370815717486288,-0.9397623675694816,-0.932880559813418,-0.9360515453063568,-1.09760404522743,0.002467497412929,0.9993401485410844,0.9967173516324132,0.9937194738092796,52.69611705812525,46.289935105372095,0,0,2.4103498500716625,2.095995754107931,0,6362.64990234375,0,92.83000183105467,,1,,1,1,21.0,1,,1,,1
2017-08-03,-0.9342082674003884,-0.9382360575783614,-0.9323658972022746,-0.936588289060996,-1.1103693640358618,0.0025632877000887,0.99684707037524,0.994127974762562,0.9910350096982072,58.53065373026355,60.425696027735896,0,0,0.7102859356043322,2.1120377044403136,0,6340.33984375,0,92.80999755859376,,1,,1,1,21.0,1,,1,,1
2017-08-04,-0.9314235554220516,-0.9356505290336784,-0.9305441853127332,-0.933613719105302,-1.1016881134645813,0.0028312680806072,0.9948129645374488,0.9918137651152246,0.9885429673219958,63.55718164289966,70.46904227860536,0,0,0.577100633200582,2.127338520706297,0,6351.56005859375,0,93.54000091552734,,1,,1,1,21.0,1,,1,,1
2017-08-05,-0.9205174685041324,-0.9239077496133058,-0.9264669486620788,-0.9308429098057058,-1.0601751940170494,0.0038789602914959,0.9857177100177078,0.9816402639782894,0.9778512743052848,76.45423109411571,87.2997908381472,1,0,1.073291762223622,2.347534933247299,1,6351.56005859375,1,93.54000091552734,,1,,1,1,21.0,1,,1,,0
2017-08-06,-0.921707905634899,-0.9238091608264084,-0.9177356171381538,-0.9198458084717896,-1.0971605743587998,0.0045606334458176,0.988971555232038,0.984155633294992,0.9799183964524824,73.19190855019143,80.61314940340888,1,0,1.0239384984753388,2.322224658828836,1,6351.56005859375,1,93.54000091552734,,1,,1,1,21.0,1,,1,,1
2017-08-07,-0.916667559875523,-0.9206714837076644,-0.9169491600085656,-0.9212153306795248,-1.080563416649165,0.0054448136877485,0.9860568318688864,0.9803151539916926,0.9755329755318616,77.81635760762381,86.46549355043616,1,0,1.0869727639728952,2.3498255677463753,0,6383.77001953125,0,93.43000030517578,,1,,1,1,21.0,1,,1,,1
2017-08-08,-0.9154151103231932,-0.918051384878272,-0.91181988216034,-0.9164056692834602,-1.068663609376209,0.0061754088422932,0.9870314414006008,0.980502730573453,0.9751867535353616,78.86182252196853,87.696060971003,1,0,0.738318324282428,2.3336795053048953,0,6370.4599609375,0,93.63999938964844,,1,,1,1,21.0,1,,1,,0
2017-08-09,-0.9177816281311476,-0.9199176445636088,-0.9148724476304352,-0.9148727134279552,-1.0811494289098815,0.0064886553765038,0.9911715521264168,0.9842742334249156,0.978563256262974,71.51390087231164,71.35207843818935,1,0,0.7574647411027121,2.2658814178591293,0,6352.330078125,0,93.5199966430664,,1,,1,1,21.0,1,,1,,1
2017-08-10,-0.9165960759235467,-0.9189951881404076,-0.9126396236601304,-0.9172726514835864,-1.0791190531476966,0.0067547056249788,0.9914330749058724,0.98424200135893,0.9781699830689068,72.96971886762431,74.52358595185234,1,0,0.6900153305227752,2.2532201919981047,0,6216.8701171875,0,93.4000015258789,,1,,1,1,21.0,1,,1,,1
2017-08-11,-0.9083683961063984,-0.9121941248822032,-0.911002319632778,-0.9162956892455824,-1.0568539998544002,0.0075425119802804,0.9851809452639172,0.9771872463490384,0.9705546564248554,80.81925739410495,87.41530388094489,1,0,0.8164796472682843,2.3219410602748605,0,6256.56005859375,0,93.06999969482422,,1,,1,1,21.0,1,,1,,1
2017-08-12,-0.901217524886651,-0.9040726469944538,-0.9034897168857544,-0.90783937589374,-1.04812537251591,0.0086442244986272,0.9808318348397094,0.9716903060275004,0.964316689277082,85.14527019700431,92.06712778145818,1,0,0.7610897495128728,2.341882825915705,1,6256.56005859375,1,93.06999969482422,,1,,1,1,21.0,1,,1,,1
2017-08-13,-0.8954577828318572,-0.8963037331756646,-0.8958987394686588,-0.9008310833186453,-1.0067919503661829,0.0098683464988696,0.9783920557778184,0.9679552530802012,0.9597286218753028,87.71941720048595,94.32139355657372,1,0,0.7713199616499091,2.2635605698181887,1,6256.56005859375,1,93.06999969482422,,1,,1,1,21.0,1,,1,,1
2017-08-14,-0.8877637752771517,-0.8927948529467455,-0.8918137359588079,-0.8951471007588528,-1.0374125579620854,0.0113287236373397,0.9744852600891404,0.9625160138756912,0.953296173009978,90.30808191409176,96.22967304537748,1,0,0.8130099278216935,1.9581556269814169,0,6340.22998046875,0,93.45999908447266,,1,,1,1,21.0,1,,1,,0
2017-08-15,-0.8921381754958114,-0.8888621473381437,-0.8943942312714167,-0.8871771205366653,-1.0024381870800791,0.0119948364932012,0.9824175656861815,0.9696103253524326,0.9595742005043364,79.33706755936464,76.69264247644855,1,0,0.634925613867192,1.9547388606577651,0,6333.009765625,0,93.8499984741211,,1,,1,1,21.0,1,,1,,1
2017-08-16,-0.8861905764492253,-0.8911086361260548,-0.8916501611969461,-0.8910461863476957,-1.045817826052987,0.0128544788370574,0.9795046112861996,0.965782742200614,0.9549304656713478,82.64473916753683,82.96312949818174,1,0,0.575319529516441,1.6793763133727209,0,6345.10986328125,0,93.48999786376952,,1,,1,1,21.0,1,,1,,0
2017-08-17,-0.8875633815588834,-0.887998602026309,-0.8838977879902169,-0.885422078990947,-1.033441120062814,0.0132719864898831,0.9838946441095392,0.969629020652762,0.9580474630688076,79.26541930017038,76.61928848554453,1,0,0.6765306334275719,1.6936203860413954,0,6221.91015625,0,93.62000274658205,,1,,1,1,21.0,1,,1,,0
2017-08-18,-0.8927891455774178,-0.8914422749637975,-0.8909977298399802,-0.8872580878017677,-1.0163556037855797,0.0130309758518448,0.9912602436066384,0.9771229929028166,0.9650624613388852,67.19694355477867,55.197127255839746,0,0,0.9186488915742216,1.735812359822672,0,6216.52978515625,0,93.43000030517578,,1,,1,1,21.0,1,,1,,1
2017-08-19,-0.8917786302350108,-0.8952556466793943,-0.892392461871905,-0.892958254864625,-1.0148549321543914,0.0127742596145784,0.991642781812098,0.9777540196112134,0.9653340973784176,68.27468750436856,58.209667449963554,0,0,0.4530932218138114,0.8417918049528695,1,6216.52978515625,1,93.43000030517578,,1,,1,1,21.0,1,,1,,0
2017-08-20,-0.8950179010941981,-0.8966674293019171,-0.8893035219908523,-0.8913831372598916,-1.0529569130139036,0.0121691496779294,0.9959734203947068,0.9826663533269032,0.9700258616645476,60.87683593681052,45.21529185004523,0,0,0.5108069810008837,0.7584653049450639,1,6216.52978515625,1,93.43000030517578,,1,,1,1,21.0,1,,1,,0
2017-08-21,-0.897642544208553,-0.8992869190602778,-0.8918311449599194,-0.8944023152860147,-1.022550996000803,0.0113470076879232,0.9990640927018466,0.9866042020136992,0.9739066083378768,55.27716443538791,36.42959242558817,0,0,0.5126100588015663,0.7490789054306399,0,6213.1298828125,0,93.0999984741211,,1,,1,1,21.0,1,,1,,1
2017-08-22,-0.8946250563189923,-0.8986972062137843,-0.9015964785245724,-0.8972168078272933,-0.9801683020660804,0.0108142800038899,0.9963639332654416,0.9845064339112402,0.9717518780749824,60.140812123602394,51.018870761224186,0,0,0.520682075815038,0.7059173515955143,0,6297.47998046875,0,93.5500030517578,,1,,1,1,21.0,1,,1,,1
2017-08-23,-0.8930671312660942,-0.8948793288401932,-0.8890382567968542,-0.8944472216882975,-1.0415159840546135,0.0103979400276974,0.995451411368218,0.9840463189124958,0.971199958858116,62.56601340715089,57.70144918849141,0,0,0.4404028379106731,0.7053542142241792,0,6278.41015625,0,93.1500015258789,,1,,1,1,21.0,1,,1,,1
2017-08-24,-0.8874720372246314,-0.8912541087059918,-0.8874258401247761,-0.8929628342585798,-1.0561254405702218,0.0103995849838148,0.9908589590404006,0.9794860536220894,0.9664374708712344,70.10380321765503,74.41573400855978,1,0,0.4804197229679313,0.5342914061304893,0,6271.330078125,0,93.27999877929688,,1,,1,1,21.0,1,,1,,1
2017-08-25,-0.8863442240630609,-0.8888702633930978,-0.8819187193815134,-0.8869990313365809,-1.0697542492501058,0.0103723279796013,0.9911856938628836,0.9798205382707382,0.9665279808668124,71.44130384164274,76.87196675853953,1,0,0.2523920677474502,0.4982240149120688,0,6265.64013671875,0,92.73999786376952,,1,,1,1,21.0,1,,1,,0
2017-08-26,-0.8869307429904703,-0.8911672537092135,-0.8830951518020291,-0.8858002742819211,-1.079273037496037,0.010185981774346,0.9930880539831084,0.9818894589100712,0.9684144384393104,69.57356945295689,72.07398387710194,0,0,0.0875952590383864,0.4703036288419895,1,6265.64013671875,1,92.73999786376952,,1,,1,1,21.0,1,,1,,1
2017-08-27,-0.8859996542613701,-0.8900458145137377,-0.8816096090146329,-0.8866238790305148,-1.078135764196577,0.0099981793551785,0.9932610414855444,0.9822513936864794,0.9686362273150032,70.96403108745145,75.33278989052509,1,0,-0.0326131354099831,0.4365411709703494,1,6265.64013671875,1,92.73999786376952,,1,,1,1,21.0,1,,1,,0
2017-08-28,-0.8860063663695369,-0.8904263298063146,-0.8844908176791946,-0.8854217657425005,-1.0595755369320194,0.0097365659029835,0.9942982666372524,0.9835513792200928,0.9698361381385334,70.93706629937353,75.24838777393562,1,0,-0.2932881165070252,0.3812363414177837,0,6283.02001953125,0,92.20999908447266,,1,,1,1,21.0,1,,1,,1
2017-08-29,-0.8800080536168017,-0.8837611260792316,-0.8805261663218168,-0.8852763587969924,-1.0364011064990415,0.0098991379659779,0.9894594479093516,0.9785676497518454,0.9646597704112216,79.11862286603059,89.39969477822729,1,0,-0.2748349281010401,0.4037020199356261,0,6301.89013671875,0,92.3499984741211,,1,,1,1,21.0,1,,1,,0
2017-08-30,-0.8804271725665315,-0.8837358826533346,-0.8768168115502994,-0.8797423774932556,-1.0605205550510983,0.0098802645610409,0.991466599522704,0.9805565711811992,0.9664411762103492,77.36278393707641,84.87865352939386,1,0,-0.4200738019093096,0.3945051875448456,0,6368.31005859375,0,92.87999725341795,,1,,1,1,21.0,1,,1,,1
2017-08-31,-0.8762088512364433,-0.8804437143004596,-0.8743915015768624,-0.8801935895054303,-1.0602090667443484,0.0100893863634359,0.9887368976107782,0.977606721464249,0.9632533282192208,82.00145537454728,90.9919404579585,1,0,-0.3801546085061011,0.2299015178927844,0,6428.66015625,0,92.66999816894533,,1,,1,1,21.0,1,,1,,1
2017-09-01,-0.87044698368073,-0.8757559807585595,-0.8703758455664241,-0.8757282179851633,-1.031429660092981,0.0105978856277232,0.9849269286876996,0.9732559312349636,0.9585384656470092,86.39519591311827,94.81188095085616,1,0,-0.5231517542960458,0.2279109574918915,0,6435.330078125,0,92.80999755859376,,1,,1,0,20.0,1,,1,,0
2017-09-02,-0.8800156905043158,-0.8732603158747879,-0.876884291359231,-0.8696287635692732,-1.0260156213129636,0.0101121932177736,0.99640496550875,0.9851256574770436,0.970252197962852,58.86142590061668,48.897936994438986,0,0,-0.0342637427507952,0.4434740470689371,1,6435.330078125,1,92.80999755859376,,1,,1,1,20.0,1,,1,,1
2017-09-03,-0.8798876980594733,-0.8811040647102335,-0.8784905051730848,-0.87928688441898,-1.060725570929744,0.0096266365307319,0.9968336008303174,0.9860793083605072,0.9712494967980588,59.06278597516097,49.335514808432386,0,0,-0.1138650985295283,0.4422880568751553,1,6435.330078125,1,92.80999755859376,,1,,1,1,20.0,1,,1,,0
2017-09-04,-0.8904770033035123,-0.884784585558842,-0.8881056339065159,-0.8790925957992379,-1.0143485475518643,0.0082917784626621,1.0074616817349602,0.9980984259058218,0.983596436276802,40.2538982955086,25.37078220522379,0,0,0.3332242965460277,0.3613529884038822,1,6435.330078125,1,92.80999755859376,,1,,1,1,20.0,1,,1,,1
2017-09-05,-0.8861936341873901,-0.8897076700180007,-0.891535404523679,-0.8901923307491337,-1.0270789828009854,0.0074931495529231,1.0022123041532325,0.9937907844321628,0.9796771183147012,47.985036281488384,40.863434999343255,0,0,0.3576650275759466,0.3633245172054504,0,6375.56982421875,0,92.30999755859376,,1,,1,1,20.0,1,,1,,1
2017-09-06,-0.8794551399776139,-0.8840145143048783,-0.879765515208268,-0.8856618930515683,-1.0502146918918336,0.0073195948221076,0.9954198675008364,0.9872408194775812,0.9732878024874876,57.8787689539525,58.80261661029006,0,0,0.4674349455908817,0.3611352975944719,0,6393.31005859375,0,92.29000091552734,,1,,1,1,20.0,1,,1,,1
2017-09-07,-0.8793708358990392,-0.8828786481979742,-0.876197345689551,-0.8791686555053465,-1.0646222185229042,0.0071069298190804,0.9960409151053092,0.9880869749041872,0.9742185982924304,57.99410783083187,59.01003561028837,0,0,0.3854000902244013,0.3638139089654471,0,6397.8701171875,0,91.52999877929688,,1,,1,1,20.0,1,,1,,0
2017-09-08,-0.8907079445718374,-0.8826995079325677,-0.8891387021020031,-0.8786792570158943,-1.0269505085864212,0.0059549365485757,1.0075054253200069,1.0007644756201026,0.987290412267215,40.700767404642775,31.01289521964496,0,0,0.7861274737935561,0.5919786087680764,0,6360.18994140625,0,91.33000183105467,,1,,1,1,20.0,1,,1,,0
2017-09-09,-0.8907901156915947,-0.8932850890835122,-0.8879280666505203,-0.8901458953961006,-1.0847891449680414,0.0049779602325178,1.0064218841642785,1.0007932828604578,0.9878703345869364,40.599520739264875,30.87134875242674,0,0,0.7860185586478786,0.5935014188982375,1,6360.18994140625,1,91.33000183105467,,1,,1,1,20.0,1,,1,,0
2017-09-10,-0.8939401826332455,-0.8951901165069348,-0.8929991803655073,-0.8901602600748577,-1.0719047310019558,0.0039045066649616,1.0084323910240636,1.004010148070885,0.9916995697396498,36.575026879999896,25.0317037428717,0,0,0.8043427551391901,0.4735377528276212,1,6360.18994140625,1,91.33000183105467,,1,,1,1,20.0,1,,1,,1
2017-09-11,-0.8927692926530401,-0.8947022873014746,-0.8883855141581414,-0.8934250397995644,-1.0772615775262049,0.0031123903165513,1.0060108790312834,1.0024949533729048,0.990773606233908,39.16152915707384,31.457484793743006,0,0,0.8125608819979075,0.3684580801065509,0,6432.259765625,0,91.86000061035156,,1,,1,1,20.0,1,,1,,0
2017-09-12,-0.8936997698345073,-0.8922081340879747,-0.8888264789176538,-0.8920072624144885,-1.0637462748631856,0.0023820914044141,1.0059668418612089,1.0032767247993226,0.992125021139258,37.74994604829244,28.8384096256554,0,0,0.6852848683034409,0.3040218990562164,0,6454.27978515625,0,91.91000366210938,,1,,1,1,20.0,1,,1,,0
2017-09-13,-0.9012822818146644,-0.8986004152871617,-0.898009662469994,-0.8931345242404017,-1.04813329023072,0.0011779008007111,1.0122434999155696,1.010906154107777,1.0005213229119752,28.194244818234708,15.141228549351908,0,1,0.8269284501121771,0.2995020001785641,0,6460.18994140625,0,92.5199966430664,,1,,1,1,20.0,1,,1,,0
2017-09-14,-0.9235099053144352,-0.904953921410058,-0.9177897270164452,-0.9009737456110992,-1.026272107969251,-0.001552120501895,1.0313042226776925,1.0330948733907417,1.0241844109920728,15.18924665173988,5.300752718971808,0,1,2.155165410179177,1.348015344708482,0,6429.080078125,0,92.12000274658205,,1,,1,1,20.0,1,,1,,1
2017-09-15,-0.908768571995302,-0.9105791473576196,-0.9242344359735208,-0.9226352560539476,-0.9632816522047802,-0.0024973912804515,1.012530211062763,1.0153554774191624,1.007526471777856,37.31526484372507,39.86184982140481,0,0,2.894690736681745,1.7660565574427811,0,6448.47021484375,0,91.87000274658205,,1,,1,1,20.0,1,,1,,0
2017-09-16,-0.9091498048233791,-0.908313124267459,-0.9074052388727906,-0.908232845775625,-1.0657757721306973,-0.0032399394803587,1.010940095319868,1.0145953677006427,1.0076350232068332,37.02701276272129,39.36644587542495,0,0,2.837333181648229,1.765827431612241,1,6448.47021484375,1,91.87000274658205,,1,,1,1,20.0,1,,1,,0
2017-09-17,-0.9104376943068296,-0.9126422764121328,-0.908716015939913,-0.909194227632568,-1.0912599508946563,-0.0038875232484204,1.010448878805249,1.0148274186668955,1.0087039430122413,35.94468979220517,37.2795548407824,0,0,2.8287469152556315,1.7421476028959322,1,6448.47021484375,1,91.87000274658205,,1,,1,1,20.0,1,,1,,1
2017-09-18,-0.8957039978752107,-0.900185937256062,-0.9041928340217962,-0.9096582679144528,-1.0602847411765093,-0.0031752495821468,0.9950003527420554,0.9985223936730784,0.9926766302280724,53.77906661820532,65.32141402858187,0,0,3.217920874424782,2.0645779511026396,0,6454.64013671875,0,92.0500030517578,,1,,1,1,20.0,1,,1,,0
2017-09-19,-0.8999876802230473,-0.8997398844528203,-0.8955544846333328,-0.8949121793406327,-1.076969010643183,-0.0029227334829605,0.999795999520076,1.0030527750694131,0.997524848174784,49.18508092735176,55.672419771739605,0,0,3.2030694452035333,2.0749101875436993,0,6461.31982421875,0,91.79000091552734,,1,,1,1,20.0,1,,1,,0
2017-09-20,-0.90056869522176,-0.9016238805801322,-0.8959009184408869,-0.8997215349465473,-1.092373904665647,-0.0027379345050569,1.0003735083000775,1.0034252897830798,0.9982405155084532,48.53620717737233,54.22389475316025,0,0,3.1097057413370237,2.0675928449733743,0,6456.0400390625,0,92.51000213623048,,1,,1,1,20.0,1,,1,,0
2017-09-21,-0.9089665195230384,-0.9050795661595372,-0.9034918958579824,-0.9001764164405227,-1.0836782659284068,-0.0032318593583108,1.0081971619391927,1.0118242250296277,1.0072509408491328,39.78325632259247,36.11500682935602,0,0,3.197237951117038,2.146366529832308,0,6422.68994140625,0,92.26000213623048,,1,,1,1,20.0,1,,1,,0
2017-09-22,-0.908976908374901,-0.909833123402105,-0.905360869427384,-0.9085300887180894,-1.0932098148726026,-0.0035828359539339,1.0069370496997354,1.010949464655996,1.0069756642601928,39.77301806910358,36.095123499812075,0,0,3.0680565354284677,2.141618302741897,0,6426.919921875,0,92.16999816894533,,1,,1,1,20.0,1,,1,,1
2017-09-23,-0.904037371022292,-0.9080014340014776,-0.9040843029834664,-0.908472048255946,-1.104944017452616,-0.0034229504100808,1.0012394883280058,1.0050496174684624,1.001444535475686,47.22422758815787,52.628907705194166,0,0,3.14260940654317,2.142320955861666,1,6426.919921875,1,92.16999816894533,,1,,1,1,20.0,1,,1,,0
2017-09-24,-0.9073841549385152,-0.9086945568356865,-0.9018353151390374,-0.9033938583583389,-1.1119875934590258,-0.0035256558900077,1.0041819949580972,1.0081154249143571,1.004948888642445,43.059435611803174,42.658294119847625,0,0,3.1473988277790306,2.149709155472523,1,6426.919921875,1,92.16999816894533,,1,,1,1,20.0,1,,1,,1
2017-09-25,-0.8999540749348256,-0.90406272574102,-0.9013787938844192,-0.906893872749712,-1.0853179649729887,-0.0029732317968925,0.996578810571529,0.99987084200664,0.9968481293986784,53.55254296615725,63.26115655400117,0,0,3.2727478896677864,2.2348839952213484,0,6370.58984375,0,92.6500015258789,,1,,1,1,20.0,1,,1,,0
2017-09-26,-0.900984137427794,-0.9034724038234946,-0.8955224605745937,-0.8993534232722292,-1.099857034918603,-0.0025887081416472,0.998069641011936,1.0009399908470602,0.998067800822971,52.01911527840386,59.321333821685705,0,0,3.2730044097833715,2.233273401905518,0,6380.16015625,0,92.97000122070312,,1,,1,1,20.0,1,,1,,1
2017-09-27,-0.8915657221639604,-0.8962538480566971,-0.8950584761502883,-0.90043700185646,-1.0715620110833024,-0.0015066156483525,0.9895185087911884,0.9911758951678378,0.9881136806092036,63.15104678170661,76.87744616176859,0,0,3.3199594539176345,2.3436620482726513,0,6453.259765625,0,93.36000061035156,,1,,1,1,20.0,1,,1,,0
2017-09-28,-0.8923581238225389,-0.8941720726227641,-0.8880651976483735,-0.891144248028017,-1.070442775081521,-0.0007048645035968,0.9918631840994314,0.9926408810327304,0.9894190145255244,61.76005239549187,73.32739835826212,0,0,1.843671600273322,2.3065695774806327,0,6453.4501953125,0,93.08999633789062,,1,,1,1,20.0,1,,1,,0
2017-09-29,-0.8927143130292562,-0.8961161833270959,-0.8902547990092898,-0.8919235504963317,-1.0856329728898069,-9.70932072033026e-05,0.993442190532591,0.9935495421214872,0.9902094883170668,61.06245893823524,71.35261586367612,0,0,1.201272312973786,2.30657086671365,0,6495.9599609375,0,93.08000183105467,,1,,1,1,20.0,1,,1,,1
2017-09-30,-0.8873489371608526,-0.8917939364335178,-0.8864742442323541,-0.8920918842447991,-1.0926545949764537,0.0008081945524899,0.98937842251343,0.9884876738526492,0.9848661336118766,67.45220523343502,81.40857957135935,0,0,1.231840347255004,2.3222045285185,1,6495.9599609375,1,93.08000183105467,,1,,1,1,20.0,1,,1,,1
2017-10-01,-0.8853624216278116,-0.8904320389299624,-0.8830861322236075,-0.8867476121668495,-1.0926211558651149,0.0016667238705264,0.9891168474236376,0.9872784904580671,0.9833299195127204,69.58451161929645,84.1544314307851,0,0,1.203124110901966,2.296131460905069,1,6495.9599609375,1,93.08000183105467,,1,,1,0,22.0,1,,1,,1
2017-10-02,-0.8851919788277631,-0.8884335374486687,-0.8797384564730034,-0.8850747312136487,-1.082787365333741,0.0023339633730314,0.9906140665934716,0.988033395358903,0.983791052503306,69.78050878385137,84.41771341953688,0,0,0.534049880624635,2.2236916178002275,0,6516.72021484375,0,93.55999755859376,,1,,1,1,22.0,1,,1,,0
2017-10-03,-0.8879974610519272,-0.8895684936181276,-0.8834257178327305,-0.8846882870469188,-1.089109908390143,0.0026063323400405,0.9947095583417368,0.9918139183997016,0.9874159406856412,62.17157770140645,61.860161337359955,0,0,0.4782602340567371,2.230365422993805,0,6531.7099609375,0,93.56999969482422,,1,,1,1,22.0,1,,1,,0
2017-10-04,-0.8906893147427256,-0.8919778905615372,-0.8849330351579322,-0.8874099088821311,-1.0966440701734042,0.0025752902694565,0.9980742383445146,0.9952023062672598,0.9907818130670124,55.47464565316165,46.100505249746874,0,0,0.51296381850482,2.1277218661018686,0,6534.6298828125,0,93.45999908447266,,1,,1,1,22.0,1,,1,,1
2017-10-05,-0.8876635709601196,-0.8916673964230036,-0.8863750440541928,-0.8901437623233465,-1.094664292325564,0.0027629913960222,0.9954979094677382,0.9924227460660224,0.9879035658614972,60.93256934003709,60.99374989850659,0,0,0.1002046252310755,2.117982515763255,0,6585.35986328125,0,93.95999908447266,,1,,1,1,22.0,1,,1,,1
2017-10-06,-0.8863683578208694,-0.890145599428083,-0.881508860019975,-0.8872544183199669,-1.0987043654368591,0.0029818854476473,0.9949568320067868,0.9916376279855468,0.9869860792874808,63.1628673227822,66.30733691606878,0,0,0.0890829691891905,2.07339685489275,0,6590.18017578125,0,93.8000030517578,,1,,1,1,22.0,1,,1,,1
2017-10-07,-0.8846552488271553,-0.8892255499361882,-0.8814926885536132,-0.8858830613713313,-1.105876097485083,0.0032560603030044,0.9940992423178469,0.9904752127260577,0.9856552664047564,66.11507078185451,72.83364362506691,0,0,0.0185113500189985,2.0770895155896256,1,6590.18017578125,1,93.8000030517578,,1,,1,1,22.0,1,,1,,1
2017-10-08,-0.8790470288852776,-0.8838074154776498,-0.8788621148409468,-0.8840403400938016,-1.0879726350906826,0.0038811429308783,0.9896551401857174,0.9853496581514982,0.9801983493429354,73.9891942621374,85.27963504127993,1,0,-0.0637046509576207,1.970967948136188,1,6590.18017578125,1,93.8000030517578,,1,,1,1,22.0,1,,1,,1
2017-10-09,-0.8741123764558345,-0.8761557368251778,-0.8739296961247851,-0.8783933208506864,-1.059161546317323,0.0047202979706681,0.9865128005501276,0.9812852272545746,0.9756640397395464,78.95439204024993,90.42570107118618,1,0,-0.2249286617643005,1.988935279807471,0,6579.72998046875,0,93.73999786376952,,1,,1,1,22.0,1,,1,,1
2017-10-10,-0.8738078108188178,-0.8748494482406478,-0.8676836988057791,-0.8734538254318783,-1.07551013508548,0.0053482588877508,0.9882719512191768,0.9823299824027064,0.9762688090696574,79.23665398422754,90.69343850600453,1,0,-0.2568362518191291,1.972794364739295,0,6587.25,0,93.29000091552734,,1,,1,1,22.0,1,,1,,1
2017-10-11,-0.8724487580730035,-0.876305421534901,-0.8681025929302146,-0.8730554629075921,-1.0920021493717724,0.0058877167040742,0.988752705744008,0.9821988919039468,0.9757165319657236,80.57784774282001,92.02097400235849,1,0,-0.6556091647068606,1.972795478390996,0,6603.5498046875,0,92.95999908447266,,1,,1,1,22.0,1,,1,,1
2017-10-12,-0.8534961362215613,-0.8590771796232559,-0.8659142366962859,-0.871823412018056,-1.0229592707687485,0.0077551624149375,0.9721682666297244,0.9636558525316536,0.9562260105046444,90.4764507438369,97.81536391320682,1,0,0.2473028885903272,2.2095873299700943,0,6591.509765625,0,93.12000274658205,,1,,1,1,22.0,1,,1,,1
2017-10-13,-0.8473774679114977,-0.8472529534633393,-0.8467937478025032,-0.8524375098307965,-0.986713008541382,0.0096179818836253,0.9703943588072108,0.9598226233181608,0.9512595610101836,91.99601285056691,98.33563780098105,1,0,0.2283786412251014,2.124480470720007,0,6605.7998046875,0,93.08999633789062,,1,,1,1,22.0,1,,1,,1
2017-10-14,-0.8417389987354817,-0.8473310906723369,-0.8419801172378425,-0.8469579144239947,-1.072347323375913,0.0114176416080786,0.9693151926514494,0.9567359049459082,0.9469749578152472,93.15697933090752,98.71240644803208,1,0,0.2099527794307867,1.0767055973150608,1,6605.7998046875,1,93.08999633789062,,1,,1,1,22.0,1,,1,,0
2017-10-15,-0.8464311054073692,-0.8468868504057803,-0.8454951107235087,-0.8410793299960139,-1.0588403833064168,0.0123232167390743,0.9785243883324026,0.9647797815427496,0.9540400304048396,81.76877242221579,78.89591251461833,1,0,0.3457557801932283,0.7270892085949332,1,6605.7998046875,1,93.08999633789062,,1,,1,1,22.0,1,,1,,1
2017-10-16,-0.8449831545178349,-0.8491787186546645,-0.8434550916303205,-0.8456125272632264,-1.0574312159056332,0.0130077834597993,0.9803419258783258,0.9657670386568444,0.9541888511091388,82.52924823574466,80.5061070477698,1,0,0.3338328502370341,0.7189906415286964,0,6624.0,0,93.27999877929688,,1,,1,1,22.0,1,,1,,0
2017-10-17,-0.8486513067151857,-0.8484537333334659,-0.8456782658664724,-0.843962558196392,-1.0656363054699671,0.0131032719294129,0.9869363150028192,0.9721227124263392,0.9598996240419114,73.56006273155927,64.00968646229349,1,0,0.3345613170330915,0.7353422256693257,0,6623.66015625,0,93.48999786376952,,1,,1,1,22.0,1,,1,,0
2017-10-18,-0.8491040160373413,-0.8543609004631176,-0.8556693773966972,-0.8481710212408189,-1.040220328302071,0.0129926462325631,0.9893710920587364,0.974616416718042,0.9619050196787702,72.43898056420723,61.92176086174346,1,0,0.2641962748473455,0.3675878476608596,0,6624.22021484375,0,93.36000061035156,,1,,1,1,22.0,1,,1,,1
2017-10-19,-0.8455045958276183,-0.8501369414900235,-0.8438640247388561,-0.8487844362818668,-1.0674414261877685,0.0130450425696238,0.9874288515554326,0.9726113603325296,0.9594141313566372,75.81976097375804,71.7058068129244,1,0,0.2635609019534182,0.3015548177072114,0,6605.06982421875,0,93.2699966430664,,1,,1,1,22.0,1,,1,,1
2017-10-20,-0.8362508211192179,-0.8406460591147964,-0.8408733511907241,-0.8449850458752751,-1.042193066929774,0.0136756252313002,0.9801470094545406,0.9646842485649364,0.9508185101935802,82.27096809309324,84.95612732653763,1,0,0.3140584543481821,0.3374871138121807,0,6629.0498046875,0,93.6999969482422,,1,,1,1,22.0,1,,1,,1
2017-10-21,-0.8356352909687321,-0.836595237755253,-0.8303672733598468,-0.8361661026969268,-1.0486748709339315,0.0140629260154866,0.9825355810657668,0.9665535081750732,0.9519808509911144,82.62671461684116,85.55603529824407,1,0,0.3309944601557377,0.0813549845317214,1,6629.0498046875,1,93.6999969482422,,1,,1,1,22.0,1,,1,,0
2017-10-22,-0.8363433885487358,-0.8401606368406427,-0.8357387967372774,-0.8349481032377014,-1.056262705362893,0.0141496191190455,0.9858908014875948,0.9697162000784388,0.9545548659190368,80.48307444336814,80.62458145125073,1,0,0.3426898213917408,0.0863202502442506,1,6629.0498046875,1,93.6999969482422,,1,,1,1,22.0,1,,1,,0
2017-10-23,-0.838729155191333,-0.8401807728757187,-0.8376006108265008,-0.8358847459256736,-1.0401072502697903,0.0138659742786176,0.9904245014503088,0.974468725426176,0.9588843388743002,73.1093472226573,64.04167675829484,1,0,0.3809314864061133,0.088710691227464,0,6586.830078125,0,93.94000244140624,,1,,1,1,22.0,1,,1,,0
2017-10-24,-0.8510605806521625,-0.8443908919938006,-0.8446999301127704,-0.8380378516638245,-1.0254190445906657,0.0125020251585739,1.0042158832629822,0.989617182505208,0.9740143309268896,47.27693164957008,26.49107967040915,0,0,0.7649685842357556,0.266692007036962,0,6598.43017578125,0,93.95999908447266,,1,,1,1,22.0,1,,1,,1
2017-10-25,-0.844213051974166,-0.8498369703377505,-0.8480056359732111,-0.8505911190714659,-1.0592385384914933,0.0118371724358887,0.9967285895144736,0.9829906308345304,0.9674607436853816,57.00960289169368,48.74296980159818,0,0,0.8061323611126425,0.2050605413853657,0,6563.89013671875,0,93.70999908447266,,1,,1,1,22.0,1,,1,,1
2017-10-26,-0.8395078044860675,-0.8431501335817302,-0.8379504611410329,-0.8437679563282037,-1.0619640344265178,0.011556727254079,0.9925210910316256,0.9791429438779224,0.963501787042558,62.498405674518445,59.87208837566764,0,0,0.0830903188127151,0.1947507615379929,0,6556.77001953125,0,94.61000061035156,,1,,1,1,22.0,1,,1,,0
2017-10-27,-0.8432935677342964,-0.8428017596279407,-0.8377141299650183,-0.8391308948261148,-1.07053912229538,0.0109033064422147,0.9974577138947676,0.9847577256054352,0.9690686134252304,55.87552851527551,48.560994264788114,0,0,0.0527216710471137,0.0931930278811889,0,6701.259765625,0,94.91999816894533,,1,,1,1,22.0,1,,1,,0
2017-10-28,-0.8441430968912722,-0.846158254687622,-0.8389465323620688,-0.8425499717855709,-1.0840108718955674,0.0101993441475513,0.9986987705663076,0.9867913952730606,0.9711857110197962,54.383364446578774,45.96292093920731,0,0,-0.019124606666754,0.0916409064840511,1,6701.259765625,1,94.91999816894533,,1,,1,1,22.0,1,,1,,1
2017-10-29,-0.8319008529742853,-0.8347668505469666,-0.8378459767654124,-0.843569699894807,-1.0199926843597202,0.0105081641534002,0.9866110081725192,0.9744668254122772,0.9587138794263264,68.41048519083338,73.35425476742932,0,0,0.2164812074836152,0.1896836503413955,1,6701.259765625,1,94.91999816894533,,1,,1,1,22.0,1,,1,,0
2017-10-30,-0.8326132313877198,-0.8359907751163023,-0.8280106731378531,-0.8325594645010304,-1.0678105459976237,0.010573538083368,0.98936521152827,0.9770889044654794,0.9610599269482472,67.02663108900866,70.57849320837838,0,0,0.2213481892155656,0.1699703669486569,0,6698.9599609375,0,94.48999786376952,,1,,1,1,22.0,1,,1,,1
2017-10-31,-0.8222921270702295,-0.8283129431004881,-0.8260676828428359,-0.8320349374358015,-1.0440870563939608,0.011327596770825,0.9805554246325634,0.9674868308821368,0.9510432117877244,75.35929818448085,83.00306805204237,1,0,0.3049261907054474,0.2271902414111097,0,6727.669921875,0,94.5500030517578,,1,,1,1,22.0,1,,1,,1
2017-11-01,-0.8131611541096894,-0.8193895388099904,-0.8175297863517591,-0.8225967617452575,-1.0194964137086864,0.0125176907732823,0.9742133210349826,0.95981900596906,0.942682787316707,80.4122398377481,88.65459892828815,1,0,0.3605359420765343,0.255062606951739,0,6716.52978515625,0,94.81999969482422,,1,,1,0,45.0,1,,1,,1
2017-11-02,-0.8036550637974017,-0.8013545639711895,-0.8056864876897507,-0.812307803274245,-0.9410333015730248,0.0140657694522756,0.9683628515461172,0.9522240575011662,0.9341660229262948,84.28369650795241,92.23742087000204,1,0,0.4144674036268662,0.2402682689835567,0,6714.93994140625,0,94.69000244140624,,1,,1,1,45.0,1,,1,,1
2017-11-03,-0.7997064946366386,-0.7985303823169068,-0.7980917900761682,-0.8028448958730268,-0.9975190899463332,0.0154333435132882,0.969030852561224,0.9512415944507436,0.9321505549644498,85.64363663130109,93.39296951472616,1,0,0.3291223853316481,0.1930704658803506,0,6764.43994140625,0,94.94000244140624,,1,,1,1,45.0,1,,1,,1
2017-11-04,-0.7944464988664536,-0.7975814790021551,-0.797210483120637,-0.8004941303651868,-1.0365014125703058,0.0167485269158252,0.9682196165394684,0.9488516443850163,0.9287138043321884,87.32893243579511,94.77458542752257,1,0,0.3285913503411522,0.1932426260345176,1,6764.43994140625,1,94.94000244140624,,1,,1,1,45.0,1,,1,,1
2017-11-05,-0.7936076643351568,-0.7938357361857058,-0.7878217397317961,-0.7931611035673065,-1.0410500665208104,0.0176549904340893,0.9721030852486195,0.9515255010858116,0.9303698614600348,87.59685079676808,94.99703821072488,1,0,0.3146121951359065,0.1976639512981021,1,6764.43994140625,1,94.94000244140624,,1,,1,1,45.0,1,,1,,0
2017-11-06,-0.8053577913971511,-0.7989968720216377,-0.7979558890208269,-0.793200811537038,-1.008868081059258,0.0172266541037486,0.988549757953752,0.9680795779492928,0.9462174763988812,65.28571784303608,52.92017464666271,0,0,0.5392235912976111,0.3548159063002123,0,6786.43994140625,0,94.72000122070312,,1,,1,1,45.0,1,,1,,1
2017-11-07,-0.8016425947794491,-0.8047814030659431,-0.7974648534534947,-0.8048131701111989,-1.0434288836797765,0.0169911167762186,0.986419183834376,0.9662179566044796,0.9440050898639052,68.23719313220366,60.32806656732876,0,0,0.0763382317669558,0.3342753168861295,0,6767.77978515625,0,94.91000366210938,,1,,1,1,45.0,1,,1,,1
2017-11-08,-0.7920106449811363,-0.7890584325111024,-0.7946374433854777,-0.8011998194485935,-0.9433021379565704,0.0173813086912533,0.9783953149236432,0.957829124309795,0.9351320026446964,74.67763354290855,74.30432597545557,1,0,0.0874567961654326,0.3475459766289855,0,6789.1201171875,0,94.87000274658205,,1,,1,1,45.0,1,,1,,0
2017-11-09,-0.8016670268531761,-0.7989650095346479,-0.7950261659571799,-0.7918685658944266,-1.0038372348979938,0.0167186273506617,0.991800530670395,0.9717020126679592,0.9485221500953692,60.489511959932045,50.51556735629274,0,0,0.3144105456374281,0.4447715132546482,0,6750.0498046875,0,94.44000244140624,,1,,1,1,45.0,1,,1,,0
2017-11-10,-0.8177179297651386,-0.8030176360926711,-0.8156953195028339,-0.8002115504333334,-0.9166389010824174,0.0147284929928263,1.009847027701397,0.9918069856145966,0.9687475428858446,44.33445016740985,29.549087335336907,0,0,0.6993438387873915,0.6709500217506762,0,6750.93994140625,0,94.38999938964844,,1,,1,1,45.0,1,,1,,0
2017-11-11,-0.8256767896502073,-0.8162082800905479,-0.82293022097046,-0.8171700158263442,-0.9298185061527916,0.0123665300379602,1.0165985789858063,1.0013519432831894,0.9790142442613856,38.4580061223803,23.18659360308486,0,0,0.8132415198560724,0.3621599254273633,1,6750.93994140625,1,94.38999938964844,,1,,1,1,45.0,1,,1,,0
2017-11-12,-0.8381258410777107,-0.8236654963051504,-0.8442387624086624,-0.8270422792806587,-0.7516967733271621,0.0093819734205525,1.0268824653127129,1.0152126833932154,0.9940178729361152,31.033916934815053,16.001092387137007,0,0,0.8379373104136212,0.4779399520535172,1,6750.93994140625,1,94.38999938964844,,1,,1,1,45.0,1,,1,,1
2017-11-13,-0.8195095405928121,-0.818070628512512,-0.8341232596554928,-0.8379544529941141,-0.8702240404884576,0.0084217895177258,1.0034446799124468,0.9932027519203334,0.973009659822912,48.26599171377833,48.081419267799944,0,0,1.270693996865605,0.7099050302334927,0,6757.60009765625,0,94.48999786376952,,1,,1,1,45.0,1,,1,,1
2017-11-14,-0.8171799915850607,-0.8194595746404444,-0.814921609740392,-0.8189152870038527,-1.0051192514575988,0.0077593668421384,1.0005011095726462,0.9910857402033176,0.9713772801223848,50.06740164878027,51.19154142113327,0,0,1.1614780923871877,0.6843129241670699,0,6737.8701171875,0,93.83000183105467,,1,,1,1,45.0,1,,1,,1
2017-11-15,-0.7964140713386683,-0.8021084031152449,-0.8095413856585244,-0.8166766495232374,-0.9609582590494852,0.0088084895308674,0.9788298723448452,0.9683465117335488,0.9486761285221492,63.23481386061627,71.49018726911557,0,0,1.4657401649709112,0.9045078850730977,0,6706.2099609375,0,93.80999755859376,,1,,1,1,45.0,1,,1,,1
2017-11-16,-0.7794250543577245,-0.7833186938713539,-0.7926919628364855,-0.7956441345024979,-0.9203538523254016,0.0108853193221593,0.9641871931642024,0.9513762682936154,0.9310518951643202,70.56270678352905,80.38752649757576,1,0,1.5854743290370392,0.9827365660811216,0,6793.2900390625,0,93.93000030517578,,1,,1,1,45.0,1,,1,,0
2017-11-17,-0.7843951318024923,-0.7822002633400111,-0.7807345528414168,-0.7794429994367745,-0.9411257011922308,0.0119919425325955,0.9747841250499368,0.9604705814875326,0.9393098947026643,66.1145296754012,71.66384980753948,0,0,1.6087900951307184,1.003519567149405,0,6782.7900390625,0,93.66000366210938,,1,,1,1,45.0,1,,1,,1
2017-11-18,-0.7819159027826217,-0.7857951033046737,-0.7837712505346592,-0.7842196653298165,-0.9844380226951248,0.012920067960789,0.9759518088678566,0.9604631493777532,0.9386843884188644,67.30096263687429,73.57140535444388,0,0,1.595653210885661,1.0008631208354055,1,6782.7900390625,1,93.66000366210938,,1,,1,1,45.0,1,,1,,1
2017-11-19,-0.7743908091588823,-0.7792750786293194,-0.7765982258045209,-0.7821172760067998,-1.0072217820418758,0.0141002868849337,0.9715577207895916,0.9546692892249168,0.9322223842124384,70.87265286117606,79.22998215344204,1,0,1.6227433454345646,0.9684615042546314,1,6782.7900390625,1,93.66000366210938,,1,,1,1,45.0,1,,1,,1
2017-11-20,-0.7693764467160096,-0.7722131128233408,-0.7686602072008529,-0.7737761262087935,-0.9923017100828148,0.0152642789219721,0.9704523570815184,0.95212062097692,0.9288748072592414,73.12932810550271,82.54955499004767,1,0,1.475781162703194,0.970012998685233,0,6790.7099609375,0,94.08000183105467,,1,,1,1,45.0,1,,1,,0
2017-11-21,-0.7733286851625706,-0.7718584426894876,-0.774464609604615,-0.7686844815445829,-0.9575825193778384,0.0156870083179664,0.9791375184038574,0.960068776316604,0.9360821607641622,68.31578858139508,70.67827783308333,0,0,1.5007092318425046,0.9820850419464308,0,6862.47998046875,0,93.9499969482422,,1,,1,1,45.0,1,,1,,1
2017-11-22,-0.7677601710694484,-0.7732531126174779,-0.7647384519866415,-0.7725883626829437,-0.9859188944079118,0.0162836491875788,0.9762794741881116,0.9564745253424304,0.9319239871410372,71.37852142471422,76.91489949634644,1,0,1.4585183892397342,0.9717500471896284,0,6867.35986328125,0,93.22000122070312,,1,,1,1,45.0,1,,1,,0
2017-11-23,-0.774321167307703,-0.7743008909091297,-0.7658797475309493,-0.7678706620807916,-0.959889187346088,0.0160421498933395,0.9869573282523052,0.9671809148208184,0.9421087362552382,63.08783972217391,57.651273694182066,0,0,1.3986505906233886,0.835002821148202,1,6867.35986328125,1,93.22000122070312,,1,,1,1,45.0,1,,1,,1
2017-11-24,-0.7677558753202216,-0.7710919818324836,-0.7689223519851446,-0.7727084263374776,-0.9232223176370962,0.0161938515177277,0.9818232471031026,0.9619031405183168,0.9365403616180432,67.4526953836118,68.25806361361774,0,0,1.0621215571693408,0.8203153721207245,0,6889.16015625,0,92.76000213623048,,1,,1,1,45.0,1,,1,,1
2017-11-25,-0.7513448305156215,-0.7585653133177509,-0.7611410675371449,-0.7675856358277375,-0.9547470314046416,0.0174373039256042,0.9666607275915358,0.945450138084093,0.91953173132371,75.73016136844518,82.69973197726715,1,0,0.983861259530066,0.8818769182387299,1,6889.16015625,1,92.76000213623048,,1,,1,1,45.0,1,,1,,1
2017-11-26,-0.7348604596582483,-0.7365630846002541,-0.7429662677748315,-0.7508651497544474,-0.9048776819755184,0.0195277956078553,0.953453694489246,0.9298933789782252,0.902920991323475,81.25531712642083,89.25007709587928,1,0,0.5812992101047761,0.9009597163313404,1,6889.16015625,1,92.76000213623048,,1,,1,1,45.0,1,,1,,1
2017-11-27,-0.7199593707068477,-0.7276835627768682,-0.7250187947945866,-0.7336451964916418,-0.8970579756352444,0.0221317970916924,0.9436846878875113,0.9170809136056464,0.8886331451488724,84.85216279252172,92.6185731259265,1,0,0.3415577463593672,0.9186732694807512,0,6878.52001953125,0,92.9000015258789,,1,,1,1,45.0,1,,1,,1
2017-11-28,-0.7126142063293658,-0.7184454375416404,-0.7130902960407884,-0.7192653923095357,-0.866459375457178,0.0245056940212021,0.94363023091499,0.913971866034373,0.8837409206624499,86.34269118954131,93.8791387840898,1,0,0.3236250314012827,0.8546397572390894,0,6912.35986328125,0,93.26000213623048,,1,,1,1,45.0,1,,1,,0
2017-11-29,-0.7178130771678454,-0.6766147032517686,-0.7172968816456244,-0.7115067951223089,-0.6368057082453342,0.0256715928703558,0.9578064080840024,0.9260837583162976,0.8940382807704412,79.92022620594413,80.84907735843703,1,0,0.1027533027434324,0.8730380249712707,0,6824.39013671875,0,93.26000213623048,,1,,1,1,45.0,1,,1,,1
2017-11-30,-0.7072745005457513,-0.6981477564814303,-0.7297042987553402,-0.716718801772907,-0.7801466656368528,0.0271331767947275,0.9519835117602732,0.9184411674681828,0.8850457047032919,82.89596949547688,86.07343625330856,1,0,-0.0895839136222049,0.8443653984248928,0,6873.97021484375,0,93.01000213623048,,1,,1,1,45.0,1,,1,,1
2017-12-01,-0.6846082184035874,-0.6907626748239697,-0.7143855014283296,-0.7078042581520307,-0.8473522965213703,0.0297772188802087,0.9327432137932842,0.8963772623475365,0.8615243505535829,87.4950022644513,92.18623989101786,1,0,-0.0538517480487562,0.8984524985192646,0,6847.58984375,0,92.9000015258789,,1,,1,0,100.0,1,,1,,1
2017-12-02,-0.6815840109479618,-0.6825420064164964,-0.6767431867701366,-0.6839850551187803,-0.919707550552056,0.0317506676173712,0.9389334040127362,0.8995864460722948,0.8625312614073278,87.99206979229113,92.75218413948652,1,0,-0.0503560922044146,0.8771359469297946,1,6847.58984375,1,92.9000015258789,,1,,1,1,100.0,1,,1,,1
2017-12-03,-0.6739898721048801,-0.6663561565538845,-0.6780834900497854,-0.6807957086032894,-0.8550430893997436,0.0335407861924609,0.938802793298827,0.8969004341393182,0.8578690464824307,89.2322162071002,94.16676752196342,1,0,-0.052867638047181,0.8782351845158648,1,6847.58984375,1,92.9000015258789,,1,,1,1,100.0,1,,1,,1
2017-12-04,-0.6637869903859007,-0.6724127001886409,-0.6712481984227642,-0.6736869080266729,-0.8759803655711684,0.0353749746583048,0.9354435816267206,0.8910240059597659,0.8500535011353189,90.7182447317882,95.67789156335586,1,0,-0.0530838111387583,0.8814065088471663,0,6775.3701171875,0,93.19000244140624,,1,,1,1,100.0,1,,1,,1
2017-12-05,-0.6558599011461548,-0.661147234325673,-0.6549902716576818,-0.6623745519646234,-0.8424186704372619,0.0370412436844779,0.9351673972208892,0.8882535765726373,0.845208494550742,91.74015239498122,96.59236904644769,1,0,-0.193147135606769,0.8788635583852029,0,6762.2099609375,0,93.37999725341795,,1,,1,1,100.0,1,,1,,1
2017-12-06,-0.5833155852375261,-0.5909003570901803,-0.6450762668938282,-0.655113005478897,-0.5889609962061403,0.0437116136357637,0.853832918933307,0.8024871968576678,0.7591114849362022,96.18054083338056,99.04859950069395,1,0,1.0971478682789009,1.3797484221232146,0,6776.3798828125,0,93.61000061035156,,1,,1,1,100.0,1,,1,,1
2017-12-07,-0.4730939389877653,-0.4847801060180536,-0.5787166774547737,-0.5835454610910459,-0.3560332243986757,0.0572321588695352,0.7268827865255341,0.6681312892253017,0.6250931570246453,98.03369427962907,99.61328668056684,1,0,2.1096893664438525,2.1643228320435473,0,6812.83984375,0,93.8000030517578,,1,,1,1,100.0,1,,1,,0
2017-12-08,-0.5137313090304488,-0.4711430789977011,-0.5700217127495685,-0.4754990909564481,-0.2158955739423281,0.0639312327801161,0.8157605669929775,0.740579035774577,0.6874462933181954,81.26114569910773,77.11374045058295,1,0,2.63542517532717,2.3604605291988943,0,6840.080078125,0,93.9000015258789,,1,,1,1,100.0,1,,1,,0
2017-12-09,-0.5562290666358215,-0.5183450566148663,-0.5906084601469167,-0.5145898120826051,-0.533747110440944,0.0650610993936171,0.8993988169973157,0.8137875238264378,0.7518531441817256,67.3556612971211,58.64405044048568,0,0,3.126105336633168,2.499979392975876,1,6840.080078125,1,93.9000015258789,,1,,1,1,100.0,1,,1,,1
2017-12-10,-0.5477612797937513,-0.5463704841626787,-0.604549630753605,-0.5559809104665071,-0.554776786231575,0.0658803784611848,0.9015594017546104,0.8133643470043634,0.7480222087534353,68.59133681497792,61.11815120071754,0,0,3.123145512388086,2.317603344142742,1,6840.080078125,1,93.9000015258789,,1,,1,1,100.0,1,,1,,1
2017-12-11,-0.5025081272069347,-0.4963761727018102,-0.5368123842252771,-0.5480686723746091,-0.611064147436286,0.0693814283249092,0.8496818134350872,0.7604670238899616,0.6947736870211311,74.53514298587403,72.73901833850869,1,0,3.1973337464019074,2.2953386793525192,0,6875.080078125,0,93.87000274658205,,1,,1,1,100.0,1,,1,,1
2017-12-12,-0.4878880816823752,-0.4883238133688643,-0.5005274705660977,-0.5024770614901822,-0.5032805097188866,0.0725000159998728,0.8477912760607714,0.7529353391765414,0.6832801051332105,76.21317216015028,75.84841347771246,1,0,3.194757047369099,2.1134775043643894,0,6862.31982421875,0,94.0999984741211,,1,,1,1,100.0,1,,1,,0
2017-12-13,-0.5186556098975191,-0.4921922216234808,-0.517068375215799,-0.4847524500636061,-0.5748561560409603,0.0716627531981392,0.915157882100178,0.8124283092750211,0.7342485078663089,65.70038297055528,57.458768099428234,0,0,3.365725588942726,2.1951676184765554,0,6875.7998046875,0,93.43000030517578,,1,,1,1,100.0,1,,1,,1
2017-12-14,-0.5138962777333924,-0.5092436861717946,-0.5125218699433799,-0.5188270194011391,-0.5396380704636831,0.0705697703415187,0.919956535756176,0.8167726817931739,0.7353688748733932,66.52455077774107,59.48475871046015,0,0,3.3830379211693,2.196697536768561,0,6856.52978515625,0,93.48999786376952,,1,,1,1,100.0,1,,1,,1
2017-12-15,-0.4789834708408109,-0.4771335200799922,-0.4996038292929922,-0.5122069759004891,-0.5162062748797448,0.0716942980510788,0.8766823986589197,0.7749871051793816,0.6939712162262665,72.18219778444497,72.35974749290193,1,0,3.37724418949318,2.138091955829037,0,6936.580078125,0,93.93000030517578,,1,,1,1,100.0,1,,1,,1
2017-12-16,-0.4242880824640665,-0.4301660127954614,-0.4711804348501276,-0.4768004741687912,-0.5852522169513723,0.076121474126502,0.8042171463489898,0.7028122332500937,0.6241564974693801,78.69197909093509,83.38721146215423,1,0,3.446505640817267,2.1843739024365805,1,6936.580078125,1,93.93000030517578,,1,,1,1,100.0,1,,1,,0
2017-12-17,-0.4351813268816934,-0.4189756608009476,-0.4258149922849358,-0.4243933527531503,-0.5599990090785478,0.077853601421493,0.8477052254288407,0.7360764325506225,0.6493437899265797,74.67610852666219,75.39908401078446,1,0,3.523213601698646,2.179967368723611,1,6936.580078125,1,93.93000030517578,,1,,1,1,100.0,1,,1,,0
2017-12-18,-0.4359939394437519,-0.440556793951097,-0.4450396314958789,-0.4356782324514712,-0.4929108486996763,0.0782586368878716,0.869447535201509,0.7520773670959188,0.6595951848354307,74.34951949500244,74.68744758054042,1,0,3.557832871282766,2.190990473398636,0,6994.759765625,0,93.6999969482422,,1,,1,1,100.0,1,,1,,0
2017-12-19,-0.4768512876447547,-0.446363838608964,-0.4786408105938166,-0.4353146852545153,-0.4025008622495346,0.0744248604094515,0.9581583915492204,0.8335108707642654,0.7293749849079304,59.303135976932936,45.74394445647264,0,0,3.822852112060469,2.3712007728640123,0,6963.85009765625,0,93.47000122070312,,1,,1,1,100.0,1,,1,,0
2017-12-20,-0.5120451081325855,-0.4837281009202052,-0.5158866585978242,-0.4768004741687912,-0.1712976881128801,0.0677655585665381,1.024324544451986,0.9020418332549752,0.7899219094058406,49.37238267884509,31.65494808948054,0,0,3.3551987168199475,2.5159977159174542,0,6960.9599609375,0,93.3499984741211,,1,,1,1,100.0,1,,1,,0
2017-12-21,-0.5371460061490049,-0.4947591258033594,-0.5387435458139133,-0.5109514164608792,-0.4191266217184298,0.0597735489211618,1.0623554174867642,0.9500425340334268,0.8342505850969921,43.39253275165315,24.48382350092629,0,0,1.9147935498731896,2.5816391720016196,0,6965.35986328125,0,93.27999877929688,,1,,1,1,100.0,1,,1,,0
2017-12-22,-0.5973582999649668,-0.543581144306698,-0.6478875206799589,-0.53369223934245,-0.1691727221261825,0.0480275629524722,1.1493585882376598,1.0521327426303717,0.9304028306375606,32.49803675451541,14.19706035316382,0,0,2.278291956997549,2.956638258563197,0,6959.9599609375,0,93.3499984741211,,1,,1,1,100.0,1,,1,,1
2017-12-23,-0.5708613431130405,-0.5538066397283496,-0.5858225260654899,-0.5932417535014375,-0.5700562864022068,0.0403912620939378,1.0820006819170642,1.005056662389001,0.8930156388906788,40.13037197282884,31.16591742676337,0,0,2.220808963477116,2.952771542332796,1,6959.9599609375,1,93.3499984741211,,1,,1,1,100.0,1,,1,,0
2017-12-24,-0.5944868302596253,-0.583178627930844,-0.6194423516992889,-0.5730945680898285,-0.6366517238969935,0.0320634517675072,1.105223065960187,1.0430471871547655,0.93253456243671,35.94864013359468,25.233281831824,0,0,2.283421597059495,3.0331576076559585,1,6959.9599609375,1,93.3499984741211,,1,,1,1,100.0,1,,1,,1
2017-12-25,-0.5914076431802158,-0.5841705184516726,-0.5976365642432924,-0.591799826152802,-0.6765816944926881,0.0254190517429632,1.082921704326809,1.0347592311861982,0.9303420645892796,36.93687840510134,27.6273487214486,0,0,1.9374884132092745,3.0014201252327175,1,6959.9599609375,1,93.3499984741211,,1,,1,1,100.0,1,,1,,1
2017-12-26,-0.5280764564360887,-0.5280175155396272,-0.5795998369163106,-0.5905564983191949,-0.5538528801415311,0.0249757099056815,0.9718972395296804,0.929185824470848,0.8362675525777057,53.838907648233025,61.46514114680065,0,0,2.606981748675728,3.1938385207983253,0,6936.25,0,93.26000213623048,,1,,1,1,100.0,1,,1,,0
2017-12-27,-0.5360585252996186,-0.5138995719031153,-0.5458462967916361,-0.5255814315687091,-0.5963829697145461,0.0237069926035332,0.9886277683369628,0.9472139616112316,0.8539679520156868,51.819149289359665,56.9875531457837,0,0,2.516823951857371,3.193369309177219,0,6939.33984375,0,93.02999877929688,,1,,1,1,100.0,1,,1,,0
2017-12-28,-0.5736931069696265,-0.5452342951747456,-0.5824484141431148,-0.53472786853949,-0.6030306515333875,0.0194406293121796,1.0486723668628912,1.0126854146770166,0.9170172173105732,43.03592713753754,39.08724047945648,0,0,2.6824223159642377,3.3238933058100257,0,6950.16015625,0,92.5999984741211,,1,,1,1,100.0,1,,1,,1
2017-12-29,-0.5721748877654839,-0.5635512185338419,-0.5709515492886605,-0.5704184716954954,-0.5727179901086619,0.0159976028601711,1.0385637595326171,1.009257442546829,0.9176640459202666,43.48183683945921,40.09928298199917,0,0,2.503210300368484,3.3123255207720708,0,6903.39013671875,0,92.12000274658205,,1,,1,1,100.0,1,,1,,0
2017-12-30,-0.624227913062313,-0.5814984137620091,-0.6318068574813629,-0.57084308742291,-0.5099325614855891,0.0089653880622958,1.1103193301135426,1.0928912022142037,1.0011025407683547,33.2004940976511,22.78986508909442,0,0,2.395905553019918,3.558081821909347,1,6903.39013671875,1,92.12000274658205,,1,,1,1,100.0,1,,1,,1
2017-12-31,-0.5874425473175664,-0.590650858113291,-0.6191966972553437,-0.6253489435963594,-0.6118384841768593,0.0062880935300678,1.0377224026143026,1.026322045789472,0.9442518898765332,43.997980237189104,45.11402332493466,0,0,2.7933838997152596,3.595183312804801,1,6903.39013671875,1,92.12000274658205,,1,,1,1,100.0,1,,1,,0
2018-01-01,-0.6026918902722517,-0.5986220568966959,-0.6067855447646654,-0.5882469622735405,-0.69301386977644,0.0029023671106543,1.0541738224574355,1.048849279831598,0.969951748183058,40.840339550848306,38.89762720761764,0,0,2.7850348481833462,3.6212323457311872,1,6903.39013671875,1,92.12000274658205,,1,,1,0,54.0,1,,1,,1
2018-01-02,-0.5622194591009199,-0.5585737432977214,-0.606508792514984,-0.6031305296238559,-0.4046082132917614,0.0034452270508708,0.9859035330258716,0.9799829440036136,0.908206840001872,51.49968619477614,58.92585588349016,0,0,3.049641587977282,3.715160117909493,0,7006.89990234375,0,91.8499984741211,,1,,1,1,54.0,1,,1,,1
2018-01-03,-0.5555325884608443,-0.5547203930401806,-0.5542364787054661,-0.5617913708156885,-0.403495138015444,0.0043647083992415,0.9780630352710328,0.9706044779783968,0.9010300464006664,53.1103089106439,61.69200894947703,0,0,2.972506140468506,3.710185709836961,0,7065.52978515625,0,92.16000366210938,,1,,1,1,54.0,1,,1,,1
2018-01-04,-0.5433685480618984,-0.5497038198467404,-0.5642592954204454,-0.5528557351327535,-0.1874218946999506,0.0060057103034453,0.9630705486606672,0.9529270531454678,0.8854224545425637,56.16569591040861,67.07077722462003,0,0,2.934627423349478,3.711738818897531,0,7077.91015625,0,91.8499984741211,,1,,1,1,54.0,1,,1,,1
2018-01-05,-0.4874573731592107,-0.4906262486332403,-0.5430941409839846,-0.5465473290865106,-0.0968931537904098,0.0116831051174551,0.8824401645434794,0.8641632574435837,0.80077395503059,67.42365915816448,82.30091389796691,0,0,2.664687778422015,3.441745761350994,0,7136.56005859375,0,91.9499969482422,,1,,1,1,54.0,1,,1,,1
2018-01-06,-0.4844789870286703,-0.4904098009325837,-0.4945255940590158,-0.485910275987934,-0.3400233572721343,0.0162356577244011,0.89395819703908,0.8679560106203178,0.8023033556408252,67.92992195761754,82.8638469790802,0,0,2.6022580106896993,2.696528594383922,1,7136.56005859375,1,91.9499969482422,,1,,1,1,54.0,1,,1,,0
2018-01-07,-0.5165355979909387,-0.4944014323289626,-0.5155756805404624,-0.4839184335333172,-0.4477498252592691,0.0170602281775892,0.9600345999519828,0.9305292023901188,0.8602680905151657,56.940401248141434,56.894888907616576,0,0,2.6350581669041593,2.6616414900889813,1,7136.56005859375,1,91.9499969482422,,1,,1,1,54.0,1,,1,,0
2018-01-08,-0.5564765196902369,-0.5257120862875284,-0.5740240064216044,-0.516028726279518,-0.33565467083934,0.0143256702127346,1.0288447016698576,1.002297748412379,0.9294565228954152,46.19623738593525,37.41535632301052,0,0,2.881533760602344,2.6476276975508894,0,7157.39013671875,0,92.33000183105467,,1,,1,1,54.0,1,,1,,0
2018-01-09,-0.5740321728426204,-0.5569837009944163,-0.5673131060175279,-0.5573464648605876,-0.4128177234863414,0.0106195038040375,1.0513867670082468,1.031326954663997,0.96033129213188,42.1615025683867,31.16253878550873,0,0,2.3410630877958747,2.664917202455102,0,7163.580078125,0,92.52999877929688,,1,,1,1,54.0,1,,1,,1
2018-01-10,-0.5624882715751016,-0.5727397375019,-0.5901015719872073,-0.573696392938359,-0.3318314620220252,0.0085156731997146,1.0254718591201597,1.00979487834782,0.9432004487865426,45.75604222604421,39.95970921193483,0,0,2.3684363434725824,2.5301472274205263,0,7153.56982421875,0,92.33000183105467,,1,,1,1,54.0,1,,1,,0
2018-01-11,-0.610371556289174,-0.571372130874697,-0.6083031116108006,-0.5620968626339086,-0.4183566999767265,0.0029505789519035,1.093791751453923,1.0880387832589036,1.0225507888083367,35.26628889145141,23.41224861510625,0,0,2.5378946146150927,2.690283309949608,0,7211.77978515625,0,91.8499984741211,,1,,1,1,54.0,1,,1,,1
2018-01-12,-0.5928128304828297,-0.5950843081685098,-0.606679830446533,-0.608357482700326,-0.6149445259838654,-4.246637965776845e-05,1.0522367947563052,1.0523161156044047,0.9934022377228112,40.99026073358996,36.30787826004222,0,0,2.6029320048237556,2.684442059141825,0,7261.06005859375,0,90.97000122070312,,1,,1,1,54.0,1,,1,,1
2018-01-13,-0.5812169625823039,-0.5821717087657604,-0.581978819055128,-0.593128715562059,-0.5842403262409921,-0.0014619344692474,1.0266545575595512,1.0293125959683818,0.9749657468351752,44.71529400913405,44.53175606578136,0,0,2.1137947592263893,2.697518743594462,1,7261.06005859375,1,90.97000122070312,,1,,1,1,54.0,1,,1,,0
2018-01-14,-0.5991850374920465,-0.5866111761492453,-0.6032621694485469,-0.5803469557876455,-0.6581301527870457,-0.0039907438260365,1.04896966316297,1.0563497856086346,1.004905164591943,40.18040213231082,35.15393563811293,0,0,1.922533893638648,2.6299429610397813,1,7261.06005859375,1,90.97000122070312,,1,,1,1,54.0,1,,1,,1
2018-01-15,-0.5977248705656487,-0.5886039685068912,-0.591640913371148,-0.5987833870172224,-0.5848034638519513,-0.0058100456034545,1.0389944415836374,1.0495946165367578,1.0023597371650363,40.743900640341394,36.6005646650448,0,0,1.8778924212687749,2.4431844988639373,1,7261.06005859375,1,90.97000122070312,,1,,1,1,54.0,1,,1,,0
2018-01-16,-0.6688792729466917,-0.6067104908464178,-0.6988288241088078,-0.5966816092745059,-0.3163012079359855,-0.0128453478058628,1.1342900857447848,1.1595488033647392,1.1163556044084402,26.635934800600197,14.942191036753314,0,1,2.561215385610635,2.916246505222808,0,7223.68994140625,0,90.38999938964844,,1,,1,1,54.0,1,,1,,0
2018-01-17,-0.6781015902414839,-0.6717875144581978,-0.7234772668461802,-0.6701523915564158,-0.3173218835930967,-0.0189466344118259,1.124003039534668,1.1604473934404185,1.125930397170449,25.324551211483,13.55593180166258,0,1,2.5247037968183013,2.9135588829580445,0,7298.27978515625,0,90.54000091552734,,1,,1,1,54.0,1,,1,,1
2018-01-18,-0.6693558027949414,-0.6588839263714374,-0.6755801166880232,-0.6772489605270293,-0.4849521374715131,-0.0228132590001147,1.0911239640340722,1.1332680901442012,1.106574165808194,29.141868525362423,22.631838813875547,0,1,2.5229598052833166,2.890927615306479,0,7296.0498046875,0,90.5,,1,,1,1,54.0,1,,1,,1
2018-01-19,-0.6653082524124122,-0.6623254859058275,-0.6684400726385776,-0.6701920995261473,-0.6732512536104669,-0.025259804057289,1.070603875064005,1.1159652869518768,1.0955913841029394,31.024716125833763,27.33929747244356,0,0,1.9498701101328997,2.855271105848359,0,7336.3798828125,0,90.56999969482422,,1,,1,1,54.0,1,,1,,1
2018-01-20,-0.6258469332153246,-0.6289558783315088,-0.6533856066603245,-0.6632757528283724,-0.626559216684393,-0.0237408403449679,1.00600394294769,1.0459179431764514,1.0293731510427528,46.89791028505647,59.42868371125298,0,0,2.490175953167472,3.033072427695681,1,7336.3798828125,1,90.56999969482422,,1,,1,1,54.0,1,,1,,0
2018-01-21,-0.6655312733931005,-0.6351807310407926,-0.6648295991712372,-0.6256086116418464,-0.708677024338666,-0.0254459205236275,1.0584288006309288,1.103067703983362,1.090596880863332,37.01393661584091,37.32553453890024,0,0,2.655035887039878,2.9388832991004628,1,7336.3798828125,1,90.56999969482422,,1,,1,1,54.0,1,,1,,0
2018-01-22,-0.6859583962508257,-0.6631189807107979,-0.6974200995827492,-0.6639814568283718,-0.6821822557122077,-0.0281213416263432,1.075867022884612,1.1255086123303253,1.1186278284701543,32.896189876968535,29.73527290629995,0,0,2.588842082001132,2.9067937720582573,0,7408.02978515625,0,90.4000015258789,,1,,1,1,54.0,1,,1,,0
2018-01-23,-0.6878828919044055,-0.6808167356677174,-0.7008564071165966,-0.6850176114977269,-0.720756776603828,-0.0300505191620745,1.065948840009694,1.118010714139266,1.1164350634960665,32.503113486293785,28.994616889752866,0,0,2.5889092742661757,2.875331726861137,0,7460.2900390625,0,90.12000274658205,,1,,1,1,54.0,1,,1,,1
2018-01-24,-0.6728840448265047,-0.677095619867928,-0.6849934285581538,-0.6862731709373369,-0.7084214049142994,-0.0300230377589308,1.0359004007103834,1.0861002382778426,1.0881620699152872,39.05216616958631,43.59440333264333,0,0,2.6514332903365565,2.913851715486268,0,7415.06005859375,0,89.20999908447266,,1,,1,1,54.0,1,,1,,0
2018-01-25,-0.6759387998321872,-0.6685503386151114,-0.6720069666613563,-0.6704395359656313,-0.7554002816138915,-0.0299030480246257,1.0341432521942775,1.083723330406783,1.0891256355395404,38.1815735498747,41.28900039885231,0,0,2.3752884479065206,2.5640424892236395,0,7411.16015625,0,89.38999938964844,,1,,1,1,54.0,1,,1,,0
2018-01-26,-0.6786269842371877,-0.6724277288328958,-0.6902645066304355,-0.6755015413601738,-0.7169912330778754,-0.0296827055582655,1.0321810610890614,1.080984180721119,1.0894641822283495,37.336424786238254,38.87672344630399,0,0,2.273791800458832,2.563949514973955,0,7505.77001953125,0,89.06999969482422,,1,,1,1,54.0,1,,1,,1
2018-01-27,-0.6704005349732033,-0.6736841176220478,-0.6741278430863537,-0.677979068072664,-0.8121495958636245,-0.0285155671540671,1.0165925883926403,1.0625376599868628,1.0730485434823112,41.879112167997555,50.64288196067436,0,0,2.2656807833750348,2.4980264089304427,1,7505.77001953125,1,89.06999969482422,,1,,1,1,54.0,1,,1,,1
2018-01-28,-0.6598433136062014,-0.6608977647016046,-0.6590112118655791,-0.6688021117532463,-0.7784013670274638,-0.0264340072451015,1.0004938232793914,1.0422688117445666,1.0538300532088356,47.513308659692854,62.87222087753525,0,0,2.301642552216183,2.5196762122964267,1,7505.77001953125,1,89.06999969482422,,1,,1,1,54.0,1,,1,,0
2018-01-29,-0.6748085404800847,-0.6658482059897587,-0.6682192599964802,-0.6602422250400849,-0.8330873225451381,-0.0256957204887562,1.0195483441348452,1.0607289246314515,1.074455656647817,41.01081764241355,42.819692314417175,0,0,2.321817167373121,2.303570950097615,0,7466.509765625,0,89.30999755859375,,1,,1,1,54.0,1,,1,,0
2018-01-30,-0.7111631977016667,-0.6829327511671258,-0.703764051952929,-0.6739496488902533,-0.7657527781987197,-0.0277245485863468,1.0623038878901196,1.1081984817966863,1.1264945890996334,29.640460821286993,21.061689375095185,0,1,1.6119589310304627,2.3269903149938145,0,7402.47998046875,0,89.19000244140625,,1,,1,1,54.0,1,,1,,1
2018-01-31,-0.7076563449214616,-0.7107537950236348,-0.7118115506246427,-0.7105658862888283,-0.7920046543108191,-0.0287183880582736,1.0478659685402942,1.0944054609384788,1.115648452709658,31.74668597952845,25.90414468283143,0,0,1.6124033966870617,2.3239081796756658,0,7411.47998046875,0,89.12999725341797,,1,,1,1,54.0,1,,1,,0
2018-02-01,-0.7397483659832588,-0.7135431055267947,-0.7418252759200329,-0.7066219988488823,-0.7076114328257047,-0.0317298094037924,1.0795442727247098,1.1319591610901576,1.158688933430463,24.12199197439024,14.815004815214436,0,1,1.9174877683810865,2.287824627280324,0,7385.85986328125,0,88.66999816894531,30.0,0,,1,0,43.0,1,,1,,0
2018-02-02,-0.7501281192103308,-0.7480043738598768,-0.7734141172235407,-0.7400739496076797,-0.5858549543991342,-0.034555606334734,1.078973399003,1.1354080411435263,1.16694104134633,22.137746913873215,12.506220414949468,0,1,1.90100660018768,2.277410453859034,0,7240.9501953125,0,89.19999694824219,15.0,0,,1,1,43.0,1,,1,,1
2018-02-03,-0.7396148696097194,-0.7393337560621993,-0.7592602728536001,-0.7489381049784609,-0.8262051502250932,-0.0355370899297565,1.053502448158118,1.1096727418612602,1.1438313379239802,28.966525777635056,27.718590392334505,0,1,1.4119366764246268,2.2993442260159016,1,7240.9501953125,1,89.19999694824219,40.0,0,,1,1,43.0,1,,1,,0
2018-02-04,-0.767043526738379,-0.7422156453621954,-0.7661145298904672,-0.7390529983378433,-0.8345747942307256,-0.0380891185010232,1.0772299588033971,1.1381097981937176,1.1776489114308863,22.91625065769796,17.27208886336723,0,1,1.3907118565877776,2.1039471360691766,1,7240.9501953125,1,89.19999694824219,24.0,0,,1,1,43.0,1,,1,,0
2018-02-05,-0.8074194377942723,-0.7713721251542991,-0.8057499284282105,-0.7667049005291544,-0.7372690075303538,-0.0428753774544684,1.111040402945376,1.1806995250514625,1.2280972669938923,16.915258601051903,9.928193403179066,0,1,2.1514116148100695,2.463654428971181,0,6967.52978515625,0,89.55000305175781,11.0,0,,1,1,43.0,1,,1,,1
2018-02-06,-0.7830201937340167,-0.786825768901793,-0.8277802487227914,-0.8039379390353172,-0.5298535319477637,-0.0441903087043042,1.064776242982163,1.132850852943043,1.1821319106913144,29.743520423425903,32.91189284944649,0,1,2.7287753762382403,2.754034776267064,0,7115.8798828125,0,89.58999633789062,8.0,0,,1,1,43.0,1,,1,,0
2018-02-07,-0.7870738595928757,-0.7670357448775007,-0.7908195651678683,-0.7824392506599385,-0.7423728813770074,-0.045040301590161,1.0588386671072805,1.1271340197511115,1.1795438720652611,28.888472217526186,31.151075079596453,0,1,2.581471446290933,2.6992183356981627,0,7051.97998046875,0,90.26000213623048,36.0,0,,1,1,43.0,1,,1,,1
2018-02-08,-0.7673923773735005,-0.7655431245864658,-0.7783471736876716,-0.7860327622542708,-0.7345650459775724,-0.0436229378725184,1.0272471223869148,1.0909528287894592,1.143320744969068,38.75230577487597,48.86238288322951,0,0,2.908253267641217,2.8608535937206008,0,6777.16015625,0,90.2300033569336,30.0,0,,1,1,43.0,1,,1,,1
2018-02-09,-0.7529925486599952,-0.7601865870223983,-0.7706706773048015,-0.7666651925594229,-0.8472774893211306,-0.0408666359414074,1.0067366148132222,1.06492171087459,1.1165307625706882,45.172545440403965,59.12105986990543,0,0,3.0633146333758163,2.916008960099129,0,6874.490234375,0,90.44000244140624,44.0,0,,1,1,43.0,1,,1,,0
2018-02-10,-0.7565079631070619,-0.7485974182515323,-0.7578969499091583,-0.7529718201395652,-0.8034521832429096,-0.038521855399233,1.0096601740276554,1.064382778343941,1.1164133513262071,43.87696266061182,55.49713351122193,0,0,3.0135608166381385,2.7760592298990305,1,6874.490234375,1,90.44000244140624,54.0,0,,1,1,43.0,1,,1,,0
2018-02-11,-0.7715352247762022,-0.7638190279505191,-0.7692280458450472,-0.7561474135565991,-0.8764299971652627,-0.0374445370403754,1.025029918219771,1.0786918945856416,1.1324351042242924,38.43924477366716,41.12833798035488,0,0,2.969526538088737,2.750181863459899,1,6874.490234375,1,90.44000244140624,31.0,0,,1,1,43.0,1,,1,,1
2018-02-12,-0.7472010434177765,-0.7527041420583092,-0.7626872419350413,-0.7706491012175469,-0.8705236522229922,-0.0342325775677735,0.9938165791030106,1.0412247101754573,1.092574168524804,50.014032104304945,62.23797346756345,0,0,3.3181763556770485,2.912823019567479,0,6981.9599609375,0,90.20999908447266,42.0,0,,1,1,43.0,1,,1,,0
2018-02-13,-0.7572286048714395,-0.7535292204984717,-0.752923153497376,-0.7466591479478139,-0.8951486012515263,-0.0321258896916081,1.0060465283732554,1.0509012459051044,1.102599864391765,45.90972134214196,51.994462064608555,0,0,3.0790337152916756,2.9095848611981014,0,7013.509765625,0,89.69999694824219,35.0,0,,1,1,43.0,1,,1,,1
2018-02-14,-0.7298482152583972,-0.7366950255297973,-0.7484292168789894,-0.7566426146006063,-0.7977829868113663,-0.0279250531278557,0.974215166390622,1.0119349271856015,1.0601233469740237,57.02166748261306,69.98164960683386,0,0,3.377900204387937,3.100995885601135,0,7143.6201171875,0,89.12000274658203,55.0,0,,1,1,43.0,1,,1,,1
2018-02-15,-0.7093272720442964,-0.7151661991063323,-0.7236859319079119,-0.7295027095366674,-0.7470689084403,-0.0226785668670632,0.9546332903307488,0.984687402702394,1.0290926920247787,63.50514682315331,78.15938723337112,0,0,3.1804737263106175,2.708110794910647,0,7256.43017578125,0,88.58999633789062,71.0,0,,1,1,43.0,1,,1,,1
2018-02-16,-0.7072653124154608,-0.7124820891129573,-0.7103375024851677,-0.7097257837887233,-0.824781042783491,-0.0181451399189335,0.9589607145388436,0.9831486023014404,1.0250519799541746,64.13246922335205,78.92845448131895,0,0,3.1214153366961725,2.7011218239833865,0,7239.47021484375,0,89.0999984741211,67.0,0,,1,1,43.0,1,,1,,1
2018-02-17,-0.6804201313918417,-0.6879733643208098,-0.7002437742698037,-0.7075323585005409,-0.764739986468162,-0.0122450315455068,0.93368558905807,0.9496423030999646,0.9866808946059078,71.49348013203371,86.92230037052032,1,0,3.236286459163805,2.8036561094210892,1,7239.47021484375,1,89.0999984741211,74.0,0,,1,1,43.0,1,,1,,0
2018-02-18,-0.6975542641513514,-0.68165232241773,-0.6947519139243755,-0.6795523509364969,-0.7610827005165401,-0.0088497204013242,0.9635423201569172,0.9754666719988104,1.0110701417418306,62.106672067804,65.7086113814133,0,0,2.9757271624901036,2.8398226140465757,1,7239.47021484375,1,89.0999984741211,63.0,0,,1,1,43.0,1,,1,,1
2018-02-19,-0.67698048918808,-0.6839366763444867,-0.6889303986167732,-0.6969898477870428,-0.8091218527100461,-0.0044475120103637,0.9445510224888832,0.9504488921197712,0.9819715381815098,67.93884539630679,75.34286689113435,0,0,1.7286056986095952,2.7175582430592344,1,7239.47021484375,1,89.0999984741211,67.0,0,,1,1,43.0,1,,1,,1
2018-02-20,-0.6715307943253057,-0.6633564450311549,-0.6665835275623379,-0.6762408375269033,-0.709057119700559,-0.0005130709513515,0.9461251790778034,0.9468095991641706,0.9750582925002956,69.37926617035586,77.56866209885874,0,0,1.4999791060217,2.5464540463964407,0,7234.31005859375,0,89.72000122070312,74.0,0,,1,1,43.0,1,,1,,0
2018-02-21,-0.6933203558145203,-0.6795873808265318,-0.6899908520137473,-0.6719517204658204,-0.7319874074536814,0.0008371166649895,0.9803199364306184,0.9791609617145798,1.006432291678638,57.467941334908105,52.367541617945214,0,0,1.7472154189166642,2.557176488433093,0,7218.22998046875,0,90.08000183105467,54.0,0,,1,1,43.0,1,,1,,0
2018-02-22,-0.7142576585561046,-0.6909911278283378,-0.7067839708007914,-0.6936966221200829,-0.7920521831251841,0.0002152039899737,1.0083846187643917,1.0080783406888263,1.0353299920840566,48.27823025671121,36.976442017231285,0,0,1.872604468317607,2.6260526616261988,0,7210.08984375,0,89.75,44.0,0,,1,1,43.0,1,,1,,1
2018-02-23,-0.7052125409169157,-0.7075767337575681,-0.7131444135113175,-0.715793764194045,-0.805276231015815,0.0004470458484012,0.9962869214000146,0.9956581008877348,1.021329007982813,52.09664861746636,46.10115377293621,0,0,1.8153397424033055,2.6063458187187467,0,7337.39013671875,0,89.87999725341797,39.0,0,,1,1,43.0,1,,1,,0
2018-02-24,-0.7201206402924015,-0.7042734260091955,-0.7189780460303345,-0.7050823081517793,-0.8414213086772444,-0.000565656302139,1.014640251736411,1.0154495671601085,1.0411673493932618,45.68279858922946,34.97352866893533,0,0,1.922020511528555,2.638803980191693,1,7337.39013671875,1,89.87999725341797,31.0,0,,1,1,43.0,1,,1,,0
2018-02-25,-0.7246520590947763,-0.7245314514084904,-0.7233289448899151,-0.7200905185505834,-0.8946989696574321,-0.0017141183894794,1.0177329911345288,1.0201889764343066,1.0457620126736984,43.791923391906266,31.85716275683876,0,0,1.7691671150847832,2.640464290571629,1,7337.39013671875,1,89.87999725341797,33.0,0,,1,1,43.0,1,,1,,1
2018-02-26,-0.7032086037342328,-0.7079464325356765,-0.7203848876814365,-0.7239699663101237,-0.8251536596779104,-0.0008837874788397,0.9895019639035482,0.990734039665343,1.01422716567721,54.153480158479006,56.38084003160741,0,0,1.6437689197095973,2.7175486579082824,0,7421.4599609375,0,89.81999969482422,37.0,0,,1,1,43.0,1,,1,,1
2018-02-27,-0.6922451059177935,-0.6958183166219087,-0.6972366407502762,-0.7018379790756458,-0.8392985501899818,0.0006514093564923,0.9779755831161252,0.9770763948488628,0.9984767528792128,58.65025735810532,64.97393850824258,0,0,1.5596157412682854,2.722404674225651,0,7330.35009765625,0,90.36000061035156,44.0,0,,1,1,43.0,1,,1,,0
2018-02-28,-0.7022555142061415,-0.6894672174303189,-0.6926652633070585,-0.6928779100138903,-0.8406179590869546,0.0010482243428644,0.9933224152534124,0.9918518100134072,1.012402738942794,53.15727425858495,52.40527991202412,0,0,1.3128403981979344,2.7099042683191605,0,7273.009765625,0,90.61000061035156,41.0,0,,1,1,43.0,1,,1,,1
2018-03-01,-0.6853596762023486,-0.6905943657494423,-0.6939215964374295,-0.7021098787271358,-0.8238518657254084,0.002694989835705,0.9740054544519244,0.9702892364267351,0.9885083864603782,60.3832012947622,66.84052275118597,0,0,1.2348868674767586,2.550138444116267,0,7180.56005859375,0,90.31999969482422,38.0,0,,1,0,23.0,1,,1,,1
2018-03-02,-0.6812235259920179,-0.686485528539567,-0.6784535660856262,-0.6840125314825088,-0.8105076893196076,0.0042844278900572,0.9728979187592778,0.9669810973794096,0.9832158401040588,62.03734218018662,69.82750000416767,0,0,1.2368546853397535,2.550441398504312,0,7257.8701171875,0,89.94000244140625,47.0,0,,1,1,23.0,1,,1,,1
2018-03-03,-0.6689037050204188,-0.6762900904064253,-0.673717345976846,-0.6802091583456699,-0.8514240292291537,0.0064636664672407,0.9619177711765804,0.9530590083272266,0.9667449662821358,66.80132195701495,77.77745763014387,0,0,1.001968825129603,2.3455309428755275,1,7257.8701171875,1,89.94000244140625,56.0,0,,1,1,23.0,1,,1,,1
2018-03-04,-0.6682041840230727,-0.6767590017188732,-0.66955959364508,-0.668126956935069,-0.8781035745685198,0.008153189346962,0.9667252900354294,0.955455088160188,0.9670334376277664,67.07204320731014,78.21207245407211,0,0,0.8480985953946463,2.309086852414692,1,7257.8701171875,1,89.94000244140625,44.0,0,,1,1,23.0,1,,1,,1
2018-03-05,-0.6663499417683051,-0.6710030309692163,-0.6599876647443245,-0.6670577355712989,-0.861192281805364,0.0095318925312043,0.9694053139708244,0.9561464418378748,0.9657000433185564,67.87331723631817,79.62072528115533,0,0,0.6750166899733071,2.293385860995404,0,7330.7099609375,0,90.08000183105467,55.0,0,,1,1,23.0,1,,1,,0
2018-03-06,-0.6905863500844346,-0.6771347178252476,-0.6832985981455322,-0.6680444980106978,-0.8451943306706705,0.0085700588351649,1.0039439864066768,0.9915899911401972,1.0007920270051178,49.651295461967,37.437699592114264,0,0,0.913336354412544,2.1840496383519707,0,7372.009765625,0,89.62000274658203,59.0,0,,1,1,23.0,1,,1,,0
2018-03-07,-0.7154621389087358,-0.6942853949079009,-0.7144641873801484,-0.6893128145286259,-0.7587113505622957,0.0057344275279513,1.0337288368621562,1.025234426759171,1.035345970349674,37.67322648005657,21.70257468079136,0,0,1.0039051953356135,1.6810165075240222,0,7396.64990234375,0,89.63999938964844,37.0,0,,1,1,23.0,1,,1,,0
2018-03-08,-0.732891365774849,-0.7177931885104101,-0.7255427806736608,-0.7153547688712806,-0.8296235757276507,0.0020570637904964,1.0494002892729732,1.046318427131988,1.0580547210453444,31.524874046498255,15.583699409420888,0,0,0.9633692235008008,1.5714189544450918,0,7427.9501953125,0,90.12000274658205,39.0,0,,1,1,23.0,1,,1,,0
2018-03-09,-0.7346466268078505,-0.7382637283323731,-0.7511312942865834,-0.7317520422142391,-0.7628345540477206,-0.0009875247903757,1.0435788268726192,1.0450448124269551,1.0580747258521637,30.938152803000705,15.0152456940084,0,0,0.9038337156387414,1.562805417463482,0,7560.81005859375,0,90.08999633789062,37.0,0,,1,1,23.0,1,,1,,0
2018-03-10,-0.7490513180708278,-0.7363108851638502,-0.7413218194517768,-0.7337102626689405,-0.9088046883172852,-0.0045107245508935,1.0536598165163915,1.0603880332160271,1.0754966961180714,26.302729304238127,10.73176594089682,0,1,0.9177565062620134,1.5053574818837805,1,7560.81005859375,1,90.08999633789062,39.0,0,,1,1,23.0,1,,1,,1
2018-03-11,-0.727282221053624,-0.7308834605375254,-0.7482053066038988,-0.7489179377451487,-0.8687669106573486,-0.005483095831398,1.0194249447952022,1.027320525680863,1.0424318382918067,41.56871475664106,43.31564007704811,0,0,1.219270701426702,1.5647778060512447,1,7560.81005859375,1,90.08999633789062,40.0,0,,1,1,23.0,1,,1,,0
2018-03-12,-0.7386920293157664,-0.7241022251097784,-0.7373425454445337,-0.7260014869012866,-0.861682391730934,-0.0070926238945123,1.0298066379060578,1.0400908369878274,1.0563505704850784,36.94098727733675,34.51215677733073,0,0,1.020818653276638,1.5973717589782237,0,7588.31982421875,0,89.9000015258789,41.0,0,,1,1,23.0,1,,1,,0
2018-03-13,-0.7390057681672778,-0.7381425892408882,-0.7372877902260354,-0.7391342639347994,-0.8821955577047933,-0.008297850132748,1.0254725714932298,1.0374178289549283,1.054450521109335,36.81096545462989,34.25689458648945,0,0,0.9322382074220306,1.5164431553226791,0,7511.009765625,0,89.66000366210938,41.0,0,,1,1,23.0,1,,1,,0
2018-03-14,-0.7672634750651064,-0.7415850587127234,-0.7649524164303078,-0.7378631017392393,-0.8625257691426108,-0.0114017293581697,1.0541933522189737,1.0709707297851785,1.0907164185687306,26.952267177344268,18.14240410534083,0,1,1.3086733634965526,1.576381090004461,0,7496.81005859375,0,89.69999694824219,40.0,0,,1,1,23.0,1,,1,,1
2018-03-15,-0.7663149497705686,-0.7694631938057087,-0.7738320850949734,-0.7660872044260055,-0.8450949030940796,-0.0136279434929595,1.0443919565099988,1.0641567438557271,1.0855635294672663,27.70220853656305,19.83023881661137,0,1,1.1128929987058631,1.550180394936684,0,7481.740234375,0,90.13999938964844,32.0,0,,1,1,23.0,1,,1,,1
2018-03-16,-0.765169744790948,-0.7647501874850907,-0.7669202788961237,-0.7651050362971541,-0.9130695772256274,-0.0151254687740592,1.0360045228893384,1.0576646344032443,1.0803848047872096,28.72164566363159,22.40580783445519,0,1,1.0925010289642627,1.323520118559694,0,7481.990234375,0,90.2300033569336,33.0,0,,1,1,23.0,1,,1,,0
2018-03-17,-0.7780446123605521,-0.7719224611916753,-0.7729063028108284,-0.7651355854789761,-0.9510474876066932,-0.0171534285152418,1.0448468138571088,1.0694829691548116,1.094333672521282,24.28045268556731,15.123000190163223,0,1,0.9650640989587456,1.2432042703036918,1,7481.990234375,1,90.2300033569336,31.0,0,,1,1,23.0,1,,1,,1
2018-03-18,-0.7686726299694367,-0.774958863740418,-0.7858065928094067,-0.7783142012018146,-0.8536845086505525,-0.0177991826685552,1.0271629949231698,1.0521890139560277,1.0777220430746923,32.984161983075666,35.478084819445996,0,0,1.1185538717173698,1.2867920686036838,1,7481.990234375,1,90.2300033569336,29.0,0,,1,1,23.0,1,,1,,1
2018-03-19,-0.7562406720440646,-0.7620233984902572,-0.7614131733373365,-0.7644570893440369,-0.8497284669335646,-0.0171105525818788,1.0089127947229588,1.0324817325395126,1.057790720959154,43.01059517135108,54.69475635827607,0,0,1.3067549703070551,1.1706482204070217,0,7344.240234375,0,89.9000015258789,29.0,0,,1,1,23.0,1,,1,,1
2018-03-20,-0.747601234222476,-0.7507474243174393,-0.7549606975210646,-0.7560392682596219,-0.8658887593787454,-0.0156868496098901,0.9977879264907642,1.019124827867304,1.043835342515482,49.115116990056265,64.4933775356611,0,0,1.2878626257387062,1.1596873676213395,0,7364.2998046875,0,90.37000274658205,37.0,0,,1,1,23.0,1,,1,,1
2018-03-21,-0.7471182607503862,-0.7469496683025137,-0.7407664017085063,-0.7463304160781882,-0.8799082504076083,-0.0143541174932093,0.9975817504092296,1.017075200294221,1.0413983343965951,49.46429074627013,65.05669983958094,0,0,1.0890324140458396,1.048000080196638,0,7345.2900390625,0,89.77999877929688,36.0,0,,1,1,23.0,1,,1,,0
2018-03-22,-0.7532525309829886,-0.7492538647361384,-0.7495182474587739,-0.7462705408751446,-0.9024663041998868,-0.0136357179617357,1.0048800636857975,1.0234983099391195,1.0478962181386888,44.94451349721782,51.27928065851169,0,0,0.9718152972312278,1.0389339646007818,0,7166.68017578125,0,89.86000061035156,36.0,0,,1,1,23.0,1,,1,,1
2018-03-23,-0.7486352568592628,-0.7558992259563535,-0.7558709157178661,-0.7524778422561582,-0.8838242417777048,-0.0125491469689538,0.9989170208659206,1.0159282772928349,1.039781755857608,48.99242132881146,59.81923479117549,0,0,0.9940441068527084,0.9730983271955804,0,6992.669921875,0,89.44000244140625,28.0,0,,1,1,23.0,1,,1,,0
2018-03-24,-0.7550960636962812,-0.752395761322874,-0.7463835947143576,-0.7474158368616157,-0.8965617162469627,-0.012070226685608,1.0063707400788422,1.0228247767634375,1.0467538298031889,43.79376296010937,45.077681381192896,0,0,0.8987788221249117,0.8876880865057429,1,6992.669921875,1,89.44000244140625,32.0,0,,1,1,23.0,1,,1,,0
2018-03-25,-0.7603606237000197,-0.7618388573058216,-0.7531193976581838,-0.7562488463868675,-0.944724060424242,-0.0119774167011128,1.0113043463141738,1.0276755816736018,1.051822312738875,39.82095746703331,35.55745758847323,0,0,0.5522073534460624,0.861726960713205,1,6992.669921875,1,89.44000244140625,30.0,0,,1,1,23.0,1,,1,,0
2018-03-26,-0.769108827505502,-0.7664054517562368,-0.769528759197,-0.7597418350630853,-0.8852796146194676,-0.0124660699604087,1.0193422880821583,1.0364667598538957,1.0612634856358043,33.92088978021296,24.222852002128633,0,0,0.5343428892799295,0.8354211531863982,0,7220.5400390625,0,89.02999877929688,31.0,0,,1,1,23.0,1,,1,,0
2018-03-27,-0.7806057141842616,-0.7753414777596829,-0.7733895639267265,-0.7688598410082057,-0.9091597127927382,-0.0136239850415198,1.029104947216121,1.0479268297039008,1.0738795259126672,27.697872898440096,15.541738887711404,0,1,0.6074756568602631,0.8762044403778055,0,7008.81005859375,0,89.37000274658203,24.0,0,,1,1,23.0,1,,1,,1
2018-03-28,-0.7768960214952564,-0.778644477303437,-0.7730198067648704,-0.7799543849838466,-0.9286478106361208,-0.0140799944769823,1.020412983449715,1.0396393975407976,1.0659012561270205,32.32057586297455,26.82442943581991,0,0,0.0247122381609301,0.7285869900181081,0,6949.22998046875,0,90.05999755859375,24.0,0,,1,1,23.0,1,,1,,0
2018-03-29,-0.8009913114661282,-0.7825086440754463,-0.7956524800163596,-0.7756090771181136,-0.865913402280601,-0.0161989424428761,1.0437015159663137,1.0662063829049029,1.0947116518854565,21.85052290462569,12.43644814852641,0,1,0.6171962171148063,0.9050801257464772,0,7063.4501953125,0,90.1500015258789,18.0,0,,1,1,23.0,1,,1,,0
2018-03-30,-0.8093973916604517,-0.8040798559721617,-0.8080122937955173,-0.8002811960045867,-0.8690687298913182,-0.0183450540277487,1.0458607037555725,1.071254264559062,1.101612308120561,19.32989591426876,9.953144673299748,0,1,0.6423998747761263,0.9140670207851138,1,7063.4501953125,1,90.1500015258789,12.0,0,,1,1,23.0,1,,1,,1
2018-03-31,-0.8068616466898167,-0.8061480997557011,-0.8024274437223896,-0.8088035078207708,-0.9454548328392316,-0.0196151383882935,1.035798211597204,1.0625540454369216,1.0939499782289224,22.44392400530471,16.647415576885464,0,1,0.5817246607681387,0.8179427972037898,1,7063.4501953125,1,90.1500015258789,16.0,0,,1,1,23.0,1,,1,,0
2018-04-01,-0.8108114389458457,-0.8105635125025317,-0.812896516986578,-0.8054253769082392,-0.9463861948712444,-0.0207017675300753,1.0343651424724545,1.0624232916648162,1.095040702552169,20.98781551349296,14.420861016224578,0,1,0.4463281378772685,0.7976019672147688,1,7063.4501953125,1,90.1500015258789,16.0,0,,1,0,18.0,1,,1,,1
2018-04-02,-0.8034931677484188,-0.8083236427757133,-0.8038871729015087,-0.8102582634391167,-0.9551262707973658,-0.0207334038558354,1.0210972371753455,1.048729666870519,1.0815452072192775,30.611951884015653,35.67484481542361,0,0,0.3539740190122603,0.7939785264181218,0,6870.1201171875,0,90.05000305175781,11.0,0,,1,1,18.0,1,,1,,1
2018-04-03,-0.792120007596867,-0.7964368951074703,-0.7959289285765319,-0.8023949070214524,-0.9038165054614268,-0.0196146514054571,1.005616079265395,1.031296695826006,1.0634739428386994,43.05069948232701,57.53040504930908,0,0,0.4796227257333006,0.9021488481220138,0,6941.27978515625,0,90.1999969482422,22.0,0,,1,1,18.0,1,,1,,0
2018-04-04,-0.8105178811662226,-0.7982721949050575,-0.8042821211081483,-0.791575902345917,-0.9286165677614648,-0.0199822437999473,1.0244065211876776,1.050948633168425,1.08442457425279,32.257372095663825,33.200159794222614,0,0,0.7220372487656801,1.0086622496364277,0,7042.10986328125,0,90.13999938964844,22.0,0,,1,1,18.0,1,,1,,0
2018-04-05,-0.8118121695261253,-0.8143847067448745,-0.8092291624741752,-0.8101424808466839,-0.897673913028607,-0.0201457737354526,1.021947909268062,1.0485393512179406,1.0824988412974692,31.613994644739677,31.93339411628899,0,0,0.7287284260547542,0.936121198276242,0,7076.5498046875,0,90.45999908447266,17.0,0,,1,1,18.0,1,,1,,0
2018-04-06,-0.8171625848512148,-0.8166789672486547,-0.81139978324077,-0.811141131810454,-0.9800552240338,-0.0204711277708504,1.0241638267054616,1.051132538883194,1.085816594649817,28.86766384246272,26.384566175688704,0,1,0.660298929370869,0.8331365565250187,0,6915.10986328125,0,90.11000061035156,19.0,0,,1,1,18.0,1,,1,,1
2018-04-07,-0.8087690339254694,-0.8108764135723717,-0.8096735513329032,-0.816806483545981,-0.970825049444861,-0.0198231745592553,1.0115207788735705,1.037236656824177,1.0715261332537658,38.53308976283795,46.00825048301481,0,0,0.8409946795231269,0.8472617537339601,1,6915.10986328125,1,90.11000061035156,20.0,0,,1,1,18.0,1,,1,,1
2018-04-08,-0.805334567502894,-0.8090423172404377,-0.8006716628252832,-0.8079634053206658,-0.9850843132057182,-0.0188156392565266,1.0061069438754764,1.030326241526143,1.0641807840799926,42.23864064860512,52.86347270932799,0,0,0.8878426450106284,0.8645741312550326,1,6915.10986328125,1,90.11000061035156,17.0,0,,1,1,18.0,1,,1,,0
2018-04-09,-0.8130566838750224,-0.8070420105606642,-0.8086945778312319,-0.804164924826228,-0.930461721932029,-0.0184278457896978,1.013298251999596,1.0371169922438086,1.0712599765175768,36.52598200922041,38.28921598527087,0,0,0.8929580776095623,0.8367733150440319,0,6950.33984375,0,89.83999633789062,21.0,0,,1,1,18.0,1,,1,,1
2018-04-10,-0.8111007308078341,-0.8162305148523119,-0.8073835046668381,-0.8117680016181051,-0.9577963314659672,-0.0177579846147177,1.0091743941785087,1.0319754238708712,1.065812161963793,38.93954357379432,43.54562502650303,0,0,0.8535384234330954,0.6391894321070388,0,7094.2998046875,0,89.58999633789062,18.0,0,,1,1,18.0,1,,1,,1
2018-04-11,-0.8070207982323491,-0.8133477302912809,-0.8038557714062634,-0.8103007160619026,-0.9415559833780126,-0.0167053297039144,1.0034654615709324,1.0247513235155674,1.0579430119961666,44.05912126274486,54.35809964537603,0,0,0.8642772981891889,0.6393694040600404,0,7069.02978515625,0,89.56999969482422,20.0,0,,1,1,18.0,1,,1,,1
2018-04-12,-0.7788886375888312,-0.7853670951480254,-0.8042003375233363,-0.8068819672674855,-0.7539449087721287,-0.0134460649822476,0.9732038665030512,0.9898336220264292,1.0202211466175954,66.44361477783059,83.46802463121762,0,0,1.1083053507953942,1.0881202479026593,0,7140.25,0,89.75,18.0,0,,1,1,18.0,1,,1,,1
2018-04-13,-0.7786836647212135,-0.7768088839776417,-0.7745821526291286,-0.7779913017199294,-0.8041781126744447,-0.0107229273791688,0.977013975813266,0.9903380344561692,1.019155218945877,66.55612081535695,83.56982551965571,0,0,1.005597380515815,0.821474743790533,0,7106.64990234375,0,89.80000305175781,23.0,0,,1,1,18.0,1,,1,,1
2018-04-14,-0.7759258235492377,-0.7781088617056973,-0.7718744721500909,-0.7787984087170118,-0.917378886428722,-0.0082472176835031,0.9775309544715378,0.9877941886266912,1.01492697113082,68.21075376578077,85.20428577210761,0,0,1.0054840267884948,0.8250897885665673,1,7106.64990234375,1,89.80000305175781,,1,,1,1,18.0,1,,1,,1
2018-04-15,-0.7654519814814632,-0.7721662363685065,-0.767106243167047,-0.7749901429377716,-0.91504495133735,-0.0053780535383756,0.9696560609203876,0.9763074366820584,1.0011787966292374,73.87482715676151,90.16073265240938,1,0,1.0043570413940992,0.8721739080221997,1,7106.64990234375,1,89.80000305175781,,1,,1,1,18.0,1,,1,,0
2018-04-16,-0.7737132740447313,-0.7711824472262216,-0.7693950447061246,-0.7646571805183339,-0.8980263245455452,-0.0037278650418169,0.9831279339785034,0.9878070335145138,1.0115088395489868,63.56693632319264,66.67203448035343,0,0,1.073614022704746,0.8299794932275428,0,7156.27978515625,0,89.43000030517578,,1,,1,1,18.0,1,,1,,0
2018-04-17,-0.7784964118191562,-0.7737430405496261,-0.7707636518480255,-0.7727805182299315,-0.8421714305005464,-0.0027740603721959,0.990851155380028,0.9943620050567044,1.0170536131215973,58.14678017020744,55.50843765123149,0,0,1.0129053591272306,0.8007460136519844,0,7281.10009765625,0,89.5199966430664,26.0,0,,1,1,18.0,1,,1,,1
2018-04-18,-0.7705134181762789,-0.7763928958011151,-0.7706302562311347,-0.7766672900364808,-0.8584923072668682,-0.0013583442820673,0.9836125924289966,0.9853211575690614,1.0063629326694024,64.04989791155288,67.58610950927837,0,0,0.6050187728299078,0.765254888246827,0,7295.240234375,0,89.62000274658203,24.0,0,,1,1,18.0,1,,1,,1
2018-04-19,-0.7665150600887142,-0.7733603971775402,-0.7627696632678226,-0.7701041085871521,-0.8350296967928583,8.527203806218964e-05,0.9817544877933834,0.9816472755677278,1.001095918856716,66.7593754540563,72.56046633401061,0,0,0.5842946179579925,0.7420871748256026,0,7238.06005859375,0,89.94000244140625,25.0,0,,1,1,18.0,1,,1,,1
2018-04-20,-0.7496674597689466,-0.7558808804433469,-0.7594807514372375,-0.7662057316714926,-0.7745407883982858,0.0025593068210731,0.9660950733857808,0.9629191983388464,0.9798957779743104,75.67335925808761,85.26487884917759,1,0,0.6030617815143537,0.8569432113443566,0,7146.1298828125,0,90.31999969482422,26.0,0,,1,1,18.0,1,,1,,1
2018-04-21,-0.7481477191536196,-0.7523539629060398,-0.7468049639082925,-0.749039836140583,-0.8136770953705988,0.0045897201409389,0.969485673476838,0.9637536720427344,0.9787572127410226,76.3339134308641,86.04213981877457,1,0,0.5882495259213104,0.843978593033083,1,7146.1298828125,1,90.31999969482422,32.0,0,,1,1,18.0,1,,1,,0
2018-04-22,-0.7509923105947021,-0.7522316497017225,-0.7428412388039177,-0.746709864362948,-0.8540932339285866,0.0059012763291127,0.9772051582908376,0.9697585275501068,0.9831541605651788,72.10535667695382,76.03284348606121,1,0,0.6303248409780988,0.8393926117643254,1,7146.1298828125,1,90.31999969482422,31.0,0,,1,1,18.0,1,,1,,1
2018-04-23,-0.747069396602932,-0.7535268135671652,-0.7425551632863056,-0.7507017235649739,-0.8411018970243084,0.0071745368368076,0.9762910426488588,0.9672224768436666,0.9788623143626246,74.36502323474876,80.25614366595954,1,0,0.4617559355916367,0.8288966857036771,0,7128.60009765625,0,90.94000244140624,28.0,0,,1,1,18.0,1,,1,,1
2018-04-24,-0.7236510301985781,-0.730260652385568,-0.738231930541008,-0.7464263596023479,-0.6759613421004556,0.0099584763000292,0.9536558325063456,0.9413024870960318,0.9501087877533084,83.5460253361588,91.78216482050894,1,0,0.6553076075431535,0.9788219936332198,0,7007.35009765625,0,90.7699966430664,29.0,0,,1,1,18.0,1,,1,,0
2018-04-25,-0.749670204275397,-0.7298786254227193,-0.7422121459857294,-0.7230045942646373,-0.6581741225717094,0.0099505349126642,0.9897805987554688,0.976945901479764,0.984877865934176,57.257162634093355,49.21784640847048,0,0,1.2714791563368844,1.1660518905926207,0,7003.740234375,0,91.16999816894533,64.0,0,,1,1,18.0,1,,1,,1
2018-04-26,-0.7363585127062987,-0.7438195128441023,-0.7444745113530361,-0.7484737514481294,-0.7511156153126524,0.0108928179404669,0.9763804348170914,0.9624789483696184,0.9686283732177812,63.95297245255775,61.42195531673523,0,0,0.7531233942305221,1.1502741431295431,0,7118.68017578125,0,91.55999755859376,47.0,0,,1,1,18.0,1,,1,,0
2018-04-27,-0.7453535431027676,-0.7409953311898195,-0.736390326988618,-0.7355419904176601,-0.8128966316928184,0.0107893869142068,0.9900884889089206,0.9760989848193162,0.9812125605210544,56.99198514692584,50.489780498928866,0,0,0.8418903201285164,1.180299996100253,0,7119.7998046875,0,91.54000091552734,55.0,0,,1,1,18.0,1,,1,,1
2018-04-28,-0.734312721800247,-0.7398946297622464,-0.7381025588101133,-0.7462757616825848,-0.8023734368353562,0.0114661445113357,0.979124671694822,0.9643804199710452,0.9679428463623858,62.73635154817515,61.65822372992454,0,0,0.8844922999521498,0.9041748876795368,1,7119.7998046875,1,91.54000091552734,54.0,0,,1,1,18.0,1,,1,,1
2018-04-29,-0.732156076698872,-0.7363057777730292,-0.7299636495961478,-0.7338379487023371,-0.7562876513357365,0.0120377394515169,0.9798293170059084,0.9642946673769038,0.9664227107152524,63.82533788020594,63.785835102743945,0,0,0.8333565750690594,0.842379759552207,1,7119.7998046875,1,91.54000091552734,61.0,0,,1,1,18.0,1,,1,,0
2018-04-30,-0.7376097391633625,-0.7379394090152378,-0.7308001927180312,-0.7314031729444866,-0.7641663069211256,0.0119133380319671,0.9890865605419156,0.973534340275822,0.9746295829713236,58.81057971623842,53.73259220620344,0,0,0.7831985160639587,0.8643310163492739,0,7066.27001953125,0,91.83999633789062,59.0,0,,1,1,18.0,1,,1,,0
2018-05-01,-0.7413224895905326,-0.7445898776262739,-0.7393757163392908,-0.7367383011511194,-0.8064412275798628,0.011383934173093,0.9949735863041824,0.9800001019636648,0.9803221124692428,55.39189906111964,47.00753956521438,0,0,0.7657234058045415,0.8570552085607003,0,7130.7001953125,0,92.4499969482422,56.0,0,,1,0,14.0,1,,1,,1
2018-05-02,-0.7377511707403346,-0.7445706515286431,-0.7355167944845209,-0.7412250630652987,-0.8132543141777953,0.0111243191586281,0.9916784549700796,0.9770681504577424,0.9765338449688558,58.09551125536722,54.33731902932213,0,0,0.7385965245599982,0.8407398772214684,0,7100.89990234375,0,92.51000213623048,52.0,0,,1,1,14.0,1,,1,,1
2018-05-03,-0.7222348350385707,-0.7282852956034835,-0.7301365400337024,-0.7372729118330044,-0.6967050791377459,0.0120319145832349,0.975199200469606,0.9596092734800952,0.9576480305150828,67.86061172555937,74.649657707499,0,0,0.8339195382082638,0.8460247931358231,0,7088.14990234375,0,92.41000366210938,55.0,0,,1,1,14.0,1,,1,,0
2018-05-04,-0.723551452344975,-0.7288602880103405,-0.7177655352961329,-0.7231735395934048,-0.7842320488003257,0.0125008484831057,0.9804497239920386,0.9641182381481892,0.9609239759181406,66.34685934852008,71.07272618594848,0,0,0.6838618109481432,0.6081723805579681,0,7209.6201171875,0,92.56999969482422,56.0,0,,1,1,14.0,1,,1,,1
2018-05-05,-0.7187435543493126,-0.7232906783200096,-0.7143708939629398,-0.7230275061510038,-0.8091284526828465,0.0131093230483779,0.977856009736357,0.960721227140484,0.9562435553775692,69.23815826681546,76.54484516627421,0,0,0.6882322171836974,0.5992632320519149,1,7209.6201171875,1,92.56999969482422,63.0,0,,1,1,14.0,1,,1,,0
2018-05-06,-0.724955416552323,-0.7240228844351276,-0.7215193502117886,-0.7185969797912526,-0.8280313829719292,0.0129411209730847,0.9883894064455768,0.9712529496381848,0.9658523643744554,61.37698419217577,57.73149516129855,0,0,0.7131557082482092,0.5885745627573161,1,7209.6201171875,1,92.56999969482422,67.0,0,,1,1,14.0,1,,1,,0
2018-05-07,-0.7335634118760992,-0.7322672992746366,-0.7287875208651413,-0.7246958077102499,-0.820475675543673,0.0119751838686297,1.000106081477237,0.9840402408179056,0.9781907148102756,51.94664110681294,39.70205850521588,0,0,0.7714233171046972,0.6120366911398039,0,7265.2099609375,0,92.75,56.0,0,,1,1,14.0,1,,1,,0
2018-05-08,-0.7377847611127604,-0.7383719228298806,-0.7320142522687296,-0.7327852250900784,-0.8195143771162613,0.0107451803990394,1.0049550695152762,0.990458443519809,0.9844444390990732,47.79164083113557,32.96963421588872,0,0,0.40528304076034,0.6278521226451371,0,7266.89990234375,0,93.12000274658205,62.0,0,,1,1,14.0,1,,1,,1
2018-05-09,-0.7350245035818445,-0.7410166706905488,-0.7350042880688923,-0.7375857127816408,-0.8278285633299662,0.0098792417526925,1.001011182590216,0.9877220850439584,0.9815018597206212,50.76297577227634,41.603102268515975,0,0,-0.1755097594571572,0.5658860349241459,0,7339.91015625,0,93.04000091552734,53.0,0,,1,1,14.0,1,,1,,0
2018-05-10,-0.743615673887816,-0.7403770433722671,-0.7347275358192109,-0.734462685437234,-0.8419153830915955,0.0084028803187226,1.0107347050172977,0.9993211249698906,0.9932475975607932,42.14824526560206,27.111667461234603,0,0,-0.2782132461578766,0.613195072343102,0,7404.97021484375,0,92.6500015258789,63.0,0,,1,1,14.0,1,,1,,0
2018-05-11,-0.7620190513858683,-0.7506891002624888,-0.7548185708307861,-0.74280261207464,-0.7723229948077976,0.0056823518698277,1.030083597411676,1.0222315296700544,1.0171178478341647,29.693211526861138,13.590642687457802,0,1,-0.0010619837220012,0.7725462439621273,0,7402.8798828125,0,92.54000091552734,41.0,0,,1,1,14.0,1,,1,,1
2018-05-12,-0.7600823546112208,-0.7623543221920749,-0.7601350504846847,-0.7614840334225005,-0.8456690331512047,0.0036406218947986,1.0231423404320863,1.0181527611601695,1.013954941784715,32.12857819757399,19.241866209125615,0,0,-0.1433194600261873,0.3585832608679778,1,7402.8798828125,1,92.54000091552734,44.0,0,,1,1,14.0,1,,1,,1
2018-05-13,-0.7533908899059999,-0.7590874119415073,-0.7547980414199681,-0.7592218724752184,-0.8876843924222986,0.0025332793906218,1.0119344314450167,1.0085028663969626,1.004830335201993,40.3639537658932,37.939785519410094,0,0,-0.0799386929709346,0.3742626694495511,1,7402.8798828125,1,92.54000091552734,40.0,0,,1,1,14.0,1,,1,,0
2018-05-14,-0.7536093168215429,-0.7558541400235885,-0.7556423589932856,-0.7531850677486117,-0.8217898134726072,0.00161940970445,1.0103271865317156,1.008138453972114,1.0049198231356389,40.180324132732245,37.56128097356681,0,0,-0.0945286656457264,0.372629652050746,0,7411.31982421875,0,92.58999633789062,40.0,0,,1,1,14.0,1,,1,,0
2018-05-15,-0.7599146414018267,-0.7572046046034383,-0.7528908105646523,-0.753426686716948,-0.8507579500629112,0.0003819712692278,1.0158453487059156,1.015326907660422,1.012798472280766,34.8929931979756,27.139913348749005,0,0,-0.0713048610124075,0.3428069597359005,0,7351.6298828125,0,93.22000122070312,40.0,0,,1,1,14.0,1,,1,,0
2018-05-16,-0.7642386411460519,-0.7670562037936056,-0.7616280488495302,-0.7595603597964611,-0.8483597722328807,-0.0009368191797787,1.0182379261079,1.019510455241691,1.01782053950126,31.60243399122065,21.648046671838003,0,0,-0.0893396053741171,0.3162094383621888,0,7398.2998046875,0,93.38999938964844,32.0,0,,1,1,14.0,1,,1,,0
2018-05-17,-0.7726242568683647,-0.7689464961009814,-0.7654023931760039,-0.7636649586060117,-0.8878537616901706,-0.0026283215643441,1.024773757349433,1.0283587047119145,1.027820151597843,26.095662929695692,14.211857755161075,0,1,-0.3865418336041021,0.3401389849922325,0,7382.47021484375,0,93.47000122070312,31.0,0,,1,1,14.0,1,,1,,1
2018-05-18,-0.7678389861351222,-0.7740989141491326,-0.7678684582815679,-0.7721643436192366,-0.8921802353276475,-0.0035418893391797,1.015547824008317,1.0203275701449883,1.0205956438423411,33.70232700760796,31.987676213530538,0,0,-0.302064904748351,0.3187510405922401,0,7354.33984375,0,93.63999938964844,37.0,0,,1,1,14.0,1,,1,,0
2018-05-19,-0.7679547625431014,-0.771155119750047,-0.761383624348097,-0.7671573207853367,-0.9384538835342832,-0.0042265198809077,1.0132534056317108,1.01893554738421,1.019919615592612,33.60576649077473,31.775281334375293,0,0,-0.3614123670252844,0.3107880861789601,1,7354.33984375,1,93.63999938964844,31.0,0,,1,1,14.0,1,,1,,1
2018-05-20,-0.7598269663533727,-0.7654336972704842,-0.760702889128879,-0.7674243277944255,-0.9173951723684312,-0.0040663746562329,1.0021394664691587,1.0075430824679394,1.008764117844522,46.112137102693026,57.92536852695098,0,0,-0.2117871579159209,0.2070805571164438,1,7354.33984375,1,93.63999938964844,32.0,0,,1,1,14.0,1,,1,,0
2018-05-21,-0.7627063712621469,-0.7655806961971032,-0.7557309755920534,-0.7590129208448656,-0.9189820716306096,-0.0041242604170169,1.0050191388096927,1.0105108033303876,1.0120873137887825,42.81543900984155,49.04562653656895,0,0,-0.2492641161541581,0.2084245270686008,0,7394.0400390625,0,93.68000030517578,41.0,0,,1,1,14.0,1,,1,,0
2018-05-22,-0.774229226341614,-0.7696164742359811,-0.7669429796869321,-0.7621429888210204,-0.9197730997699716,-0.0050418145046882,1.0170417254666588,1.02382252260645,1.0262759300228184,32.18920375886118,26.978509743631633,0,0,-0.1392825351443872,0.2681895641046327,0,7378.4599609375,0,93.61000061035156,30.0,0,,1,1,14.0,1,,1,,0
2018-05-23,-0.789013017473851,-0.780695285511415,-0.7823892658698807,-0.7738369113239911,-0.8601988620086233,-0.0068825731023904,1.030680346256601,1.0400308906814606,1.0439944504591354,23.540247880107017,15.244858749870488,0,1,0.010944240354709,0.3632280528494436,0,7425.9599609375,0,94.01000213623048,26.0,0,,1,1,14.0,1,,1,,1
2018-05-24,-0.7881112531995418,-0.7901951938790412,-0.7878854841597651,-0.7883770987106629,-0.879640309532314,-0.0081743933937804,1.0248507589904654,1.0358618530535073,1.0410538782503382,24.959322742100568,18.140406543774716,0,1,0.0130354148498128,0.105064626623074,0,7424.43017578125,0,93.77999877929688,27.0,0,,1,1,14.0,1,,1,,0
2018-05-25,-0.7913859416161558,-0.7925835448499297,-0.7859726654174812,-0.7874245847680722,-0.9316157260499108,-0.009354576534015,1.024520985873315,1.0370803913886733,1.0435225276108706,23.158358621150654,15.565591646459524,0,1,-0.2539686902664724,-0.1600299933980064,0,7433.85009765625,0,94.19000244140624,25.0,0,,1,1,14.0,1,,1,,0
2018-05-26,-0.7951817879424307,-0.7945066095817404,-0.7873263462200077,-0.7906572938185028,-0.9675284981840674,-0.0104754191396108,1.024794303672528,1.038818610610037,1.0465361265388229,21.120119298265426,12.765278144505489,0,1,-0.2742346920027512,-0.2774829451836942,1,7433.85009765625,1,94.19000244140624,23.0,0,,1,1,14.0,1,,1,,1
2018-05-27,-0.7948048210319882,-0.8009214337473097,-0.7897569555753793,-0.7944576090538411,-0.9673094038651476,-0.0112041227478387,1.02049208311761,1.035386708713052,1.044154790328244,21.907705501328664,14.795013325932928,0,1,-0.3795121920071755,-0.3005811722326235,1,7433.85009765625,1,94.19000244140624,19.0,0,,1,1,14.0,1,,1,,0
2018-05-28,-0.8018988779850528,-0.7998000092282443,-0.7950457539305196,-0.7941756407022877,-0.92401467478122,-0.0122132697448676,1.024933049954296,1.0411861505583355,1.051269877530956,18.004272132385395,9.34133813477908,0,1,-0.360863904003628,-0.3715586783409211,1,7433.85009765625,1,94.19000244140624,22.0,0,,1,1,14.0,1,,1,,1
2018-05-29,-0.7916165845685623,-0.7965727546385918,-0.7953632613123278,-0.8015639633092569,-0.8966470653832797,-0.0120444894871518,1.0099588637996484,1.0257206818617528,1.0362543515593328,36.82840392343792,47.05673527026637,0,0,-0.0921787416851394,-0.2559506896898479,0,7396.58984375,0,94.83000183105467,16.0,0,,1,1,14.0,1,,1,,0
2018-05-30,-0.7936348558311302,-0.7951495390923632,-0.7884309408871357,-0.7911689926140213,-0.929208740747645,-0.0119359967992073,1.010585121367311,1.0261819110191854,1.0373140770514686,35.008156513510556,42.43637405353749,0,0,-0.0968550261081673,-0.261437449265183,0,7462.4501953125,0,94.1500015258789,38.0,0,,1,1,14.0,1,,1,,1
2018-05-31,-0.7909573660518088,-0.7940936300693469,-0.7869528688616645,-0.7931113119809189,-0.9202077744291188,-0.0115013837217069,1.0060650551941654,1.0210015776366326,1.0324454027475247,39.5793451547041,50.95443762719128,0,0,-0.1228365805054612,-0.2485862899258679,0,7442.1201171875,0,93.98999786376952,25.0,0,,1,1,14.0,1,,1,,1
2018-06-01,-0.7895130695322764,-0.7942189666142078,-0.7855158404733539,-0.7902228778896933,-0.9292562470365056,-0.0109145904631704,1.0035751873670853,1.0176945629407796,1.0293265633573745,42.11344902252372,55.67220127268887,0,0,-0.1612265137289406,-0.2571902729749233,0,7554.330078125,0,94.19000244140624,24.0,0,,1,0,13.0,1,,1,,1
2018-06-02,-0.7863972194264802,-0.7914807446956685,-0.7827195282110729,-0.7891224957638011,-0.9284713908853596,-0.0100819115147017,0.999673814699386,1.0126521659721135,1.0242494967877178,47.585595783255826,65.27915459717713,0,0,-0.1336324891872861,-0.3980902255015121,1,7554.330078125,1,94.19000244140624,27.0,0,,1,1,13.0,1,,1,,1
2018-06-03,-0.7840511735484345,-0.7897055594751012,-0.7791190157596323,-0.7862090316300474,-0.9323227115322136,-0.0091274851857189,0.997199077942112,1.0089113623263974,1.0203458278927044,51.563553707066234,71.48359913818162,0,0,-0.2298383321169997,-0.3844386858338771,1,7554.330078125,1,94.19000244140624,40.0,0,,1,1,13.0,1,,1,,0
2018-06-04,-0.7903372418361777,-0.7897377301667096,-0.7834416107569607,-0.7834461654160568,-0.926101369935877,-0.0087771510855584,1.004391450071913,1.0157211558677048,1.027377062511022,41.76407636027507,43.63008461958419,0,0,-0.1993485049209658,-0.3954345995215516,0,7606.4599609375,0,94.0199966430664,41.0,0,,1,1,13.0,1,,1,,1
2018-06-05,-0.7866932383124313,-0.7930617610065744,-0.7858373869256338,-0.7902167770032844,-0.9274841430768348,-0.0081119585483753,0.999797345457288,1.0102119985203184,1.02173299653406,48.33201648819888,56.6775240744911,0,0,-0.2948911975263051,-0.3763122181875341,0,7637.85986328125,0,93.88999938964844,26.0,0,,1,1,13.0,1,,1,,1
2018-06-06,-0.786075560287332,-0.7919436240034399,-0.7825718136338261,-0.7863959812861876,-0.9393399467768708,-0.0074490788713905,0.9991641667516848,1.0087150520757189,1.0200934675696485,49.44712051628209,58.83114279776646,0,0,-0.6586310656049856,-0.3940366368974439,0,7689.240234375,0,93.66000366210938,42.0,0,,1,1,13.0,1,,1,,1
2018-06-07,-0.7853344689667396,-0.7901149432669454,-0.7779441473400888,-0.785636846051185,-0.948423176237606,-0.0067857205134619,0.9984952801508205,1.007184814298659,1.0183677049738151,50.91371982869506,61.86391615171232,0,0,-0.6590774027912844,-0.3930591828173509,0,7635.06982421875,0,93.4000015258789,38.0,0,,1,1,13.0,1,,1,,0
2018-06-08,-0.7869632738818789,-0.79140981360418,-0.7808182041167101,-0.7845883885844347,-0.9597835990440332,-0.0063185983115806,1.0004790390305418,1.0085809043132763,1.0196609063706663,47.42461031460709,50.88005993685005,0,0,-0.6787285617162763,-0.4047236360998121,0,7645.509765625,0,93.5500030517578,40.0,0,,1,1,13.0,1,,1,,0
2018-06-09,-0.7898023613942647,-0.7918489464799155,-0.7816398057147438,-0.7861958901118905,-0.9766055669193388,-0.0061070924756351,1.003457254816051,1.0113041296692276,1.0224037058736577,41.67994740378503,36.01784348679073,0,0,-0.6956270898010457,-0.4296488477264433,1,7645.509765625,1,93.5500030517578,39.0,0,,1,1,13.0,1,,1,,0
2018-06-10,-0.8125896106413899,-0.7973803975031928,-0.8072305058921322,-0.7902580213820627,-0.8903918454282679,-0.007689572544387,1.027286813480171,1.0373713723471092,1.0497652706869305,19.64352154975728,8.729499637132236,0,1,0.1931762059627867,-0.1893123648824906,1,7645.509765625,1,93.5500030517578,24.0,0,,1,1,13.0,1,,1,,1
2018-06-11,-0.8088964148226789,-0.8150952504782344,-0.8073063827159914,-0.8116503842847719,-0.9370077686748446,-0.0085471629882769,1.0190717963192355,1.0301645781161253,1.043153499970369,26.87365329179643,21.5702263492457,0,1,0.1727027848076802,-0.1733790689349252,0,7659.93017578125,0,93.58000183105467,15.0,0,,1,1,13.0,1,,1,,0
2018-06-12,-0.8188109294590175,-0.8151619841163471,-0.8124235205760889,-0.808395986508575,-0.9410064736972388,-0.0099125622188585,1.0265775895308484,1.0394962354626356,1.053627926293333,21.016329700154387,14.345927945600168,0,1,0.1125266994954013,-0.1548856302706688,0,7703.7900390625,0,93.8000030517578,19.0,0,,1,1,13.0,1,,1,,0
2018-06-13,-0.8259120117519632,-0.8234668070610841,-0.8203985589309213,-0.8178338489506726,-0.923497736979864,-0.0114358238819267,1.0298589869776569,1.044756943598194,1.060155985815225,17.808565477281462,10.869444611176236,0,1,0.1585109523265563,-0.1318103012144746,0,7695.7001953125,0,93.70999908447266,19.0,0,,1,1,13.0,1,,1,,1
2018-06-14,-0.8159703056196513,-0.8211980835114089,-0.8188800506473077,-0.8255973089471151,-0.919698315095236,-0.0117058691528991,1.0147362209871322,1.0297263124952198,1.045451537675009,34.06561740423233,38.63064222953648,0,0,0.3582936807349094,-0.0073802238560163,0,7761.0400390625,0,94.7699966430664,17.0,0,,1,1,13.0,1,,1,,0
2018-06-15,-0.8226531937422147,-0.8219813782111477,-0.8157886129200425,-0.8154754461473771,-0.9717586302390612,-0.0123171507493026,1.0194324266923016,1.0352336345534765,1.0517860177627616,29.53458397771847,30.200001911969625,0,1,0.3769405319212899,0.0127180925050273,0,7746.3798828125,0,94.79000091552734,26.0,0,,1,1,13.0,1,,1,,1
2018-06-16,-0.8197945516213696,-0.8246441487037934,-0.8167706840547069,-0.8221544101891387,-1.005248592904084,-0.0124276688593597,1.0134125920441233,1.0292243809205612,1.0461565439136098,33.87555180478202,37.92628640279914,0,0,0.3798524487699407,0.0070715439417717,1,7746.3798828125,1,94.79000091552734,22.0,0,,1,1,13.0,1,,1,,0
2018-06-17,-0.8213491206201843,-0.824745753493029,-0.8137548194617916,-0.8194025524205508,-1.0092147598353167,-0.0124966424684626,1.0129446533978017,1.0288002402792724,1.0461653502206316,32.61481735960311,35.108449301328505,0,0,0.3519699345361021,-0.018935208988716,1,7746.3798828125,1,94.79000091552734,23.0,0,,1,1,13.0,1,,1,,1
2018-06-18,-0.8141536511706177,-0.8189738441616721,-0.8153902482064249,-0.8204858252146314,-0.9680713966292886,-0.0118342721779827,1.0034422842480826,1.0182948375116565,1.0354978651060918,43.78770850583143,55.50879730505189,0,0,0.4603401595438935,0.0461924148610482,0,7747.02978515625,0,94.75,27.0,0,,1,1,13.0,1,,1,,1
2018-06-19,-0.8130808176328309,-0.8177306788182952,-0.8072040697203613,-0.8133886297471251,-0.9672869684627272,-0.0110948754325357,1.001793277905997,1.0156775359208745,1.032750957610098,45.346682258932105,58.12582110411905,0,0,0.4370255046817883,-0.0030195735325117,0,7725.58984375,0,95.08999633789062,32.0,0,,1,1,13.0,1,,1,,1
2018-06-20,-0.8128789025033782,-0.8177589309083253,-0.810252899809494,-0.8125219607954455,-0.9746953027781954,-0.0103730314714167,1.0013065734499187,1.0142663927560558,1.0311804642087063,45.67387276032201,58.734925061640496,0,0,0.4349499388946278,-0.0009365508208963,0,7781.509765625,0,95.05999755859376,34.0,0,,1,1,13.0,1,,1,,0
2018-06-21,-0.8143088201956378,-0.8180781428346395,-0.8070408062402464,-0.8122369345423913,-0.9905119911786734,-0.0098033405317867,1.0025947331520244,1.0148439874747577,1.0316595295588584,43.5437713414748,51.64194667376228,0,0,0.4263104268237275,-0.0578808572744116,0,7712.9501953125,0,94.87000274658205,37.0,0,,1,1,13.0,1,,1,,0
2018-06-22,-0.8340440738593268,-0.8199975971694905,-0.8290757729843171,-0.8135264143137706,-0.9222896266003212,-0.0108196047256838,1.0226620280926595,1.0364115234203928,1.0543196492469848,24.986418295145043,16.026425690009887,0,1,0.8491912664970989,0.1499595086785911,0,7692.81982421875,0,94.5199966430664,28.0,0,,1,1,13.0,1,,1,,1
2018-06-23,-0.8316372311970859,-0.8356953242984342,-0.8270478862870192,-0.8333155567511249,-0.9948133939297102,-0.0113005239276104,1.0166280144066209,1.0308686728580612,1.049167408672537,29.230548635489953,24.494050287460382,0,1,0.8882296512190024,0.1594016663846022,1,7692.81982421875,1,94.5199966430664,17.0,0,,1,1,13.0,1,,1,,1
2018-06-24,-0.8313088450339751,-0.8357265850525973,-0.8346792847777815,-0.8310494279901882,-0.944854730875489,-0.0115223355294687,1.013695993684185,1.028141701314986,1.0467518553903294,29.85533067713024,25.854183647986034,0,1,0.4191560510644245,0.1598615087880595,1,7692.81982421875,1,94.5199966430664,15.0,0,,1,1,13.0,1,,1,,1
2018-06-25,-0.8289887526408408,-0.8326129405558919,-0.8255592306821543,-0.8308144916553755,-0.9037676701678046,-0.0113797322855526,1.0091797042709232,1.0233565259962265,1.0420393834022568,34.564703986536784,36.61078046238739,0,0,0.4048530024750333,0.167046302285929,0,7532.009765625,0,94.27999877929688,16.0,0,,1,1,13.0,1,,1,,0
2018-06-26,-0.8337392099063915,-0.8337313710872345,-0.8263680925052795,-0.8283223019322746,-1.0014830606408835,-0.0115172763944308,1.012631695704964,1.026997852938056,1.04604125295799,29.832756922499257,26.22442664315672,0,1,0.3192975683197152,0.1777192394047825,0,7561.6298828125,0,94.68000030517578,21.0,0,,1,1,13.0,1,,1,,1
2018-06-27,-0.8318006635730492,-0.8370424866859427,-0.827637499469019,-0.8334896930541473,-1.0007588994614467,-0.0113391459871093,1.0086823665048938,1.022745532533075,1.0418273867792565,34.081891161011725,36.08960879294596,0,0,0.2667198249204664,0.1627943515283022,0,7445.080078125,0,95.29000091552734,18.0,0,,1,1,13.0,1,,1,,0
2018-06-28,-0.8395502697570695,-0.8373307313863019,-0.8332288940510687,-0.8313891235554385,-0.993210208727823,-0.0116885662924961,1.0152559588676997,1.0298121618282514,1.049412949906581,26.64042459007797,21.07119904572231,0,1,0.1518324711149595,0.1120391773905841,0,7503.68017578125,0,95.38999938964844,20.0,0,,1,1,13.0,1,,1,,1
2018-06-29,-0.8299320723226005,-0.8345880038097683,-0.8343888361312378,-0.839180089748795,-0.9712817202590922,-0.0110618619923429,1.003065439365234,1.0166576370516776,1.0358715962812637,44.11455352726105,53.25905522494329,0,0,0.3193235998269018,0.2287888956041025,0,7510.2998046875,0,94.62999725341795,16.0,0,,1,1,13.0,1,,1,,1
2018-06-30,-0.8242593863107298,-0.8284608372881418,-0.8226192429130983,-0.829523788723396,-0.9458688065597998,-0.0099922712833859,0.9967906687484072,1.0089830390535497,1.0276310212276143,51.90993010551537,64.60879078535547,0,0,0.3642270947778007,0.2590393105710755,1,7510.2998046875,1,94.62999725341795,22.0,0,,1,1,13.0,1,,1,,0
2018-07-01,-0.8248147461404495,-0.829442498350918,-0.8202847361028948,-0.8234915484741513,-0.9351164146946772,-0.0090847030359085,0.9978518552860146,1.0089406929705431,1.0271824924065671,51.104676564436616,62.623828209160706,0,0,0.3618588709730486,0.2548029185139786,1,7510.2998046875,1,94.62999725341795,27.0,0,,1,0,13.0,1,,1,,1
2018-07-02,-0.8178388968700999,-0.8218978254067105,-0.819774416251732,-0.8244477468151356,-0.9523330181449908,-0.0077136379083596,0.9910267718138236,1.0003773990609386,1.017756945141702,60.07988451645279,75.32182303853021,0,0,0.3597610541588046,0.2961798782002127,0,7567.68994140625,0,94.87000274658205,27.0,0,,1,1,13.0,1,,1,,0
2018-07-03,-0.8204229242721479,-0.8222732333084665,-0.8153569790206984,-0.8178405614173815,-0.9402176530573116,-0.0067576701178979,0.9950523225439896,1.0032752262910754,1.020133614529571,55.70917580831974,64.49918104792252,0,0,0.3639819530218493,0.2906490067939758,0,7502.669921875,0,94.58999633789062,31.0,0,,1,1,13.0,1,,1,,1
2018-07-04,-0.8183469139635497,-0.8192509788193545,-0.8152727051819114,-0.8192394096463382,-0.9620225102949324,-0.0057660743586691,0.9936757132920336,1.0006819292879054,1.0168523298173928,58.50734696871878,69.23448429587285,0,0,0.3730814928464456,0.2825363039713283,1,7502.669921875,1,94.58999633789062,33.0,0,,1,1,13.0,1,,1,,1
2018-07-05,-0.8170764312139452,-0.8199236574138689,-0.8122814090702857,-0.8177473923794615,-0.9258343075552558,-0.0048221237939639,0.9933352690709768,0.9991928845671544,1.0146659158498612,60.27934833689491,72.25431677523483,0,0,0.3748863760913057,0.2730443944568927,0,7586.43017578125,0,94.47000122070312,37.0,0,,1,1,13.0,1,,1,,1
2018-07-06,-0.8160268215704156,-0.8213844445707348,-0.8126887933623247,-0.8165565858687036,-0.9559832986647322,-0.0039438788637969,0.9932726758778524,0.9980638942677802,1.0128317413126162,61.83311744745548,74.96153986208401,0,0,-0.4284235624276526,0.2744319422576017,0,7688.39013671875,0,94.04000091552734,34.0,0,,1,1,13.0,1,,1,,1
2018-07-07,-0.8104234790938057,-0.8164835948733401,-0.8112679212559004,-0.8156394988337434,-0.9715082930454856,-0.00276386045754,0.9885125799657394,0.9918563397643078,1.0056452428637304,69.24396289752957,85.22389000773893,0,0,-0.3936724431055465,0.3041882173960884,1,7688.39013671875,1,94.04000091552734,34.0,0,,1,1,13.0,1,,1,,0
2018-07-08,-0.8129604620755025,-0.8158247414574274,-0.8060204854119054,-0.8098629588163312,-0.9967997717503508,-0.0020102280357072,0.9928891001230108,0.9953327836039536,1.008445606226715,62.866890584584624,68.31970248656029,0,0,-0.3618183845327259,0.306095719152168,1,7688.39013671875,1,94.04000091552734,38.0,0,,1,1,13.0,1,,1,,0
2018-07-09,-0.8139419512790373,-0.8172443466066963,-0.8067556417911618,-0.8123899787833551,-0.982196915207543,-0.0014751621369953,0.9949928297875188,0.9967903347299036,1.0092806429793288,60.38444144389422,61.97837949235809,0,0,-0.3547153580761756,0.3038443959290621,0,7756.2001953125,0,94.08000183105467,39.0,0,,1,1,13.0,1,,1,,0
2018-07-10,-0.8265214264261193,-0.8193766088924235,-0.8193073266021956,-0.8134857815152925,-0.9674893375946012,-0.0020426308931906,1.0087610156301754,1.0112821524341955,1.023880129381273,38.122447651412955,23.965318430235385,0,0,-0.0530755746263785,0.0809232655933886,0,7759.2001953125,0,94.11000061035156,37.0,0,,1,1,13.0,1,,1,,1
2018-07-11,-0.8245431742440213,-0.8290785086964573,-0.8190041229962679,-0.825963287548679,-0.9854204387829476,-0.0023061417857325,1.00536494384248,1.0081998780373491,1.0205718447704577,42.00231352675931,32.62937132569989,0,0,-0.0532835047167532,0.072302633549809,0,7716.60986328125,0,94.72000122070312,29.0,0,,1,1,13.0,1,,1,,0
2018-07-12,-0.8296110098152893,-0.8305170464151489,-0.825038661310058,-0.8239467432165732,-0.9799074004109232,-0.002890587154113,1.0097508112702516,1.0133159023569347,1.0257646691300517,35.4347825851993,23.48764165538532,0,0,-0.1452684821942926,0.0176800157573521,0,7823.919921875,0,94.80999755859376,33.0,0,,1,1,13.0,1,,1,,1
2018-07-13,-0.8293287582089782,-0.833118513541532,-0.8233027720758004,-0.8288880733762818,-0.978357454238776,-0.0032930289852,1.007948495919771,1.0119987956655891,1.0243946743916597,36.07709634089473,25.04705417985251,0,0,-0.3577340111657369,-0.0261346550077585,0,7825.97998046875,0,94.75,29.0,0,,1,1,13.0,1,,1,,1
2018-07-14,-0.8281658034322055,-0.8334900175181201,-0.8226814385245707,-0.8285071185156606,-1.0171492786717131,-0.0034780336970474,1.0055241168662408,1.0097883342091132,1.0220380195839311,38.963852051309544,32.594342170984646,0,0,-0.4382078500359599,-0.12345916886273,1,7825.97998046875,1,94.75,29.0,0,,1,1,13.0,1,,1,,1
2018-07-15,-0.8256144714548277,-0.8303258861696204,-0.8213041306782328,-0.8277372731671092,-1.0012322841999712,-0.0033798196389371,1.0020523388572722,1.0061797927028902,1.0181352294455823,45.2254400535634,47.930825599020416,0,0,-0.4195457125721738,-0.155267715243642,1,7825.97998046875,1,94.75,32.0,0,,1,1,13.0,1,,1,,1
2018-07-16,-0.8139419512790373,-0.8201578048654742,-0.8181788012017472,-0.8251616847742979,-0.9378643460321224,-0.0023332136290847,0.9897299958907212,0.992545968551308,1.003593627434727,64.46799265696367,78.19479851917458,0,0,-0.2280187656267023,-0.0341429789190584,0,7805.72021484375,0,94.51000213623048,36.0,0,,1,1,13.0,1,,1,,1
2018-07-17,-0.7962460598133557,-0.800756118660505,-0.8080048382180678,-0.8134723416652819,-0.8834797592383289,-7.499577078029507e-05,0.9729705308811308,0.9730597029106242,0.9824767239004004,77.99228322703974,89.9740454847655,1,0,0.1965720978803837,0.1873426119830264,0,7855.1201171875,0,94.97000122070312,39.0,0,,1,1,13.0,1,,1,,1
2018-07-18,-0.7947266324297432,-0.7963151542831588,-0.7894612075469011,-0.795886096552466,-0.8772562101425575,0.0018163257701256,0.9754487848084388,0.9732789943249646,0.9813484444537948,78.79202425716298,90.55798561319811,1,0,0.1963249791655981,0.1528426017992398,0,7854.43994140625,0,95.08000183105467,42.0,0,,1,1,13.0,1,,1,,1
2018-07-19,-0.7917916214337561,-0.7975333844052571,-0.788995059334843,-0.7939651526628883,-0.9208897115504856,0.0035115634583202,0.9760740473884666,0.971866982477986,0.9785790665855618,80.3810395314057,91.78960166132792,1,0,0.1976221071411034,0.1559758425807099,0,7825.2998046875,0,95.16999816894533,44.0,0,,1,1,13.0,1,,1,,0
2018-07-20,-0.7952352461550302,-0.7945213446977871,-0.7881305464091676,-0.7912401745943214,-0.928578296929424,0.0045250182110967,0.983296393265652,0.9778253462425408,0.9834970851685187,72.97854577339217,76.23348248091506,1,0,0.2317013000086323,0.1670879004248447,0,7820.2001953125,0,94.45999908447266,47.0,0,,1,1,13.0,1,,1,,1
2018-07-21,-0.7932447630202728,-0.7992412342548851,-0.7900228357406335,-0.7947435452190491,-0.9818238365402826,0.0054262532878555,0.983735668772431,0.9771600448357622,0.981765529848375,74.54218361846513,78.97910261358346,1,0,0.2035663116461174,0.1649067811236723,1,7820.2001953125,1,94.45999908447266,43.0,0,,1,1,13.0,1,,1,,0
2018-07-22,-0.7932691950939998,-0.7962261858832821,-0.7862472614716477,-0.7927554169960112,-0.9831942769675606,0.0060685625040746,0.9862291180081072,0.9788440151201904,0.9824971647051324,74.48114235432602,78.83006107379978,1,0,0.1839308964365419,-0.2509492059915109,1,7820.2001953125,1,94.45999908447266,46.0,0,,1,1,13.0,1,,1,,1
2018-07-23,-0.7843303823323767,-0.7892063120223458,-0.7854611004393309,-0.7928498091945315,-0.9199724054332422,0.0072157064977196,0.9788633652570592,0.9701270058811786,0.9725158192102265,81.03662260518145,88.97722070235734,1,0,0.2351429227382339,-0.2114732780893264,0,7841.8701171875,0,94.66999816894533,44.0,0,,1,1,13.0,1,,1,,1
2018-07-24,-0.762545101676593,-0.769585829891055,-0.7762437138560235,-0.783630072087289,-0.8255936278306005,0.0097700929097522,0.958803167331518,0.9471675500296084,0.9475285445331588,88.99010885804702,95.69013202012783,1,0,0.1893206721262235,0.027417057960452,0,7840.77001953125,0,94.61000061035156,49.0,0,,1,1,13.0,1,,1,,0
2018-07-25,-0.7699644721388076,-0.7698082362143361,-0.7643998078149968,-0.7633713702287556,-0.888607397492165,0.0110681941027094,0.9729019810751016,0.9594832159817196,0.9583733175966824,76.39856824626325,74.96037608595854,1,0,0.3343634817772027,0.0810810579356011,0,7932.240234375,0,94.36000061035156,54.0,0,,1,1,13.0,1,,1,,0
2018-07-26,-0.776984606407262,-0.773611686676499,-0.7708572641392186,-0.7695670515840665,-0.9302404313764264,0.0113990809748907,0.9845332682440612,0.9705151366283968,0.9683602121467596,66.17592057896184,58.87081544123477,0,0,0.3466665867562012,0.0893422515802491,0,7852.18017578125,0,94.75,53.0,0,,1,1,13.0,1,,1,,1
2018-07-27,-0.7704648523447433,-0.7744433695013438,-0.7720685297464328,-0.7764849197742955,-0.9171831172696484,0.0120485131107904,0.9798488606622212,0.9650613645194616,0.9617343613152168,70.41766353328616,67.50707628222872,1,0,0.3331525253590038,0.0998039152300515,0,7737.419921875,0,94.68000030517578,47.0,0,,1,1,13.0,1,,1,,1
2018-07-28,-0.7696357727439822,-0.775639966594505,-0.7636407055179447,-0.7698050309037873,-0.970290947209123,0.0124861598736126,0.9819981281828464,0.9665988424802294,0.962182374146163,70.95216034994552,68.6241327889424,1,0,0.3381200756437496,0.0043076371769884,1,7737.419921875,1,94.68000030517578,54.0,0,,1,1,13.0,1,,1,,1
2018-07-29,-0.7688320798278876,-0.7741548312727766,-0.7626950163864754,-0.7686820352233824,-0.9650801673184048,0.0127508653492032,0.9838526886214272,0.9680569783159568,0.9626431870020667,71.52757241684392,69.95898622419007,1,0,0.3511045422774455,-0.058603501922548,1,7737.419921875,1,94.68000030517578,54.0,0,,1,1,13.0,1,,1,,0
2018-07-30,-0.769992275182414,-0.7752597301537256,-0.7696509790399544,-0.7682005872778321,-0.9015419673095704,0.0127203954758808,0.987565098396415,0.9717118782617687,0.965455216924466,69.24287288004913,64.6638276342859,0,0,0.265417273598456,-0.0679876873341474,0,7630.0,0,94.36000061035156,53.0,0,,1,1,13.0,1,,1,,0
2018-07-31,-0.7822125183004097,-0.7768819284722286,-0.7765102165847714,-0.7694341596598222,-0.9131509611692412,0.0115767270873593,1.0027387810501565,0.988075239929327,0.9815174632146052,49.879714504229554,31.344944692950335,0,0,0.141269236137305,0.0492966245014655,0,7671.7900390625,0,94.48999786376952,48.0,0,,1,1,13.0,1,,1,,0
2018-08-01,-0.7869635721977974,-0.7892802517779675,-0.7824803727226234,-0.7820253152128874,-0.9347046132774433,0.010169760636306,1.0074607964428972,0.9945130336054516,0.9879641757333306,44.31992722352995,24.737498284932258,0,0,0.1781318439235587,0.0421470646813633,0,7707.2900390625,0,94.62000274658205,39.0,0,,1,0,12.0,1,,1,,0
2018-08-02,-0.7887280064452935,-0.7909715759894792,-0.7819053821904888,-0.7861448753649026,-0.960376209165784,0.008810789196093,1.0082119997095864,0.9969833555674033,0.9905607605456728,42.299545878639826,22.399429143494928,0,0,0.1754091948109445,0.0364632416147025,0,7802.68994140625,0,95.16999816894533,39.0,0,,1,1,12.0,1,,1,,0
2018-08-03,-0.7927834920312555,-0.7954991018353955,-0.7879629249845964,-0.7883459379485407,-0.9422044623821466,0.0073221456084864,1.0113117888394698,1.0019530739990945,0.9958237491963704,37.73718998923018,17.368573608502203,0,0,0.1811902285321344,0.052741085423979,0,7812.009765625,0,95.13999938964844,36.0,0,,1,1,12.0,1,,1,,0
2018-08-04,-0.8050495564743365,-0.7974423026022822,-0.7986786093146839,-0.7921178519914038,-0.9579881537343105,0.0050938966813297,1.0227172037217265,1.016141574768366,1.0107860896704797,27.41706938645636,9.113796614977389,0,1,0.3613669044076578,0.1709085754135069,1,7812.009765625,1,95.13999938964844,31.0,0,,1,1,12.0,1,,1,,1
2018-08-05,-0.8039611508456029,-0.8093065219805531,-0.8000273096092605,-0.804569388236923,-0.9839136014988412,0.0033768918833557,1.0179932258279505,1.013658927198165,1.0090467984033653,29.393994862203584,13.952233362647078,0,1,0.3652428106457706,0.1708851681483665,1,7812.009765625,1,95.13999938964844,23.0,0,,1,1,12.0,1,,1,,0
2018-08-06,-0.8075254443559197,-0.8073894745770086,-0.8015871804040192,-0.8035960954807201,-0.973056044388794,0.0017088459994094,1.0189781749871694,1.0167856678855345,1.0129832292054932,26.65114372616742,11.320734785225667,0,1,0.25047868225448,0.1588810978133297,0,7859.68017578125,0,95.36000061035156,25.0,0,,1,1,12.0,1,,1,,0
2018-08-07,-0.8135946220551002,-0.8079903121425892,-0.8060123920864868,-0.80679215446292,-0.93975613362825,-0.0001016525124422,1.0224466624653488,1.0225772936467472,1.0197729011107026,22.5220411524743,7.926532164996814,0,1,-0.5204206884398749,0.1824817296784879,0,7883.66015625,0,95.22000122070312,25.0,0,,1,1,12.0,1,,1,,0
2018-08-08,-0.8272591616926284,-0.8200045097587914,-0.8222460692442641,-0.8132523815895264,-0.9229662737477554,-0.0026090245653203,1.0333206119187772,1.0366991156522856,1.0354019620702049,16.05863438351733,4.171747431204878,0,1,-0.2858110791807275,0.3300553735358312,0,7888.330078125,0,95.0999984741211,23.0,0,,1,1,12.0,1,,1,,1
2018-08-09,-0.8192425627615294,-0.8236450520654559,-0.821535496530773,-0.8267334312290842,-0.9580475471542164,-0.003904256605803,1.0196509831970606,1.0246300099550807,1.0243492836565526,29.713007345755145,30.079956600880337,0,1,-0.0370047822015563,0.2592301490410229,0,7891.77978515625,0,95.5,19.0,0,,1,1,12.0,1,,1,,0
2018-08-10,-0.8309581597559546,-0.8246811332580147,-0.8254087221614234,-0.8186116299265332,-0.9465366624252048,-0.0058091241287473,1.0288142316494515,1.0362673890707703,1.0374114654971385,23.31721237229708,19.70113453283497,0,1,-0.0358087232200316,0.3714236856733447,0,7839.10986328125,0,96.36000061035156,21.0,0,,1,1,12.0,1,,1,,1
2018-08-11,-0.8275667701520141,-0.8287544829075301,-0.825890434460825,-0.8303923073325689,-0.9676908387906328,-0.0069648026569077,1.020749779005988,1.0295946467237105,1.031834980652098,28.46065665745452,29.13816299992,0,1,0.0279719450342474,0.3607846847093363,1,7839.10986328125,1,96.36000061035156,18.0,0,,1,1,12.0,1,,1,,1
2018-08-12,-0.8267432093957457,-0.8301338159866469,-0.8218952926767293,-0.8274027685761138,-0.8965331222308442,-0.0077251806724092,1.0166474334087705,1.0263978712955883,1.0295642596910275,29.78037281195375,31.73578326185772,0,1,0.031449595398931,0.3612165008287332,1,7839.10986328125,1,96.36000061035156,18.0,0,,1,1,12.0,1,,1,,0
2018-08-13,-0.8275105674329641,-0.8263105376940266,-0.8222616181471323,-0.8256397764864937,-0.9661012948934488,-0.0082940959334216,1.0148445645940594,1.025273373621658,1.0292879589232462,29.20122821229411,30.35345091948139,0,1,0.0328059429759924,0.3607318249496253,0,7819.7099609375,0,96.38999938964844,21.0,0,,1,1,12.0,1,,1,,0
2018-08-14,-0.8304999465051022,-0.8337981047253472,-0.8301813090889235,-0.8272802586003795,-0.9125275502358592,-0.0088837766373094,1.0156184109922477,1.026773245479832,1.0316709014177687,26.8537942270722,24.75310753473319,0,1,-0.0458477563913104,0.362271864446546,0,7870.89013671875,0,96.7300033569336,16.0,0,,1,1,12.0,1,,1,,1
2018-08-15,-0.8271760657935235,-0.8247643778578333,-0.8223953478224831,-0.8293038435642333,-0.930400570114933,-0.0089793846917131,1.0097588084111395,1.0209498543891349,1.0264332576285655,33.69240508253891,40.91484764288008,0,0,0.0290858436101701,0.2593556587928989,0,7774.1201171875,0,96.6999969482422,18.0,0,,1,1,12.0,1,,1,,1
2018-08-16,-0.8263754156997979,-0.8282206725082703,-0.8206852721965026,-0.8270795558457823,-0.9553471263291636,-0.0088880925936214,1.0074204164226164,1.0184557147707574,1.0244177432350114,35.37176438318275,44.727643856242395,0,0,0.0483744900681063,0.0076420579209072,0,7806.52001953125,0,96.6500015258789,21.0,0,,1,1,12.0,1,,1,,1
2018-08-17,-0.8188637761239839,-0.8249444280606849,-0.8191751609278168,-0.825653514668358,-0.926109285538921,-0.0081160595295973,0.9985299247045688,1.0085109525640514,1.0145049441444507,49.2781765104977,69.4159391160675,0,0,0.2087419254217682,0.0676279665082596,0,7816.330078125,0,96.0999984741211,19.0,0,,1,1,12.0,1,,1,,0
2018-08-18,-0.823655773881189,-0.8238969286208309,-0.8182807953233926,-0.8182447264962228,-0.9704770501111049,-0.0078009672403571,1.0036980221384293,1.0133309225613312,1.0196244632933236,42.5402990772237,50.303952394146435,0,0,0.0702821944069452,0.0707463214385856,1,7816.330078125,1,96.0999984741211,24.0,0,,1,1,12.0,1,,1,,1
2018-08-19,-0.8211414032461163,-0.8262825791322046,-0.8180376159489469,-0.8231588786240565,-1.0001011681063647,-0.0072646235757288,1.000536440742409,1.0094720127483043,1.0158540700315055,46.933205286817255,58.33030724400905,0,0,0.0866373316881949,0.0772677674059504,1,7816.330078125,1,96.0999984741211,27.0,0,,1,1,12.0,1,,1,,0
2018-08-20,-0.827175767477605,-0.8263144416191944,-0.8200160468096811,-0.8207778771828409,-0.9845299732120864,-0.0072429973546633,1.0066673293174873,1.0156196907998525,1.0223843756479551,38.73307616635655,38.45571106234617,0,0,0.1208549178290128,0.0946802308745005,0,7821.009765625,0,95.9000015258789,26.0,0,,1,1,12.0,1,,1,,1
2018-08-21,-0.8216701831274954,-0.8273980009994142,-0.8200064046677658,-0.8268706042154295,-0.997197049848598,-0.0067043205398066,0.9999721362675872,1.00819818069631,1.0149594051989326,48.25137059160171,56.49013933114206,0,0,0.1559144008516777,0.1318434299277207,0,7859.169921875,0,95.26000213623048,19.0,0,,1,1,12.0,1,,1,,0
2018-08-22,-0.8250930301450442,-0.8179023047615742,-0.8196372852538787,-0.8212135013556582,-0.9404024220270774,-0.0064789254123038,1.0034989365196416,1.0114691438127603,1.018421131169866,43.413143309312424,45.450066299389945,0,0,-0.1600270595430823,0.0691582818155608,0,7889.10009765625,0,95.1500015258789,21.0,0,,1,1,12.0,1,,1,,1
2018-08-23,-0.8202613265390837,-0.8260252869813901,-0.8177331672160317,-0.8247239126121338,-0.9950412886816452,-0.0058430648348697,0.9979875304478673,1.0051331051092427,1.0119629418175122,51.35741300356288,60.1194525686696,0,0,-0.2473297064936079,-0.240995707909968,0,7878.4599609375,0,95.62000274658205,18.0,0,,1,1,12.0,1,,1,,1
2018-08-24,-0.8146075835880392,-0.820812754356219,-0.8137744074351313,-0.8192195556614725,-0.9654924023515992,-0.0048272850036358,0.9924663631545236,0.9983378463644448,1.0047913339363097,59.10838777873688,71.9063670380209,0,0,-0.5613214400429064,-0.2091333380872596,0,7945.97998046875,0,95.1500015258789,19.0,0,,1,1,12.0,1,,1,,1
2018-08-25,-0.8132870135957145,-0.818718665413956,-0.8074827048449994,-0.8140741515972196,-1.0000382550763904,-0.0038710896948352,0.9922531118220708,0.9969616959995036,1.003038060206436,60.79216932354405,74.27430459617817,0,0,-0.5772718354605418,-0.2234422081985246,1,7945.97998046875,1,95.1500015258789,22.0,0,,1,1,12.0,1,,1,,0
2018-08-26,-0.8149955434400793,-0.8191659143446457,-0.80997705862834,-0.8130144022698056,-1.000790571728531,-0.0032141118228773,0.995204568150698,0.9991259428734732,1.0049424432305116,57.271699440561086,64.84577614131899,0,0,-0.5593805257471586,-0.266529887341262,1,7945.97998046875,1,95.1500015258789,19.0,0,,1,1,12.0,1,,1,,1
2018-08-27,-0.8095770076749949,-0.8158629148008916,-0.8078325551595313,-0.8143536885441651,-0.9689600981715836,-0.0022305096476571,0.9903266277279066,0.9930361295452128,0.9983291173654256,64.74313374386534,77.12488260347675,0,0,-0.5232051009472996,-0.2273756292545748,0,8017.89990234375,0,94.77999877929688,18.0,0,,1,1,12.0,1,,1,,1
2018-08-28,-0.8031119349203415,-0.8091024318174577,-0.801842188484846,-0.8088462736920031,-0.9407618622053224,-0.0009187299499178,0.9850826876223466,0.9861940273740276,0.9907313818311716,71.5837408343644,85.29567955624441,1,0,-0.5298215652737945,-0.1792700130785949,0,8030.0400390625,0,94.72000122070312,19.0,0,,1,1,12.0,1,,1,,0
2018-08-29,-0.8046124192431279,-0.8089900251901638,-0.7990906552406882,-0.8027171949230375,-0.9633779966029512,-2.09221598823639e-07,0.9889126713747906,0.9889129256685956,0.99287121514985,68.0480632167059,76.80596974383985,0,0,-0.5120743274879835,-0.1791124621940299,0,8109.68994140625,0,94.5999984741211,19.0,0,,1,1,12.0,1,,1,,0
2018-08-30,-0.8067180672382313,-0.8102106475671582,-0.8033239958912797,-0.8041820341580395,-0.9494152635099748,0.0005514599901139,0.9927988073835324,0.992125489608516,0.9956464230680228,63.00885748150759,64.74774192650997,0,0,-0.4831803302454094,-0.2631686984283081,0,8088.35986328125,0,94.72000122070312,22.0,0,,1,1,12.0,1,,1,,1
2018-08-31,-0.8049050671591996,-0.8106771372718892,-0.8006660597538395,-0.8063140478341315,-0.9479898214322344,0.0011220218005797,0.992007151277222,0.9906372600153356,0.9936656696307604,65.54383013797609,70.13115521754071,0,0,-0.5903634944214772,-0.2696297489412253,0,8109.5400390625,0,95.13999938964844,17.0,0,,1,1,12.0,1,,1,,1
2018-09-01,-0.800149732428381,-0.8051129285005874,-0.7969999503684242,-0.8041499485671707,-0.9646903712072412,0.0019355995303195,0.988252709341008,0.9858957978547994,0.9882681542186392,71.46248327932925,80.52958863011423,1,0,-0.6681496828418821,-0.246892693148874,1,8109.5400390625,1,95.13999938964844,21.0,0,,1,0,11.0,1,,1,,1
2018-09-02,-0.797722112062415,-0.8031886603031235,-0.7940733249377703,-0.7997273429181361,-0.9552978517882048,0.0027446161907304,0.987494578278024,0.9841508852637418,0.9858392657865126,74.0846513883035,84.25955496815489,1,0,-0.6696984651054176,-0.2519629751597719,1,8109.5400390625,1,95.13999938964844,18.0,0,,1,1,11.0,1,,1,,0
2018-09-03,-0.7981088488191891,-0.8028390975600912,-0.7917102105758056,-0.7969947275541138,-0.9659349933177124,0.0033163326797913,0.9898047119856992,0.9857504438987652,0.9868467245186504,72.85415243767957,80.96497257327039,1,0,-0.8543720874211668,-0.38429115916834,1,8109.5400390625,1,95.13999938964844,19.0,0,,1,1,11.0,1,,1,,1
2018-09-04,-0.7950052147502565,-0.8007254743155788,-0.7902395941277838,-0.7974844243754197,-0.9577571793235654,0.0039740490835027,0.9880905643597744,0.9832341364125396,0.9836645626513272,76.47265506434633,86.57977797948587,1,0,-0.9005470282274323,-0.3778236756715329,0,8091.25,0,95.41999816894533,26.0,0,,1,1,11.0,1,,1,,0
2018-09-05,-0.8123815800356073,-0.8007203522483474,-0.8046257457877428,-0.794476553126553,-0.8905845412638299,0.0030579168518697,1.008184647305315,1.004373104872654,1.00496090840447,41.08966980553093,27.039664201557017,0,0,-0.172086060512427,-0.1212920410931406,0,7995.169921875,0,95.12999725341795,17.0,0,,1,1,11.0,1,,1,,0
2018-09-06,-0.8204357518566444,-0.819755333662931,-0.8166951109203568,-0.8129991276788946,-0.9027707511747336,0.0016628033416258,1.0153402254632722,1.013255126303407,1.0143307075380672,32.938770224671885,18.975138425463115,0,0,-0.0733561245774597,-0.09419427502239,0,7922.72998046875,0,95.0199966430664,14.0,0,,1,1,11.0,1,,1,,0
2018-09-07,-0.8223327576983325,-0.825762285706928,-0.8169392317322809,-0.8199099701539683,-0.9581513756512368,0.000399488263988,1.014926057534009,1.0144258949912863,1.016011602771374,31.253876665495753,17.350091779816253,0,0,-0.1352700069140422,-0.277155756579153,0,7902.5400390625,0,95.37000274658205,17.0,0,,1,1,11.0,1,,1,,0
2018-09-08,-0.8296974617684776,-0.8263946922312904,-0.8231385823426826,-0.8220102264042307,-0.9770525616215696,-0.0011823388396312,1.0202460905047994,1.0217315607011923,1.024102394559527,25.427448330059292,12.021054028519018,0,1,-0.0562395686825445,-0.2894566972488988,1,7902.5400390625,1,95.37000274658205,18.0,0,,1,1,11.0,1,,1,,1
2018-09-09,-0.8274100648000136,-0.8290394400919585,-0.8230235143876685,-0.8292439683611895,-0.9842312463075228,-0.0022257177086335,1.0147118542824347,1.017489147935882,1.0204275232624231,30.097537142630983,21.948818779244945,0,0,-0.0347969578563833,-0.4380651970237719,1,7902.5400390625,1,95.37000274658205,13.0,0,,1,1,11.0,1,,1,,1
2018-09-10,-0.8265290633136335,-0.8311819171593277,-0.8201768352202965,-0.8268553296245185,-0.9823742120451334,-0.0029475361602644,1.0115101396081472,1.0151720770150832,1.0185684482477142,31.99031609964463,26.224066395212706,0,0,-0.1025129287998702,-0.4511379733634207,0,7924.16015625,0,95.1500015258789,15.0,0,,1,1,11.0,1,,1,,0
2018-09-11,-0.8267887174891165,-0.8304623474335685,-0.8211890627232188,-0.8259293821335025,-0.9763992340026052,-0.0035001864351105,1.009990049148656,1.0143270723728297,1.018134276331878,31.698431107304245,25.67149255688777,0,0,-0.2124339194566104,-0.4518510867365174,0,7972.47021484375,0,95.05999755859376,18.0,0,,1,1,11.0,1,,1,,1
2018-09-12,-0.8258539743900144,-0.8315158495252783,-0.8210373090755003,-0.8263836520471779,-0.9669701986291084,-0.0038187199766129,1.007476747126235,1.0121920817381136,1.0163063354184496,34.19252791236468,32.498628830788405,0,0,-0.1992006165090835,-0.4516197820191897,0,7954.22998046875,0,94.8000030517578,14.0,0,,1,1,11.0,1,,1,,1
2018-09-13,-0.8207980416238955,-0.8263598210801675,-0.8182649275465399,-0.8252462916880159,-0.9605169935685236,-0.0036214428442921,1.001107314311092,1.0055488086610658,1.0096851422473982,46.406379816628025,59.39562379657642,0,0,-0.1184703842435109,-0.4362343953659151,0,8013.7099609375,0,94.54000091552734,20.0,0,,1,1,11.0,1,,1,,0
2018-09-14,-0.8209385633373161,-0.8245356460016674,-0.8150951379259159,-0.820322682440419,-0.9664426970700928,-0.0034368206938943,1.0010817685228173,1.0052949412769396,1.0094677532590397,46.131800449555854,58.53133186938522,0,0,-0.131639653184424,-0.4478102443552979,0,8010.0400390625,0,94.9800033569336,23.0,0,,1,1,11.0,1,,1,,1
2018-09-15,-0.8200071613765014,-0.8255690120583012,-0.8139327055917718,-0.8205062907797974,-1.0042749856963409,-0.0031787077906528,0.9999542935599212,1.003845461458356,1.00799347451641,48.46388095236885,63.2565165146278,0,0,-0.1854720146948264,-0.4476493637741491,1,8010.0400390625,1,94.9800033569336,24.0,0,,1,1,11.0,1,,1,,0
2018-09-16,-0.8208020092256119,-0.8260917124148843,-0.8149729180829616,-0.8196729007464013,-1.0017483456184202,-0.0030036646573795,1.0007813691152438,1.0044599887730312,1.0086157241076985,46.482380387670304,55.99638807884788,0,0,-0.2121539035988124,-0.5133292284356202,1,8010.0400390625,1,94.9800033569336,28.0,0,,1,1,11.0,1,,1,,0
2018-09-17,-0.8280106194913895,-0.8262155519658838,-0.8212727139985121,-0.8203639268191972,-0.9737212506917396,-0.0034073386378983,1.0080863189045377,1.0122856507243247,1.016777046194017,32.554107794991225,23.450459475160713,0,0,-0.1534662159598172,-0.4772185995306033,0,7895.7900390625,0,94.51000213623048,25.0,0,,1,1,11.0,1,,1,,1
2018-09-18,-0.8252582971639063,-0.8309053842344719,-0.8210180247916699,-0.8274864655776779,-0.9618729233474111,-0.0034652188798399,1.004003978267028,1.0082545406327492,1.0128651189481903,40.419313001215414,40.92876067140895,0,0,-0.1521148577076679,-0.4752135713696862,0,7956.10986328125,0,94.62000274658205,21.0,0,,1,1,11.0,1,,1,,1
2018-09-19,-0.8244261747407764,-0.8289733081866724,-0.8228021095510283,-0.8247083247727764,-0.9508191479760456,-0.0034046968375807,1.002530209149234,1.0066981679930185,1.011374082530657,42.74836037013377,45.90751012453917,0,0,-0.6410367583403485,-0.5189356711427168,0,7950.0400390625,0,94.5500030517578,24.0,0,,1,1,11.0,1,,1,,1
2018-09-20,-0.8207259535821843,-0.8265446851456321,-0.8169678392840422,-0.8238834968635824,-0.9544808623010556,-0.0030233049817054,0.9983330919563724,1.0020180692202645,1.0065650038197809,52.3128636835611,63.93151465564232,0,0,-0.7548270251668026,-0.5399528584969397,0,8028.22998046875,0,93.91000366210938,24.0,0,,1,1,11.0,1,,1,,1
2018-09-21,-0.8141496686531053,-0.8185773902873951,-0.813845318935516,-0.8203697293737523,-0.85840298660255,-0.0021654361546207,0.9918086267571784,0.9944319032250412,0.9985583871446988,64.48125048830963,79.84548087716163,0,0,-0.6539400313629583,-0.5085564103952401,0,7986.9599609375,0,94.22000122070312,31.0,0,,1,1,11.0,1,,1,,0
2018-09-22,-0.8145458769402926,-0.817969331927895,-0.8100999010347881,-0.8136128708849816,-0.9473734497189894,-0.0015002457271975,0.99346950329347,0.99529067680413,0.9990817809780684,63.357370983300406,77.11237609204395,0,0,-0.8728754483927776,-0.5336782602586116,1,7986.9599609375,1,94.22000122070312,35.0,0,,1,1,11.0,1,,1,,0
2018-09-23,-0.8148925946165967,-0.8194244099611133,-0.8081525527953147,-0.814215605645666,-0.9611069682062552,-0.0009896467086401,0.994827154263308,0.9960305267938117,0.9995263700758952,62.261631943824455,74.15086523217522,0,0,-0.8734286826846189,-0.5703813054605595,1,7986.9599609375,1,94.22000122070312,38.0,0,,1,1,11.0,1,,1,,0
2018-09-24,-0.8184122749812983,-0.8210051180674007,-0.8112163092238217,-0.814537893547251,-0.9619952297972914,-0.0008590989401893,0.9992586753775848,1.0003079343454648,1.0036922370147392,51.77361006777112,48.7891556549808,0,0,-0.8134316734392044,-0.5586607766335497,0,7993.25,0,94.26000213623048,43.0,0,,1,1,11.0,1,,1,,0
2018-09-25,-0.8229620252968662,-0.8243090128721895,-0.8174060176923081,-0.8176273287249276,-0.9378476250686087,-0.0011099706688252,1.0040701961975964,1.00543179260544,1.008905157168454,41.377524710982286,30.694614872497567,0,0,-0.7355516941614485,-0.5381035615461437,0,8007.47021484375,0,94.12999725341795,37.0,0,,1,1,11.0,1,,1,,1
2018-09-26,-0.8214795592555588,-0.8248419280104147,-0.816907511363051,-0.8222356757860948,-0.9505569370259428,-0.0011756139552724,1.0019128993731494,1.003351535821832,1.0068078944449697,45.49246050306797,40.3118132760363,0,0,-0.732500895018981,-0.5716962539580128,0,7990.3701171875,0,94.19000244140624,37.0,0,,1,1,11.0,1,,1,,1
2018-09-27,-0.8159275420327309,-0.8210490005345124,-0.814822090688246,-0.8209373355586599,-0.9430993232420614,-0.0007707506097245,0.9958858126384432,0.9968235692337806,1.000003194535544,58.17819552524878,64.74257382524002,0,0,-0.7211015974847347,-0.57991933228018,0,8041.97021484375,0,95.0,42.0,0,,1,1,11.0,1,,1,,0
2018-09-28,-0.8169240066953756,-0.8188569318763839,-0.8106745878774136,-0.8153327838549231,-0.9251660300405644,-0.0005242565586974,0.9975467983190092,0.9981858071841077,1.0011763898499,55.50312346393307,58.96685066215897,0,0,-0.7166706607290758,-0.5807194705714992,0,8046.35009765625,0,95.19000244140624,42.0,0,,1,1,11.0,1,,1,,0
2018-09-29,-0.8182121944947445,-0.8231229534416994,-0.8133698322710519,-0.8164218592035589,-0.9537954182402162,-0.0004279214251221,0.9992551194671212,0.9997776093332162,1.0026467908739836,51.940679422733744,51.10796433083047,0,0,-0.7116788931510069,-0.5828555789833809,1,8046.35009765625,1,95.19000244140624,37.0,0,,1,1,11.0,1,,1,,1
2018-09-30,-0.8174912693302443,-0.8231025238784153,-0.8116628694625401,-0.8175946464703514,-0.9696956966758988,-0.0002900588836984,0.9986243833422616,0.998978349131819,1.0016940921965831,53.853305765178014,55.53044180002525,0,0,-0.7137035840518912,-0.5867434337609777,1,8046.35009765625,1,95.19000244140624,34.0,0,,1,1,11.0,1,,1,,0
2018-10-01,-0.8185891464893911,-0.8228163779047442,-0.8122058359359356,-0.8171321276809204,-0.9697533302907704,-0.0002663213510198,0.9999708238316668,1.000296252623415,1.0029198124430891,50.33348174498081,46.913927673880046,0,0,-0.9076557837635216,-0.6161906991412732,0,8037.2998046875,0,95.3000030517578,35.0,0,,1,0,9.0,1,,1,,0
2018-10-02,-0.8196131009639276,-0.8240625519122541,-0.8125535148704772,-0.8179450372325578,-0.9707084644731082,-0.0003263715458812,1.0010335218711484,1.0014327064809667,1.0040099858219984,47.02582942803389,39.3256674917319,0,0,-0.9180330321481572,-0.6262709246237033,0,7999.5498046875,0,95.51000213623048,33.0,0,,1,1,9.0,1,,1,,0
2018-10-03,-0.8212477081236822,-0.8252762616999477,-0.8151616914818444,-0.8191480753493187,-0.974753816295584,-0.0005000960982358,1.0025626071425613,1.0031750527464545,1.0057752075530917,41.94824315105762,29.25407276184798,0,0,-0.9050962229575712,-0.6253429297870605,0,8025.08984375,0,95.76000213623048,36.0,0,,1,1,9.0,1,,1,,1
2018-10-04,-0.8189841316813123,-0.8243189341256235,-0.8137971082259396,-0.8208572931223039,-0.9769051779499516,-0.0004499357766354,0.9998301537073698,1.0003796517124937,1.002884918986821,50.48993700392069,51.96732834208762,0,0,-0.9360202530786238,-0.6296416907925195,0,7879.509765625,0,95.75,29.0,0,,1,1,9.0,1,,1,,1
2018-10-05,-0.8175853581709466,-0.823708468834817,-0.8119467887846372,-0.8185282312568228,-0.9842484044066068,-0.00029392583408,0.9984108926804266,0.9987693844471262,1.0011260397939672,55.1909799699557,62.0152856257374,0,0,-1.104708091085097,-0.9780528001169186,0,7788.4501953125,0,95.62000274658205,37.0,0,,1,1,9.0,1,,1,,0
2018-10-06,-0.818629165569861,-0.8235605893235737,-0.8113127154584989,-0.8170526968248647,-1.002363837429148,-0.0002516129270446,0.9997339218297978,1.000041211571628,1.002309673679583,51.01978718234965,51.3312651149278,0,0,-1.102048622148619,-1.0837299163829082,1,7788.4501953125,1,95.62000274658205,34.0,0,,1,1,9.0,1,,1,,1
2018-10-07,-0.8181819452606062,-0.8231713415668055,-0.8119582986170337,-0.8180232449280134,-1.000300905977752,-0.0001799187110844,0.999312636887175,0.9995322835678978,1.0016928887349763,52.78391945059036,55.69198455974429,0,0,-1.099816450205365,-1.090898302154643,1,7788.4501953125,1,95.62000274658205,29.0,0,,1,1,9.0,1,,1,,1
2018-10-08,-0.8166765685567561,-0.8221623236750341,-0.8113674403080464,-0.8177327293688506,-0.970699665447937,-1.6106428758488889e-06,0.9978617818966709,0.9978637456674536,0.9998557560317712,58.57833465421661,68.3995794548639,0,0,-1.143343786978577,-1.2087581065262645,0,7735.9501953125,0,95.7699966430664,26.0,0,,1,1,9.0,1,,1,,0
2018-10-09,-0.8169695147887464,-0.8225726027279129,-0.8104065211476936,-0.8161169789656391,-0.988238322370504,0.0001147388352812,0.9984931967274564,0.9983531948344042,1.0002059996610797,57.00745834737865,63.662139129203005,0,0,-1.266525331376037,-1.2160014914042652,0,7738.02001953125,0,95.68000030517578,31.0,0,,1,1,9.0,1,,1,,0
2018-10-10,-0.8187140961118646,-0.8232074161835816,-0.8125205493742599,-0.8165077041944698,-0.9791383705384112,6.541938828619198e-05,1.0005291414806068,1.0004491582435833,1.0022498250494454,48.137187341908685,41.07336561079997,0,0,-1.2505282973199456,-1.2082067491578148,0,7422.0498046875,0,95.51000213623048,28.0,0,,1,1,9.0,1,,1,,0
2018-10-11,-0.8287730851475442,-0.8248169781127257,-0.8217012350803874,-0.8181436069144009,-0.9178096050461524,-0.0007763931999639,1.010827999466272,1.0117861021510015,1.0139846778155954,23.6525354221463,11.018110848081946,0,1,-0.9595909740208446,-1.008627243480724,0,7329.06005859375,0,95.0199966430664,19.0,0,,1,1,9.0,1,,1,,1
2018-10-12,-0.8282128478525567,-0.832578979342214,-0.8219273167354684,-0.8287591492656922,-0.9793209503107144,-0.0013823938971412,1.0085705971921988,1.010271322494401,1.012771041023116,26.069134483639928,15.60414874159632,0,1,-0.9514952561329596,-1.009730080520714,0,7496.89013671875,0,95.22000122070312,13.0,0,,1,1,9.0,1,,1,,1
2018-10-13,-0.8278642955333536,-0.833179831584205,-0.8212014988086181,-0.827572922148889,-1.0109741235104617,-0.0018136222481314,1.006884261281256,1.0091101621259713,1.011854968014545,27.71169689703946,19.064420396027177,0,1,-0.9477144212281112,-1.058264641764316,1,7496.89013671875,1,95.22000122070312,15.0,0,,1,1,9.0,1,,1,,1
2018-10-14,-0.8277133924259684,-0.8315356920321463,-0.8205689742989765,-0.8272549003928124,-1.010037467280983,-0.0021187733037525,1.0056640065103877,1.008259558693695,1.011207729941387,28.50520005262024,20.935699099044218,0,1,-0.952604954942728,-1.058005790531988,1,7496.89013671875,1,95.22000122070312,18.0,0,,1,1,9.0,1,,1,,1
2018-10-15,-0.8183777598295251,-0.8134457100071464,-0.821236635684826,-0.8271281242715696,-0.821498555180609,-0.0015889833732122,0.995190744980832,0.9971174631164068,0.9998102409826534,59.91462780239425,72.80343760181727,0,0,-0.6398422098801985,-0.9070301913217866,0,7430.740234375,0,95.06999969482422,20.0,0,,1,1,9.0,1,,1,,0
2018-10-16,-0.8183909006457362,-0.8222065143467643,-0.8115126646313182,-0.817695452803727,-0.9665051701488088,-0.0011568459899143,0.9959411587480927,0.9973452455457528,0.9998331059082854,59.87190741726294,72.71391108077414,0,0,-0.6430683669223131,-0.9081899220056214,0,7645.490234375,0,95.0500030517578,24.0,0,,1,1,9.0,1,,1,,0
2018-10-17,-0.8199695884865634,-0.8243820573667765,-0.8131894558870968,-0.8180281375704145,-0.9659059565346474,-0.0009310285972552,0.9981906187598932,0.9993232401178972,1.001692591303932,54.486562402324594,60.74803004800683,0,0,-0.6437005382724791,-0.9958541322964888,0,7642.7001953125,0,95.58000183105467,23.0,0,,1,1,9.0,1,,1,,0
2018-10-18,-0.8220382751393618,-0.8253940839226811,-0.8152857638308045,-0.8195003008524255,-0.9731361155178524,-0.0009085195628052,1.0005998035650585,1.0017075582818722,1.004053592746562,47.963551214221674,47.182292770282075,0,0,-0.647555829808891,-0.9990554129292952,0,7485.14013671875,0,95.9000015258789,26.0,0,,1,1,9.0,1,,1,,0
2018-10-19,-0.8223834564886855,-0.8276141111426316,-0.8154328558445576,-0.8214633990329355,-0.9883236729146648,-0.000908066614247,1.0008629114992742,1.0019702305152078,1.0042989513298046,46.88292881436904,44.949113047996235,0,0,-0.6554687090976916,-0.9997163548957908,0,7449.02978515625,0,95.70999908447266,24.0,0,,1,1,9.0,1,,1,,1
2018-10-20,-0.8216570423112844,-0.8274926785229385,-0.8153181067635282,-0.8219873145178642,-0.9971112593531786,-0.000839415832829,0.99998210023095,1.001004721748759,1.0032776139612838,49.63810631461186,51.40311107535197,0,0,-0.6541602189497951,-1.0226103809899596,1,7449.02978515625,1,95.70999908447266,21.0,0,,1,1,9.0,1,,1,,0
2018-10-21,-0.8218659827806184,-0.8257295279589035,-0.8144784660086515,-0.8210961972707713,-1.0026335275506466,-0.0007927312314618,1.0002000127165092,1.0011658808987665,1.003393730065078,48.79805819460821,49.19138884546818,0,0,-0.6554930629199038,-1.1013069320768465,1,7449.02978515625,1,95.70999908447266,21.0,0,,1,1,9.0,1,,1,,1
2018-10-22,-0.8217190472749496,-0.8261076509965845,-0.8148833600467155,-0.8212196171586597,-0.9841885710354424,-0.000735399651802,1.000017933455396,1.000913719921418,1.0030878987126173,49.49165044101027,51.161742838473586,0,0,-0.6641590401677538,-1.1010552968206966,0,7468.6298828125,0,96.01000213623048,27.0,0,,1,1,9.0,1,,1,,0
2018-10-23,-0.8220678979100712,-0.8272435171034885,-0.815247514137128,-0.8216378336678116,-0.9822840220371282,-0.0007099296653911,1.0003743795450897,1.0012393636184795,1.003375488113626,47.720783084312835,45.567817499762086,0,0,-0.6641740294951949,-1.1010495470451132,0,7437.5400390625,0,95.95999908447266,24.0,0,,1,1,9.0,1,,1,,1
2018-10-24,-0.8214539040865657,-0.8267631875437454,-0.8147005085932608,-0.8214383391572221,-0.995107721321688,-0.0006329046170073,0.9996845446346307,1.0004551209481456,1.0025228343232997,51.26231669891057,56.68251790210329,0,0,-0.6678786315601464,-1.1201463104306848,0,7108.39990234375,0,96.43000030517578,23.0,0,,1,1,9.0,1,,1,,0
2018-10-25,-0.8220511027238583,-0.8272843909064672,-0.8153793761219976,-0.8212623830298919,-1.00364805515289,-0.0006129845459834,1.000348015697656,1.0010947687669902,1.0031237556183146,47.64038489724656,44.81502030280838,0,0,-1.0370158936863416,-1.1589649211704585,0,7318.33984375,0,96.68000030517578,25.0,0,,1,1,9.0,1,,1,,0
2018-10-26,-0.8220981471442095,-0.8274755511519956,-0.8152991413536822,-0.8217575840738991,-1.0003264231507485,-0.0005941449051125,1.000342894068971,1.001066630749892,1.0030560297679438,47.336384366069325,43.85071458042839,0,0,-1.03593803983714,-1.1633410810270992,0,7167.2099609375,0,96.36000061035156,29.0,0,,1,1,9.0,1,,1,,1
2018-10-27,-0.8219261680171805,-0.8272014251584463,-0.8151772403847125,-0.8213787772026249,-0.9964900481760892,-0.0005588944879708,1.000113066646765,1.0007936646457256,1.0027342744083998,48.71673764335898,49.180701766339105,0,0,-1.0356618601356686,-1.2274923666119475,1,7167.2099609375,1,96.36000061035156,33.0,0,,1,1,9.0,1,,1,,1
2018-10-28,-0.8217425694851251,-0.8273556302025743,-0.8153519985127484,-0.8213231681450894,-0.9942049413391192,-0.0005102614350835,0.9999066384100056,1.0005278586509756,1.00241160763548,50.32070803448038,55.22995374721894,0,0,-1.0357248707747502,-1.2285560890478222,1,7167.2099609375,1,96.36000061035156,35.0,0,,1,1,9.0,1,,1,,0
2018-10-29,-0.8264395685380764,-0.8273159451888384,-0.8197342988675742,-0.8210271483632254,-0.9610009399529416,-0.0008410330538822,1.0047529707171667,1.0057813773080873,1.0078195300922852,26.16439716230974,10.914264850793728,0,1,-1.4158351209611706,-1.1877274061164549,0,7050.2900390625,0,96.58000183105467,34.0,0,,1,1,9.0,1,,1,,1
2018-10-30,-0.8263894663795603,-0.8314821818398087,-0.8196363438164004,-0.8257717435819913,-0.9794265386127692,-0.0010866034314197,1.0039673394749682,1.0052944257530314,1.007451912442294,26.598082900445263,11.919430503504373,0,1,-1.4152158616169097,-1.1895185857796895,0,7161.64990234375,0,97.01000213623048,31.0,0,,1,1,9.0,1,,1,,0
2018-10-31,-0.8268983933365618,-0.831957991065147,-0.8194267525016659,-0.8257732650744454,-0.9613823776941148,-0.001307217092084,1.0038774102227537,1.0054730935401597,1.0077533286254223,24.884942775370646,10.339409174568727,0,1,-1.423763661102431,-1.190689362356787,0,7305.89990234375,0,97.12999725341795,32.0,0,,1,1,9.0,1,,1,,1
2018-11-01,-0.8250603496361699,-0.8260072496730021,-0.8195837903468433,-0.8263491201351086,-0.9790613790681628,-0.0013185409231477,1.0013923951276495,1.002997531922134,1.0052959255457556,40.77991757248468,45.273244041837586,0,0,-1.4067177429122957,-1.1828261177177086,0,7434.06005859375,0,96.27999877929688,29.0,0,,1,0,13.0,1,,1,,1
2018-11-02,-0.8247347079795095,-0.8305242672090682,-0.8191002255414359,-0.8244923474272682,-0.9594628703530096,-0.0012864096509638,1.000843619047307,1.0024084807960367,1.004706119450045,43.235430469319105,49.88567045556587,0,0,-1.404721421929066,-1.186799531039854,0,7356.990234375,0,96.54000091552734,36.0,0,,1,1,13.0,1,,1,,0
2018-11-03,-0.8255649957597405,-0.8304277844870641,-0.8186340621449024,-0.8242381686878899,-0.9848141817251173,-0.0013128094213115,1.0015659552919098,1.003163679324378,1.0054921397429346,38.53473432991367,38.77562214611381,0,0,-1.4088910963646344,-1.1978633762319957,1,7356.990234375,1,96.54000091552734,36.0,0,,1,1,13.0,1,,1,,1
2018-11-04,-0.8251107501106045,-0.8307716381064488,-0.8201205463697769,-0.8249032249728185,-0.952637026576423,-0.0012822960907832,1.000858601839988,1.0024177865343504,1.0047442928693235,42.482338921187015,47.33196394145018,0,0,-1.404787344798595,-1.2022363409642558,1,7356.990234375,1,96.54000091552734,41.0,0,,1,1,13.0,1,,1,,1
2018-11-05,-0.8237810069037852,-0.828007571029186,-0.8179732337730088,-0.8249597439425077,-0.9621056575631904,-0.0011377001932066,0.9993616081954406,1.000742822930269,1.0030021343656697,52.73561797065902,65.92126193347374,0,0,-1.3873139888041122,-1.1985632581653096,0,7328.85009765625,0,96.3499984741211,42.0,0,,1,1,13.0,1,,1,,1
2018-11-06,-0.8225178776415722,-0.8285197483995085,-0.8165881362907614,-0.8228286401785695,-0.9389976576584896,-0.0009106851164307,0.99816260273366,0.9992669501281376,1.0014066993568382,60.46092855142917,76.44914908220724,0,0,-1.3739150041644872,-1.1950703580211055,0,7375.9599609375,0,96.31999969482422,42.0,0,,1,1,13.0,1,,1,,1
2018-11-07,-0.8204061141701391,-0.8258563614976256,-0.8147176063126256,-0.8217557493329987,-0.9283851533994611,-0.0005539863592249,0.9962743014563537,0.9969449891007828,0.9988812596696848,69.93917909379515,86.0533839897857,0,0,-1.3452137059511529,-1.1900294252252572,0,7570.75,0,96.0,48.0,0,,1,1,13.0,1,,1,,0
2018-11-08,-0.8227405555589543,-0.8263144416191944,-0.8156437074707551,-0.820113119229766,-0.9405278081357676,-0.0004544315307871,0.999246117942036,0.999797928815648,1.0016558448284805,53.561855219985326,53.74707035156127,0,0,-1.3107446415070152,-1.1803754148378314,0,7530.8798828125,0,96.63999938964844,51.0,0,,1,1,13.0,1,,1,,0
2018-11-09,-0.8248208467009832,-0.8287328498785927,-0.8176700301670811,-0.8225469701588699,-0.95453761601341,-0.0005372031776056,1.0014995693149915,1.0021532472852392,1.0040236048191775,43.168063187066245,37.167779523069505,0,0,-1.285887203831893,-1.1776573542652518,0,7406.89990234375,0,96.91000366210938,47.0,0,,1,1,13.0,1,,1,,1
2018-11-10,-0.824099921536483,-0.8293093539557215,-0.8172987241887282,-0.824272089019659,-0.9827604892501508,-0.00053842108518,1.0005281355594802,1.0011825980857272,1.0030223021801483,47.26038115535483,45.00621782550389,0,0,-1.2815452474144835,-1.413342374173078,1,7406.89990234375,1,96.91000366210938,52.0,0,,1,1,13.0,1,,1,,1
2018-11-11,-0.8240373050251849,-0.8297310512558956,-0.8183915053339504,-0.8234319865195541,-0.9724770685325268,-0.0005282443841143,1.000382531166686,1.0010244776324604,1.002830230883362,47.63824703646035,45.78941062117479,0,0,-1.2819668782534854,-1.4138122815195444,1,7406.89990234375,1,96.91000366210938,54.0,0,,1,1,13.0,1,,1,,0
2018-11-12,-0.8252592070274578,-0.8294016245479393,-0.8180711888241826,-0.8234891170695434,-0.956783567188368,-0.0006117249702514,1.0015784040066702,1.0023225502320914,1.0041472451478806,41.02067193106348,33.409628793342634,0,0,-1.4296866687287708,-1.409088421004122,0,7200.8701171875,0,97.54000091552734,52.0,0,,1,1,13.0,1,,1,,0
2018-11-13,-0.8256190506041771,-0.8305720536013478,-0.8186247388769718,-0.8246673936424446,-0.9476312611565066,-0.0006988642336553,1.0017045809393434,1.0025546629592046,1.004404491101781,39.17165733837496,30.203230627695177,0,0,-1.428085868118905,-1.4085745811370023,0,7200.8701171875,0,97.3000030517578,56.0,0,,1,1,13.0,1,,1,,0
2018-11-14,-0.8445933600228959,-0.8312850189424246,-0.8434588270112829,-0.8253379392334819,-0.8202592124852404,-0.0022727915961215,1.020842440217905,1.023654496882238,1.0263812489157265,10.466866546186296,3.898496551833716,0,1,-0.152344211006802,-0.8309010775217978,0,7136.39013671875,0,96.8000030517578,49.0,0,,1,1,13.0,1,,1,,0
2018-11-15,-0.8473524242901377,-0.849221104127915,-0.84923399929979,-0.8441284456236589,-0.8363966246492879,-0.0037001211054562,1.0203818728117342,1.024948722690857,1.028534847703604,9.32087158323209,3.335311085723262,0,1,-0.1710782523128792,-0.8252081776457291,0,7259.02978515625,0,96.93000030517578,28.0,0,,1,1,13.0,1,,1,,0
2018-11-16,-0.8495665101216245,-0.8527618468438237,-0.8448628899033762,-0.846903230195206,-0.9135121611525204,-0.0049528548203475,1.019433309715586,1.025528182333641,1.0299612625960528,8.462912789039848,2.8887903055488664,0,1,-0.179566266436054,-0.8221610255258296,0,7247.8701171875,0,96.47000122070312,23.0,0,,1,1,13.0,1,,1,,0
2018-11-17,-0.8502147207809846,-0.8551195387933755,-0.8442216495048221,-0.848942074833378,-0.9564588831595496,-0.0059296076715606,1.0170487115335696,1.024314325845241,1.0295057663633371,8.207700815871164,2.7453210263083605,0,1,-0.1791499462157824,-0.8236130921754989,1,7247.8701171875,1,96.47000122070312,24.0,0,,1,1,13.0,1,,1,,1
2018-11-18,-0.8481005260348154,-0.852864346894094,-0.8429721342039315,-0.8495176166455949,-0.962770863866136,-0.0064586422883829,1.0122584810506257,1.0201223740626424,1.0258617123095355,17.563433460683825,20.01940696772317,0,1,-0.1520287004135865,-0.8067742725749122,1,7247.8701171875,1,96.47000122070312,26.0,0,,1,1,13.0,1,,1,,0
2018-11-19,-0.871073805088732,-0.8538511300241015,-0.8652639767193102,-0.8476529083104453,-0.8360701808154349,-0.0086321515874777,1.0333703741510711,1.0440620658645532,1.0514380218959298,7.710356063838788,5.602397105264274,0,1,0.8526700028242649,0.0177572643885475,0,7028.47998046875,0,96.19000244140624,28.0,0,,1,1,13.0,1,,1,,0
2018-11-20,-0.8838921716233678,-0.8739645634280839,-0.8830146133442045,-0.8707740446391518,-0.7749728296851796,-0.0112592191483636,1.0407987365564817,1.0547829760449363,1.0641183683360629,5.664477211790512,3.6479576843805006,0,1,1.0281761698439682,0.229761186816843,0,6908.81982421875,0,96.80999755859376,21.0,0,,1,1,13.0,1,,1,,1
2018-11-21,-0.8793008808161453,-0.8822567646598725,-0.8807796104016715,-0.8829445373618643,-0.8765210593326428,-0.012822895957617,1.029785243653708,1.0454857402215525,1.056164180080127,14.98714295130074,17.408200714084245,0,1,1.1281156554189231,0.290959827313499,0,6972.25,0,96.70999908447266,15.0,0,,1,1,13.0,1,,1,,0
2018-11-22,-0.8865171279694372,-0.8836421003908451,-0.8801060270703938,-0.8784834469036984,-0.9447465007541168,-0.0144775240459543,1.0321647394389266,1.0498612686341855,1.0621315163928442,12.709356884240108,13.398324214804816,0,1,1.1496193332135265,0.3393948552491682,1,6972.25,1,96.70999908447266,14.0,0,,1,1,13.0,1,,1,,0
2018-11-23,-0.8870923407235345,-0.8906520676747579,-0.8853914089185562,-0.8861473088107731,-0.9314546933304472,-0.0156547849725174,1.0276433612064229,1.046624025055754,1.0602087921348522,12.534148878736543,13.07815509693316,0,1,1.1611168994944314,0.3334668938348267,0,6938.97998046875,0,96.91999816894533,12.0,0,,1,1,13.0,1,,1,,0
2018-11-24,-0.9013381862177958,-0.8901510150235226,-0.897846710271626,-0.8865447614229055,-0.9399013175435754,-0.0175351590145519,1.037102587468321,1.05845846772845,1.0739818308301234,8.991839162490948,7.309941621751165,0,1,1.397622948639177,0.6176796029475577,1,6938.97998046875,1,96.91999816894533,15.0,0,,1,1,13.0,1,,1,,1
2018-11-25,-0.8973911384682173,-0.8989343476531124,-0.9043803547014538,-0.9008084772224288,-0.8454816181385894,-0.0184936914604582,1.0274142985544157,1.0496385535158206,1.0663815991648675,16.533005405986103,20.296526977225582,0,1,1.5337393247283957,0.6783973640626009,1,6938.97998046875,1,96.91999816894533,9.0,0,,1,1,13.0,1,,1,,0
2018-11-26,-0.904442737608178,-0.8993470336372977,-0.9025499421074756,-0.8967060264022251,-0.8608244783296742,-0.0195964448299775,1.0298649221050145,1.0533697636273198,1.071619324223457,14.120959699748964,15.217687799333405,0,1,1.522482185536584,0.7190019948141789,0,7081.85009765625,0,97.06999969482422,17.0,0,,1,1,13.0,1,,1,,1
2018-11-27,-0.9031722623164712,-0.9066864276291668,-0.9020184778742388,-0.904316442157704,-0.8818620676115833,-0.02013575562522,1.023941551327988,1.047862410191967,1.0671797305938369,16.648926899624243,20.025125257402166,0,1,1.564890343697207,0.7320014604646881,0,7082.7001953125,0,97.37000274658205,11.0,0,,1,1,13.0,1,,1,,1
2018-11-28,-0.8898321486982356,-0.8909682709369391,-0.8969974273748339,-0.9025898018044608,-0.8254796741193349,-0.0192646566647648,1.007450972847203,1.0299145172064117,1.0493014102077558,38.5604843362007,55.417279341685905,0,0,2.0591972353727614,1.1208642653763026,0,7291.58984375,0,96.79000091552734,14.0,0,,1,1,13.0,1,,1,,1
2018-11-29,-0.8891776137414028,-0.8901530990738001,-0.8869436571066354,-0.8889485405011534,-0.8596609054918942,-0.0183104178625551,1.0056717704028109,1.0269389861195972,1.046537886477804,39.46146441279318,56.67168297107952,0,0,2.0811245497086666,1.1244782642376807,0,7273.080078125,0,96.77999877929688,18.0,0,,1,1,13.0,1,,1,,0
2018-11-30,-0.8971681846086106,-0.8928595759166327,-0.8932547426796883,-0.8883349762941786,-0.8796932523428717,-0.0179915535953869,1.0124181553289726,1.0333989899247114,1.0536310876167865,32.705581067640296,38.8697776005052,0,0,2.1374799379051463,1.1785391636045015,0,7330.5400390625,0,97.2699966430664,19.0,0,,1,1,13.0,1,,1,,1
2018-12-01,-0.8911379967999812,-0.8932683286228295,-0.8924185639852158,-0.8964190386172327,-0.9092888889495354,-0.0170556585911293,1.0047456435845616,1.0244457526395707,1.044642302919198,41.43609673802898,53.551161729745246,0,0,2.2885375498202936,1.2561651061298142,1,7330.5400390625,1,97.2699966430664,13.0,0,,1,0,13.0,1,,1,,0
2018-12-02,-0.8934227685883621,-0.8935045160954811,-0.8880254446916268,-0.8910341635739903,-0.91424345275399,-0.0163103020371102,1.006188307132152,1.0250167858129968,1.0453807165380535,39.212067529426406,47.75690272016444,0,0,2.252534001220344,1.2507212126379978,1,7330.5400390625,1,97.2699966430664,15.0,0,,1,1,13.0,1,,1,,0
2018-12-03,-0.9009297395200512,-0.8978790550393332,-0.8964384033186424,-0.8926657852318204,-0.921860192552576,-0.0161393075231034,1.0123622032294222,1.03106102606827,1.0519301085999166,32.58211100422301,32.39925562824223,0,0,1.7690268222978192,1.2960332526500131,0,7441.509765625,0,97.04000091552734,17.0,0,,1,1,13.0,1,,1,,1
2018-12-04,-0.8990124854853935,-0.9002942124738267,-0.8966777410207976,-0.9006400017663309,-0.924565970004177,-0.0156684703880187,1.0086238358662292,1.0266715258575774,1.047649971458676,35.78182900011406,39.07137172060668,0,0,1.5655603371654057,1.3117632697655857,0,7158.43017578125,0,96.97000122070312,12.0,0,,1,1,13.0,1,,1,,0
2018-12-05,-0.905210550577172,-0.9034830442210384,-0.8991268526595136,-0.8984221356410315,-0.9124931647893632,-0.0156154553705527,1.013149528291858,1.0311718036964894,1.0526077092932888,30.39995133298231,27.41025012693882,0,0,1.5534720548351353,1.3279968997166085,1,7158.43017578125,1,96.97000122070312,19.0,0,,1,1,13.0,1,,1,,0
2018-12-06,-0.9123248631811044,-0.9063255567119172,-0.9063693159959174,-0.9046792286084328,-0.8871585040325627,-0.0159634889934152,1.0178063040085987,1.0362612466600951,1.0583536724118672,25.350128233890104,18.815775472890707,0,1,1.5925899946176827,1.358950825076544,0,7188.259765625,0,96.80999755859376,13.0,0,,1,1,13.0,1,,1,,0
2018-12-07,-0.9154151923600709,-0.9172175886503288,-0.9138599392147168,-0.9120563712291836,-0.8450427470483576,-0.0163007667920608,1.0179254827250352,1.036717188506412,1.0593654834515285,23.401758086265787,15.923974807812712,0,1,1.5935477666503848,1.3381155599579877,0,6969.25,0,96.51000213623048,11.0,0,,1,1,13.0,1,,1,,1
2018-12-08,-0.9136991076650696,-0.9174143699610422,-0.9116699734263896,-0.9148265689484796,-0.9123812885719356,-0.0162423564102923,1.0135197230258473,1.0321151516550116,1.0550055915910417,26.996887791716773,24.513838730108247,0,1,1.201641827855546,1.3675533117953464,1,6969.25,1,96.51000213623048,11.0,0,,1,1,13.0,1,,1,,1
2018-12-09,-0.9094798913872256,-0.9120262340853724,-0.9079866372535682,-0.9132588723486076,-0.9281162179263568,-0.0156749195544315,1.0074694714435308,1.0252720634205996,1.0480733125650623,35.57499028698126,43.45282835891632,0,0,1.2256143555609575,1.4421061816705618,1,6969.25,1,96.51000213623048,14.0,0,,1,1,13.0,1,,1,,0
2018-12-10,-0.9128883372038078,-0.9131676038461785,-0.90795397544686,-0.9090180701312364,-0.9248783573513236,-0.0153236137689183,1.009498695244493,1.026899822340298,1.0498602237981147,32.0631951894004,34.208307675774336,0,0,1.1280546821611954,1.4333110998140228,0,7020.52001953125,0,97.22000122070312,19.0,0,,1,1,13.0,1,,1,,0
2018-12-11,-0.915273119403874,-0.917199712782455,-0.9103763244475828,-0.9125156978677796,-0.9391417334245848,-0.0150639851521378,1.010249665674494,1.02733125944951,1.0504359263597138,29.696562834834907,28.543288120629,0,1,1.1255327620540507,1.4238512030203463,0,7031.830078125,0,97.38999938964844,15.0,0,,1,1,13.0,1,,1,,1
2018-12-12,-0.9133681112376716,-0.91656720352322,-0.9097160730857564,-0.9148403817133072,-0.9636646323710708,-0.0145369366083291,1.0068849669521314,1.0232834186664426,1.0462699062021363,34.174849462064415,39.257271673549376,0,0,0.4339487982529498,1.451982455437704,0,7098.31005859375,0,97.04000091552734,14.0,0,,1,1,13.0,1,,1,,0
2018-12-13,-0.9186611753274248,-0.9179044226426788,-0.9133031852376062,-0.9128112701518633,-0.9546892911455848,-0.0143805824730937,1.0107420311361133,1.0269910863647278,1.0501778906464512,28.37929326026166,25.23828059727444,0,1,0.4782969138728192,1.4637625555547755,0,7070.330078125,0,97.05999755859376,14.0,0,,1,1,13.0,1,,1,,0
2018-12-14,-0.9208359282050544,-0.9227191071345844,-0.9161514284059504,-0.9181918193832262,-0.9533962212945548,-0.0142676860727847,1.01109162095796,1.0271836157816538,1.0504944458007317,26.267470649189978,21.108750221582667,0,1,0.3510082190792971,1.3128466413811346,0,6910.66015625,0,97.44000244140624,10.0,0,,1,1,13.0,1,,1,,0
2018-12-15,-0.9210107562491052,-0.9243475502657148,-0.9166253207004916,-0.9202616607010008,-0.9895162241099827,-0.0140305861606971,1.0095311032609255,1.025299279632649,1.0486092598405945,26.087402957410987,20.744925092001623,0,1,0.0882201017521872,1.3192311304646007,1,6910.66015625,1,97.44000244140624,11.0,0,,1,1,13.0,1,,1,,1
2018-12-16,-0.9205196312945416,-0.9234345527890196,-0.9153031552767764,-0.9204975889892272,-0.981047803259666,-0.0136457533424788,1.00759875842719,1.0228770759393258,1.046078948783976,27.694049670936323,25.551188620581986,0,1,0.1250014317715983,1.3307841370370412,1,6910.66015625,1,97.44000244140624,13.0,0,,1,1,13.0,1,,1,,1
2018-12-17,-0.911568416048606,-0.9146528712556004,-0.91470286740853,-0.9199828845002824,-0.9077959660478788,-0.0124746819314641,0.9981384899845214,1.0119612541835827,1.0344501647526376,50.37783547646804,69.90387032422376,0,0,0.5718429205834666,1.5582127189841897,0,6753.72998046875,0,97.0999984741211,17.0,0,,1,1,13.0,1,,1,,1
2018-12-18,-0.9069803470533035,-0.9115440039304816,-0.9074245459333344,-0.9110735691451428,-0.8857070008260898,-0.0110490144168677,0.9941677990256051,1.0063559258356316,1.0280646192820382,58.14382625807605,78.61191563531122,0,0,0.6687318627180795,1.6090117111905622,0,6783.91015625,0,97.13999938964844,23.0,0,,1,1,13.0,1,,1,,1
2018-12-19,-0.905456280857158,-0.9040905889061742,-0.9012030943189048,-0.9061226625329296,-0.8461393840298452,-0.0096845458195071,0.9936441619598596,1.0043178334530924,1.0252781513570357,60.51248639908158,81.0414734528599,0,0,0.5436567678847446,1.2378197800592423,0,6636.830078125,0,97.04000091552734,21.0,0,,1,1,13.0,1,,1,,1
2018-12-20,-0.8935888410602043,-0.896819564972178,-0.8999049279586495,-0.9050421343919032,-0.7530263328235676,-0.0075584621674646,0.9835532488476552,0.9918044971676316,1.0113706525882245,73.82237828815137,91.30088406935884,1,0,0.7502407209357581,1.3236112640906832,0,6528.41015625,0,96.27999877929688,27.0,0,,1,1,13.0,1,,1,,0
2018-12-21,-0.900856033114482,-0.8966031172715213,-0.8961118763584126,-0.8930818686682183,-0.8287469410804854,-0.0063863098157218,0.9928424613735536,0.9998800330398748,1.0188127995557634,59.6225579126957,63.3224288140985,0,0,0.916808707779352,1.36119461218489,0,6332.990234375,0,96.95999908447266,35.0,0,,1,1,13.0,1,,1,,1
2018-12-22,-0.8972624524388642,-0.9021410846210184,-0.8959628331395633,-0.9002798630108038,-0.8991476103242352,-0.0051085109698258,0.9905762918771176,0.996194618154148,1.0141621099907765,63.61572275527307,69.48735763380387,0,0,0.9342238531575796,1.3341195725110722,1,6332.990234375,1,96.95999908447266,28.0,0,,1,1,13.0,1,,1,,0
2018-12-23,-0.8977268482871279,-0.8999907556740825,-0.8922103620499855,-0.8965250359248631,-0.8751503696289817,-0.0040862156913378,0.99244955856428,0.9969531633504012,1.0141029256618523,62.69124982293311,67.53151610353136,0,0,0.8971008103914812,1.3340893660446274,1,6332.990234375,1,96.95999908447266,31.0,0,,1,1,13.0,1,,1,,1
2018-12-24,-0.8952946860613022,-0.8943980306373633,-0.891466315160349,-0.8971562688358751,-0.827209188465435,-0.0030446868973985,0.991322365962827,0.9946756707712182,1.0109053031972284,65.70312138595617,72.86489378880421,0,0,0.8208740975641724,1.04343901611984,0,6192.919921875,0,96.5500030517578,25.0,0,,1,1,13.0,1,,1,,0
2018-12-25,-0.9033320030329428,-0.8998753990882972,-0.8989394686401351,-0.8946909886459806,-0.8748454040835866,-0.0028351305135896,1.0001876290069118,1.0033372192840475,1.0191819112306548,50.238783617256466,42.27077969972977,0,0,1.0530036909419425,1.125462476916055,1,6192.919921875,1,96.5500030517578,33.0,0,,1,1,13.0,1,,1,,1
2018-12-26,-0.9020549051278448,-0.9057726963319516,-0.898633364799395,-0.902675437963074,-0.9114343629561852,-0.0025367622259981,0.9989620812130336,1.0017763564586926,1.0170334516911743,52.29727710415472,46.986597900957634,0,0,1.0483100365993918,1.0445701016056874,0,6554.35986328125,0,97.0500030517578,26.0,0,,1,1,13.0,1,,1,,0
2018-12-27,-0.9082396877033512,-0.906342060335418,-0.9025024071070572,-0.9016055528109296,-0.9200717303252094,-0.002767461895863,1.0049128539090224,1.0079993792036053,1.0230434368929435,42.478161520253074,30.76099795071572,0,0,1.064722947890303,1.1112033482043402,0,6579.490234375,0,96.4800033569336,29.0,0,,1,1,13.0,1,,1,,1
2018-12-28,-0.9000197939316764,-0.9038858089517896,-0.9025899911614936,-0.907762943272814,-0.8980155666813904,-0.0022609534514826,0.9964591347847964,0.9989597510030416,1.0132368030142522,55.33766946513923,57.04610760317085,0,0,1.1862968361415696,0.942371679285294,0,6584.52001953125,0,96.38999938964844,21.0,0,,1,1,13.0,1,,1,,0
2018-12-29,-0.9031817711363742,-0.903656688170748,-0.8970615286379762,-0.8992287280156662,-0.9261679786884086,-0.0020905879976963,0.9999660907222682,1.0022859958485195,1.016127227135547,50.34232649703878,47.748880252756095,0,0,1.2460092827032772,0.954629833306216,1,6584.52001953125,1,96.38999938964844,24.0,0,,1,1,13.0,1,,1,,1
2018-12-30,-0.9017905151871554,-0.905515727062166,-0.8977826697463855,-0.9025924047498846,-0.9358943041736488,-0.0018223030451033,0.9986676185740176,1.000687073646882,1.0139829471249946,52.51836376585141,52.30875708266925,0,0,1.2437777849585394,0.8657631517413168,1,6584.52001953125,1,96.38999938964844,23.0,0,,1,1,13.0,1,,1,,0
2018-12-31,-0.9055555678527406,-0.9065126075625322,-0.9000015543682208,-0.9012343608602218,-0.9406782360061242,-0.0018916873769918,1.0023996107570976,1.004503032710209,1.017489549682426,46.1970655628442,39.78181957379107,0,0,1.040843054390229,0.8218639730198045,0,6635.27978515625,0,96.16999816894533,26.0,0,,1,1,13.0,1,,1,,1
2019-01-01,-0.902475776683596,-0.9070485020120695,-0.9005811002429926,-0.9049041037014786,-0.9555327422051024,-0.0016788092830468,0.9991456355260794,1.0010061426886845,1.0134715003102583,51.68575217630956,52.252954183438625,0,0,0.9974863721833772,0.8395871748164134,1,6635.27978515625,1,96.16999816894533,24.0,0,,1,0,10.0,1,,1,,1
2019-01-02,-0.8994244001056909,-0.9041309196819678,-0.8971547992784715,-0.9017727230651674,-0.9150283723901028,-0.0012494780660998,0.9964162413580302,0.9977974113760716,1.0096471189461884,56.731824803397394,62.50971736836166,0,0,1.0164832811016995,0.7621461590017252,0,6665.93994140625,0,96.81999969482422,30.0,0,,1,1,10.0,1,,1,,0
2019-01-03,-0.9026828526784392,-0.904500508386998,-0.8968807194964705,-0.8992728140053512,-0.946469120272083,-0.0011588019268182,1.00002206582586,1.0013075036343444,1.0127764619856796,50.26346458519289,47.86873789959947,0,0,0.5409206274416111,0.7747981535528564,0,6463.5,0,96.30999755859376,33.0,0,,1,1,10.0,1,,1,,1
2019-01-04,-0.9020420775433484,-0.906597018936978,-0.8981983068008355,-0.9022974440461012,-0.93248965812049,-0.0010234376823958,0.9994179485769884,1.0005524933259389,1.0115792164787971,51.517738717377654,50.88500425862071,0,0,0.3581194711869207,0.7004019891745464,0,6738.85986328125,0,96.19000244140624,48.0,0,,1,1,10.0,1,,1,,0
2019-01-05,-0.9024246229614672,-0.9054257313135609,-0.8965486805716497,-0.9016884816079702,-0.9197467181807422,-0.0009362364110613,0.9998661267032992,1.0009043936821775,1.0115318744232351,50.63806961497638,48.64462076945927,0,0,0.2956834510964339,0.5786094369381847,1,6738.85986328125,1,96.19000244140624,36.0,0,,1,1,10.0,1,,1,,1
2019-01-06,-0.895354759429395,-0.8997631098722866,-0.8968716923258113,-0.9021606141413876,-0.8995345823442752,-0.0002932692482144,0.9932503153894168,0.9935735591246284,1.0034652818719592,63.8139503159654,75.3682246596139,0,0,0.5075676469008115,0.6298344954242705,1,6738.85986328125,1,96.19000244140624,31.0,0,,1,1,10.0,1,,1,,0
2019-01-07,-0.8969244232136869,-0.8997836641850592,-0.8908268741221367,-0.8947656984004511,-0.9157424660329044,8.860670852506303e-05,0.9957588566773636,0.9956609130035308,1.0050185666737983,59.72962064498165,65.3079571635158,0,0,0.4952068414831947,0.635671286486444,0,6823.47021484375,0,95.70999908447266,39.0,0,,1,1,10.0,1,,1,,1
2019-01-08,-0.8967533688660054,-0.8992905001044167,-0.891571315808135,-0.8962966032244617,-0.9123122686665316,0.0004004328709306,0.9962480952109029,0.9958051004863558,1.0046367296804877,60.05112370649522,65.96800418823985,0,0,0.2080239812294836,0.6017417078503362,0,6897.0,0,95.9000015258789,39.0,0,,1,1,10.0,1,,1,,1
2019-01-09,-0.89661747850722,-0.9005113499657724,-0.8907718683597933,-0.8962025168160914,-0.9207016147454052,0.0006510180368104,0.9966955855900542,0.9959748155734442,1.0043078711266784,60.341351988971944,66.64029999889473,0,0,0.2048766878250778,0.5657326972883236,0,6957.080078125,0,95.22000122070312,42.0,0,,1,1,10.0,1,,1,,0
2019-01-10,-0.9075037647060472,-0.9006417058429919,-0.9020755563174822,-0.8961151652493191,-0.8433476875290669,-2.8495254065452613e-05,1.0074335301948674,1.0074653993565132,1.0158443028589683,36.09918059987078,21.427067339807692,0,0,0.5575087200979109,0.802394072565174,0,6986.06982421875,0,95.54000091552734,37.0,0,,1,1,10.0,1,,1,,1
2019-01-11,-0.9072459153418714,-0.9111673118428152,-0.9022654002218848,-0.907124968061908,-0.90210013941065,-0.0005399835497285,1.006041062372419,1.0066438260158754,1.014936532681397,36.793172967181754,23.075303586626845,0,0,0.2357338504570987,0.7956405148147281,0,6971.47998046875,0,95.66999816894533,19.0,0,,1,1,10.0,1,,1,,0
2019-01-12,-0.908042120528411,-0.9116152725794096,-0.9022423577803784,-0.9067291189834892,-0.93556027962765,-0.0009980835278809,1.0058525103192637,1.0069658044530585,1.0151971389932135,35.42249856443674,21.240813701807724,0,0,0.2016984620383983,0.7206594812916677,1,6971.47998046875,1,95.66999816894533,22.0,0,,1,1,10.0,1,,1,,0
2019-01-13,-0.9113518834391456,-0.9123432078590996,-0.9056283971082252,-0.9075877031419328,-0.939822017825054,-0.0016096462668581,1.0080425801479227,1.0098405235771737,1.0181429531496216,30.052570432512027,14.744068263051574,0,0,0.2268798704574562,0.7338678663801202,1,6971.47998046875,1,95.66999816894533,21.0,0,,1,1,10.0,1,,1,,1
2019-01-14,-0.9066750803738785,-0.9107478820480488,-0.905399582247562,-0.9106901903382102,-0.8971431370883544,-0.0016973690085213,1.0024270409886191,1.0043117569524045,1.0124052504938592,43.91491702871938,45.91239035741017,0,0,0.3060953928631766,0.7729561789637026,0,6905.919921875,0,95.58999633789062,16.0,0,,1,1,10.0,1,,1,,0
2019-01-15,-0.9089776616225952,-0.9109788080275704,-0.9032953783766164,-0.9062023544293574,-0.9021670367712072,-0.0019304361107645,1.0042045310791408,1.00635074878381,1.014380589434216,39.471083058358694,37.026415070296885,0,0,0.2737198287964686,0.7892080203950484,0,7023.830078125,0,95.97000122070312,27.0,0,,1,1,10.0,1,,1,,1
2019-01-16,-0.9082343925957976,-0.912012064011126,-0.9031484685765688,-0.9084234798301588,-0.908446687967524,-0.0020317471532816,1.0028613834910318,1.0051162920627497,1.0130128004758243,41.669550604554274,41.86874837398734,0,0,0.222235880705308,0.5950729842021064,0,7034.68994140625,0,96.05999755859376,24.0,0,,1,1,10.0,1,,1,,1
2019-01-17,-0.9075147800213388,-0.912181620580538,-0.9032328183377332,-0.9078014579151308,-0.905368646506408,-0.0020305630962851,1.00174827151269,1.0039986445225335,1.011725725017682,43.94401810176616,47.11798006510703,0,0,0.1941172397021848,0.5474571036375707,0,7084.4599609375,0,96.06999969482422,28.0,0,,1,1,10.0,1,,1,,0
2019-01-18,-0.9081478660636296,-0.9121099630067344,-0.9027626234629658,-0.9070035320808468,-0.9256705781545526,-0.0020569976863847,1.0020698397921055,1.0043494472666403,1.0119381789016564,42.27085845298497,42.60513197293386,0,0,0.1892261800137513,0.5426200270937823,0,7157.22998046875,0,96.33999633789062,29.0,0,,1,1,10.0,1,,1,,1
2019-01-19,-0.9059872682763342,-0.9098252054786914,-0.9022869166236076,-0.907785974491922,-0.8837551171639011,-0.0018819115994548,0.9997341170099834,1.0018145271536312,1.0091534787908496,49.79781384406456,60.02660885414079,0,0,0.2217067823981717,0.2429496524172696,1,7157.22998046875,1,96.33999633789062,31.0,0,,1,1,10.0,1,,1,,0
2019-01-20,-0.909883751477723,-0.9102804383766416,-0.904443810624389,-0.9055538033542364,-0.9001741782045573,-0.0020341201730597,1.003411088384943,1.0056670089148778,1.0129576408566496,39.17037219807747,34.69993403222189,0,0,-0.0030712988943064,0.1713336426641728,1,7157.22998046875,1,96.33999633789062,35.0,0,,1,1,10.0,1,,1,,0
2019-01-21,-0.9106468659710004,-0.9143245599548347,-0.9052051602238088,-0.9093746885708892,-0.92560963029886,-0.0021910662780764,1.003596038139278,1.0060252945421462,1.0132585649496126,37.36824297119109,31.25622449694569,0,0,-0.0040556321028122,0.1347521065235107,1,7157.22998046875,1,96.33999633789062,30.0,0,,1,1,10.0,1,,1,,1
2019-01-22,-0.9097748959990538,-0.9139667050399236,-0.9057902863933112,-0.9101473233222732,-0.912002971888986,-0.0022195014762325,1.0022287683106246,1.004685277495316,1.0118007589152314,40.950091335849145,40.28505436008667,0,0,0.0083738039010268,0.1393717373667937,0,7020.35986328125,0,96.3000030517578,27.0,0,,1,1,10.0,1,,1,,0
2019-01-23,-0.9103691711403448,-0.913896933384857,-0.9049944148889396,-0.9092163116480402,-0.9067177453380844,-0.0022638928652471,1.0024387480744934,1.0049439226881856,1.0119671369581908,39.18772342478923,35.9896815480012,0,0,0.0025787547736867,0.1203026251648405,0,7025.77001953125,0,96.12000274658205,33.0,0,,1,1,10.0,1,,1,,1
2019-01-24,-0.9098882784217868,-0.9141067473480105,-0.904876902233377,-0.9098595822493502,-0.9142359229442047,-0.0022345112823367,1.0016150199738674,1.0040848423505278,1.0109793174587758,41.53698541171643,42.5938031271896,0,0,-0.6792335616565436,-0.0217557883564617,0,7073.4599609375,0,96.5999984741211,37.0,0,,1,1,10.0,1,,1,,0
2019-01-25,-0.9099218687942124,-0.9142017183997428,-0.904674622243575,-0.9091603073007988,-0.914104883769808,-0.0021887065814769,1.001397488121921,1.0038154185511836,1.010580043876988,41.40805968306276,42.18842183177118,0,0,-0.6808201151424318,-0.0278810324724129,0,7164.85986328125,0,95.79000091552734,35.0,0,,1,1,10.0,1,,1,,1
2019-01-26,-0.9098395559743938,-0.9129391508418102,-0.9041226817451844,-0.9093947737629418,-0.9214812959258772,-0.00212131091761,1.0011056164083618,1.0034477635754335,1.0100731634540978,41.91779914058847,43.9319311866938,0,0,-0.6840023164512049,-0.1321375748270863,1,7164.85986328125,1,95.79000091552734,41.0,0,,1,1,10.0,1,,1,,0
2019-01-27,-0.9104045215766898,-0.9142094235152056,-0.9049343375117936,-0.9092428855579112,-0.9006905311347101,-0.0020894020447622,1.001461134129726,1.0037681741611253,1.0102764346526292,39.21586589674269,34.42952224079424,0,0,-0.7898214392592939,-0.3489194998269165,1,7164.85986328125,1,95.79000091552734,39.0,0,,1,1,10.0,1,,1,,0
2019-01-28,-0.9138721383557112,-0.9149885207615684,-0.9089152590346236,-0.9098662126747994,-0.8418172428563823,-0.0023172103684101,1.0044603272277943,1.0070251249573892,1.0135630384296594,26.92487622569243,12.428918700665434,0,1,-0.9346735377602532,-0.3364805787087431,0,7085.68017578125,0,95.75,35.0,0,,1,1,10.0,1,,1,,0
2019-01-29,-0.9145543719455788,-0.9183154281778728,-0.910109821718835,-0.9133919880217422,-0.8863302348990659,-0.0025237089098513,1.0044050893688667,1.0071966876630585,1.0137504160570183,25.13641975559949,10.644595577711712,0,1,-0.9747926051396956,-0.3463094502569235,0,7028.2900390625,0,95.81999969482422,21.0,0,,1,1,10.0,1,,1,,1
2019-01-30,-0.9133915887004592,-0.9177410521802528,-0.9092214160210276,-0.9141548971546944,-0.8837805794749758,-0.0025639776631092,1.0026455536814345,1.005475486650046,1.0119669780353202,33.7858771324145,32.62529229652742,0,0,-0.9583294496544976,-0.3752227699408716,0,7183.080078125,0,95.33999633789062,22.0,0,,1,1,10.0,1,,1,,0
2019-01-31,-0.9142588005335056,-0.9174515966760352,-0.9086452410998074,-0.9128867331942642,-0.8892322071625834,-0.0026354874289747,1.0030423604911676,1.0059509865784326,1.01241451579839,30.73051657772469,26.213127971653236,0,0,-0.9719826417009064,-0.4128420605547425,0,7281.740234375,0,95.58000183105467,17.0,0,,1,1,10.0,1,,1,,1
2019-02-01,-0.913337712845574,-0.9175372848981862,-0.9091528884832898,-0.9136462488023802,-0.9071941660042636,-0.002588002473519,1.001718700215353,1.004570107986998,1.010942804829066,37.64159693604999,42.27883488009388,0,0,-0.948073507916488,-0.4452050365147942,0,7263.8701171875,0,95.58000183105467,23.0,0,,1,0,9.0,1,,1,,1
2019-02-02,-0.9123261161079622,-0.9168960651893756,-0.9080338913411908,-0.9129106594089332,-0.9226497903664012,-0.0024406090795089,1.0005154406754804,1.0032005357399267,1.0094342484526524,44.64079363792436,56.23321538072096,0,0,-1.0028652983143476,-0.4639437507131799,1,7263.8701171875,1,95.58000183105467,22.0,0,,1,1,9.0,1,,1,,0
2019-02-03,-0.914068773293406,-0.9169531490876468,-0.9086449753714868,-0.9119479425169452,-0.9238678401687728,-0.0024363321037871,1.0020524688369663,1.0047359590977747,1.0109119480552513,36.49798006751043,36.156129309019896,0,0,-1.14755271584355,-0.4594721930549704,1,7263.8701171875,1,95.58000183105467,19.0,0,,1,1,9.0,1,,1,,0
2019-02-04,-0.9142172152944634,-0.9183106656826964,-0.9088109568727086,-0.913442652228802,-0.9111628704423704,-0.0024170582556131,1.0018737606811892,1.0045345814228823,1.0106371392399731,35.85516353475873,34.74713156412135,0,0,-1.151057791795962,-0.4592620134779241,0,7347.5400390625,0,95.8499984741211,27.0,0,,1,1,9.0,1,,1,,1
2019-02-05,-0.9139971700150624,-0.9182528259492893,-0.9085201893521804,-0.9138172078711604,-0.9157898088358772,-0.0023568593693068,1.0013810983654818,1.0039735489022474,1.0099822142298345,37.73099282266046,39.41369153412016,0,0,-1.1687971100801595,-0.6510730676582324,0,7402.080078125,0,96.0999984741211,21.0,0,,1,1,9.0,1,,1,,0
2019-02-06,-0.915603653441598,-0.9185250366712804,-0.9101799284420206,-0.9133852158886624,-0.9045866043275068,-0.0024109887275163,1.0026566307640572,1.0053108712672083,1.0112911246078973,30.273314002161413,23.23720801753018,0,0,-1.1407154780633533,-0.648759954583769,0,7375.27978515625,0,96.41999816894533,14.0,0,,1,1,9.0,1,,1,,0
2019-02-07,-0.9160403655726228,-0.9197617810851052,-0.9103151082347776,-0.9150398314741188,-0.9255825458435,-0.0024607595487877,1.0026512987438734,1.0053591557430095,1.0113065511933337,28.50601947174019,20.22802723867603,0,1,-1.153766940293636,-0.6511920984245118,0,7288.35009765625,0,96.51000213623048,18.0,0,,1,1,9.0,1,,1,,1
2019-02-08,-0.9078747429244254,-0.9117163930471018,-0.9104144602576936,-0.9154538638790222,-0.8054467970830957,-0.001820322236836,0.994675608150264,0.9966633147575806,1.0022016524223312,68.35820069521981,81.1345660364149,0,0,-0.3980965662947388,-0.3485052518908589,0,7298.2001953125,0,96.63999938964844,37.0,0,,1,1,9.0,1,,1,,1
2019-02-09,-0.90773962072913,-0.9121874691300844,-0.9024678624253922,-0.9071991855688196,-0.8748178476485162,-0.00128703172059,0.9953655780550078,0.9967722944040812,1.0019718426557764,68.6914208567207,81.44710303933047,0,0,-0.3981272162358418,-0.7509165691981307,1,7298.2001953125,1,96.63999938964844,42.0,0,,1,1,9.0,1,,1,,1
2019-02-10,-0.907159687125622,-0.9117337625788164,-0.9026413678342028,-0.9071498340219164,-0.8693878258792263,-0.0008082819777176,0.9955368646610666,0.9964207160476444,1.0012794156985951,70.24328796881747,83.05367604662595,1,0,-0.4014453564828478,-0.7497196335875006,1,7298.2001953125,1,96.63999938964844,40.0,0,,1,1,9.0,1,,1,,0
2019-02-11,-0.9084352785353312,-0.9117164223999226,-0.902600696216691,-0.9064651773341976,-0.8696166211673925,-0.0005257385368944,0.9974067772724908,0.997982841901966,1.002581693960093,62.39424152389558,66.23325445432798,0,0,-0.5012798525541718,-0.7453372186326157,0,7307.89990234375,0,97.05999755859376,46.0,0,,1,1,9.0,1,,1,,1
2019-02-12,-0.908279550167964,-0.912528754377648,-0.9033386769083824,-0.9080800402001444,-0.8606711759057843,-0.0002859584951273,0.9976600638977292,0.9979735260239908,1.0023151047723664,62.976998845985406,67.31089981778644,0,0,-0.511454049065841,-0.7977198966662662,0,7414.6201171875,0,96.70999908447266,38.0,0,,1,1,9.0,1,,1,,0
2019-02-13,-0.908935039735736,-0.9124938979029356,-0.9033794320405092,-0.9077485189276864,-0.862496124918843,-0.0001471276188629,0.9986289380028692,0.9987903886766036,1.0029189551348625,58.568946348546355,57.08611977359511,0,0,-0.5080667820285838,-0.9015372875892306,0,7420.3798828125,0,97.12999725341795,48.0,0,,1,1,9.0,1,,1,,0
2019-02-14,-0.9093990477733058,-0.9131999433165064,-0.9036763720503108,-0.9084338543203724,-0.8698811205679619,-7.369520747768643e-05,0.9992711402665126,0.9993520659936292,1.003295951430317,55.40160569210254,49.92782351790784,0,0,-0.5155851946462282,-0.9262008149402252,0,7426.9501953125,0,96.9800033569336,48.0,0,,1,1,9.0,1,,1,,1
2019-02-15,-0.909278997989794,-0.9131536979473194,-0.9036605498268846,-0.9088554867292497,-0.8777603038748857,-5.746239103987527e-06,0.9992715566986776,0.9992778670905174,1.0030390702195775,56.11016321696789,52.00397496053047,0,0,-0.5186049163346784,-0.9291234318443188,0,7472.41015625,0,96.91999816894533,43.0,0,,1,1,9.0,1,,1,,1
2019-02-16,-0.909004778539589,-0.9130020245839864,-0.9034408836126844,-0.9089195833280236,-0.8846766974956118,6.943067219222776e-05,0.9991284904803026,0.9990522483981334,1.0026289759127978,57.87412669959371,57.38539221669474,0,0,-0.5236742510046275,-0.9315571790696408,1,7472.41015625,1,96.91999816894533,43.0,0,,1,1,9.0,1,,1,,1
2019-02-17,-0.907659202215394,-0.9121695565711848,-0.9033192331875596,-0.9083669757770624,-0.8360722704519278,0.0002348781508108,0.9980104012903293,0.9977527230219928,1.0010998662125836,65.68306665570532,75.41797344358406,0,0,-0.5551343812647779,-0.9239862014979972,1,7472.41015625,1,96.91999816894533,38.0,0,,1,1,9.0,1,,1,,1
2019-02-18,-0.9002704165927261,-0.9044710528313148,-0.9017394555454764,-0.9072057861610836,-0.7098632709004633,0.0009512443657725,0.9914287590290708,0.9903912606418488,0.9932250091370904,84.21852625959299,94.00168166033993,1,0,-0.2523235736251265,-0.7121849726346777,1,7472.41015625,1,96.91999816894533,63.0,0,,1,1,9.0,1,,1,,1
2019-02-19,-0.899311830593836,-0.90224037053741,-0.8943328708060945,-0.8998650698596733,-0.7087453540925308,0.0015781279544344,0.9918420875140014,0.9901187841368704,0.9924722940787156,85.3990681040342,94.69537303552865,1,0,-0.2563899647354761,-0.7873108570235587,0,7486.77001953125,0,96.5199966430664,65.0,0,,1,1,9.0,1,,1,,1
2019-02-20,-0.8977011782023389,-0.9025527579328858,-0.8937701948835556,-0.8987951324994543,-0.763310428030466,0.0021797767921158,0.9915811996398618,0.9891994704004606,0.9910564393494514,87.24840853985512,95.78692706798532,1,0,-0.3125898981468454,-0.7878708466023738,0,7489.06982421875,0,96.4499969482422,59.0,0,,1,1,9.0,1,,1,,0
2019-02-21,-0.8990972743273359,-0.902266516562547,-0.8933391379942789,-0.8971585585328524,-0.8037087695921522,0.0025149438339792,0.9941750888681974,0.9914180600093804,0.9928859410230472,77.438707085395,77.38376392372373,1,0,-0.2883399242044531,-0.7763896527893251,0,7459.7099609375,0,96.61000061035156,59.0,0,,1,1,9.0,1,,1,,1
2019-02-22,-0.8975268722111456,-0.902370851164118,-0.8930061348552666,-0.89862034732465,-0.8014475454212628,0.0028741530089929,0.9935944575088004,0.990443075114825,0.9914957639095456,80.31178888507254,82.4428723631604,1,0,-0.7480144380569843,-0.7756359131884157,0,7527.5400390625,0,96.51000213623048,61.0,0,,1,1,9.0,1,,1,,1
2019-02-23,-0.8933418503954625,-0.8975692653684991,-0.8924491607032619,-0.8971995120380732,-0.7532406314537934,0.0034566787125026,0.990643831808636,0.9868610188368696,0.987380884873657,85.85188545819194,90.21799383473916,1,0,-0.670783961181581,-0.7272776535882396,1,7527.5400390625,1,96.51000213623048,63.0,0,,1,1,9.0,1,,1,,0
2019-02-24,-0.9034866723787992,-0.896236060247286,-0.8978918309404468,-0.8927227815324756,-0.6708831137605806,0.0030644075959264,1.0016018259833075,0.998210714135027,0.998648695221358,48.040957132860605,37.10646816202487,0,0,0.0342624466377069,-0.3609024007049878,1,7527.5400390625,1,96.51000213623048,69.0,0,,1,1,9.0,1,,1,,1
2019-02-25,-0.9012790376290506,-0.9051611009575438,-0.8974784335961268,-0.903062322169288,-0.7357949031918212,0.0028982582670112,0.9992844420819108,0.9960836111619884,0.9963566789142108,53.214729802887724,46.28210335310686,0,0,0.0357278542626335,-0.3489944412862346,0,7554.4599609375,0,96.41000366210938,47.0,0,,1,1,9.0,1,,1,,0
2019-02-26,-0.9021447056772184,-0.9058262212006992,-0.8965149027059954,-0.9008721039485332,-0.7968415310656183,0.0026659995665315,1.0002066595431258,0.9972589712041198,0.9974187423620984,50.92063134564159,43.00204080945569,0,0,0.04464467690057,-0.3473490921135862,0,7549.2998046875,0,96.0,40.0,0,,1,1,9.0,1,,1,,0
2019-02-27,-0.902245834773598,-0.9059096712702636,-0.898098635903935,-0.9015202821088372,-0.7805593446688573,0.0024455814594185,1.0002697247445431,0.9975650465780384,0.9976271628660044,50.62643977538672,42.53252130242554,0,0,0.0393040683522582,-0.4010865816509726,0,7554.509765625,0,96.1500015258789,39.0,0,,1,1,9.0,1,,1,,1
2019-02-28,-0.9021316468978852,-0.905391006926542,-0.8962712526128105,-0.9018018775455732,-0.776227667551865,0.0022541283404048,1.000121108182816,0.9976280640180488,0.9975986720096188,50.9953034788855,43.46189089013347,0,0,0.0348542410545135,-0.4053000369668663,0,7532.52978515625,0,96.16000366210938,39.0,0,,1,1,9.0,1,,1,,1
2019-03-01,-0.9019850693713184,-0.9053387955965252,-0.8960886744799141,-0.901634006211479,-0.8087189401120352,0.0020901341798734,0.9999649769768436,0.99765323572145,0.9975368616315378,51.53162501825475,44.98466746506945,0,0,0.0347768349897268,-0.407533646310176,0,7595.35009765625,0,96.52999877929688,42.0,0,,1,0,9.0,1,,1,,1
2019-03-02,-0.9018374850285268,-0.90633633653536,-0.8966970860425298,-0.9015863178646604,-0.8123468617368799,0.0019496026434989,0.9998319157041592,0.9976754918775258,0.9974763774162492,52.14015174304136,46.90450387714636,0,0,0.0352464958252106,-0.4134781116650803,1,7595.35009765625,1,96.52999877929688,41.0,0,,1,1,9.0,1,,1,,0
2019-03-03,-0.9023641021194968,-0.9063099997168876,-0.896548505950182,-0.9013740622090274,-0.8266553051852047,0.0017752725534017,1.0003517705794291,0.9983868959449308,0.9981348235528044,49.577394517010575,40.22597956516229,0,0,0.0354563784568519,-0.4118425007191049,1,7595.35009765625,1,96.52999877929688,44.0,0,,1,1,9.0,1,,1,,0
2019-03-04,-0.9049795421877652,-0.9065535180565368,-0.8997564313809167,-0.9018987309818868,-0.7485367838169286,0.0014098190294646,1.0027496579280908,1.0011856759060591,1.0009875008607882,38.68202219793283,20.70434867056869,0,0,-0.2389036106843554,-0.3854010494078965,0,7577.56982421875,0,96.68000030517578,36.0,0,,1,1,9.0,1,,1,,1
2019-03-05,-0.9008611865219744,-0.9054553776625794,-0.8994008792958506,-0.904503324689177,-0.6981645368829493,0.0014359585264493,0.9984649640183192,0.9968783947610794,0.996571667546386,56.1791325477968,60.72314343809294,0,0,-0.1341306854518227,-0.3564850910425699,0,7576.35986328125,0,96.8499984741211,35.0,0,,1,1,9.0,1,,1,,1
2019-03-06,-0.9006300140588125,-0.9049866718198772,-0.8954739233987951,-0.9003104942338855,-0.7421084034020643,0.0014585150977698,0.9984839050441966,0.9968719795259872,0.996459896258629,56.97431440637734,62.152697401014514,0,0,-0.1502730082706639,-0.3575673272644158,0,7505.919921875,0,96.87000274658205,42.0,0,,1,1,9.0,1,,1,,1
2019-03-07,-0.9003996321328347,-0.904389650121002,-0.8947694852133884,-0.9001179210223026,-0.7241199407526951,0.0014779444158594,0.9985006230605508,0.996866787819704,0.9963532817411715,57.85375119804982,63.898672493096576,0,0,-0.1578768925459329,-0.3575407675885568,0,7421.4599609375,0,97.66999816894533,56.0,0,,1,1,9.0,1,,1,,0
2019-03-08,-0.9007158842959596,-0.9040572514399386,-0.8953567523939302,-0.899817284555002,-0.677728249707821,0.0014510960518814,0.9990278781572334,0.997422545181232,0.996832111510474,56.03947300468253,58.92342245105788,0,0,-0.1741544172418827,-0.3721699143293224,0,7408.14013671875,0,97.37000274658205,54.0,0,,1,1,9.0,1,,1,,1
2019-03-09,-0.898816372600556,-0.9029509729764116,-0.8948230560428011,-0.9003877398091127,-0.670800575956801,0.0015650523002285,0.9973934890940048,0.9956643204416508,0.9949355250256312,63.88788296410746,74.6995078685429,0,0,-0.2550208268100696,-0.3703625686990444,1,7408.14013671875,1,97.37000274658205,55.0,0,,1,1,9.0,1,,1,,0
2019-03-10,-0.8991742025448252,-0.9035840839684732,-0.8938282147642772,-0.8981997516189645,-0.7184400781428393,0.0016079540684762,0.9981298413789782,0.9963514416070968,0.995513873583371,61.501251513872305,68.12746107076839,0,0,-1.0421848507845066,-0.6117285230247281,1,7408.14013671875,1,97.37000274658205,55.0,0,,1,1,9.0,1,,1,,0
2019-03-11,-0.9005907705997307,-0.9035777584355886,-0.8949210566474014,-0.8985796026517268,-0.7002861803577423,0.0015102397221995,0.9997480928117024,0.998074799514314,0.9971963182138314,52.5365279997406,46.52277303614139,0,0,-1.0630608914302009,-0.6017520856828877,0,7558.06005859375,0,97.22000122070312,56.0,0,,1,1,9.0,1,,1,,1
2019-03-12,-0.9004707506478107,-0.9047648892440384,-0.8957196461728798,-0.9001065098288974,-0.7141892923120414,0.0014260464302875,0.9996740916086216,0.9980939576068584,0.9971782587299712,53.20338285485791,48.37231088391617,0,0,-1.0743713066575329,-0.6022092405899835,0,7591.02978515625,0,96.94000244140624,56.0,0,,1,1,9.0,1,,1,,0
2019-03-13,-0.900545255048462,-0.9047736510610502,-0.8948381721881187,-0.899822736569629,-0.7291785301523342,0.0013378884125804,0.999794211097774,0.9983113823721064,0.9973679029024504,52.67330608133997,47.02613790031273,0,0,-1.0745174370562345,-0.6110301694344172,0,7643.41015625,0,96.5500030517578,54.0,0,,1,1,9.0,1,,1,,1
2019-03-14,-0.9000060341099345,-0.9041753084852384,-0.8945460836182256,-0.9000509529794364,-0.6846728527832705,0.0012965869247143,0.9993192380349396,0.9978826245942284,0.996896953272993,56.30851258893673,58.24066914448613,0,0,-1.072534952243117,-0.6108342532245119,0,7630.91015625,0,96.79000091552734,55.0,0,,1,1,9.0,1,,1,,1
2019-03-15,-0.8988897657744107,-0.9035128887015974,-0.8941505659937563,-0.8994067799242689,-0.7324770311011253,0.0013384993364882,0.9983747289421524,0.9968927101038164,0.9958299784732424,63.08198051915803,73.6423197717954,0,0,-1.0621627289261095,-0.6122923986774481,0,7688.52978515625,0,96.5999984741211,55.0,0,,1,1,9.0,1,,1,,1
2019-03-16,-0.8962072419139642,-0.9002518710298075,-0.89266900153893,-0.8982692256494019,-0.7121532025509006,0.001570073649834,0.9961009665804372,0.9943657204616896,0.9931363093290604,74.18085608084272,87.91904691028319,1,0,-0.999925691287074,-0.5976519683572431,1,7688.52978515625,1,96.5999984741211,54.0,0,,1,1,9.0,1,,1,,0
2019-03-17,-0.896925012387626,-0.9009406129555104,-0.8912772608486702,-0.8957086135156479,-0.7840650647721971,0.0016763558957264,0.997374605763956,0.9955188625097344,0.9941682944565692,67.88036157965217,73.68079947058261,0,0,-0.9962718758438104,-0.5934793896220084,1,7688.52978515625,1,96.5999984741211,58.0,0,,1,1,9.0,1,,1,,1
2019-03-18,-0.8967026775335504,-0.9004165770455805,-0.8911931084856869,-0.8962508913261739,-0.7213575454456882,0.0017582578044205,0.9975682391351302,0.9956207697074974,0.9941588207426398,68.82667667358913,75.33081867503294,0,0,-1.117646492230826,-0.5933868547373817,0,7714.47998046875,0,96.5199966430664,56.0,0,,1,1,9.0,1,,1,,1
2019-03-19,-0.8955210108907883,-0.9000961836682286,-0.8907361165123294,-0.8961676940304647,-0.7346455794074132,0.0018966528462168,0.9968281857732504,0.9947281013017056,0.9931272419366372,73.59705500434241,82.91921850767298,1,0,-1.3229137738456975,-0.5952405744860165,0,7723.9501953125,0,96.37999725341795,56.0,0,,1,1,9.0,1,,1,,1
2019-03-20,-0.8950235094334663,-0.8998783930760199,-0.890509154157672,-0.8950037075533572,-0.6980857867955351,0.0020231544585078,0.9968457644591256,0.9946046035933768,0.9928645946298952,75.42401070442942,85.43436363717423,1,0,-1.3231732485913723,-0.7970346482261466,0,7728.97021484375,0,95.76000213623048,55.0,0,,1,1,9.0,1,,1,,0
2019-03-21,-0.8967998315703155,-0.8996410021377149,-0.8913164367953496,-0.8946016830055664,-0.6692559447478181,0.0019575086058418,0.999004886653088,0.9968311977102816,0.9950366384262724,58.692548675155685,50.225801178023765,0,0,-1.2523403095688117,-0.7861956021695125,0,7838.9599609375,0,96.5,62.0,0,,1,1,9.0,1,,1,,0
2019-03-22,-0.8969635249727075,-0.9009470852524992,-0.8908067091387296,-0.896295305480898,-0.7386924264922315,0.0018707107164586,0.9993121902765276,0.9972337860329984,0.9954049204818644,57.34004135035183,47.80511624332134,0,0,-1.254869831818404,-0.7954509316324009,0,7642.669921875,0,96.6500015258789,56.0,0,,1,1,9.0,1,,1,,1
2019-03-23,-0.8966012874107421,-0.901068040888854,-0.890980168994114,-0.8964725295186066,-0.724353773526767,0.0018102844751162,0.9990763689733662,0.997065102234272,0.9951979500901146,59.710635907865424,54.303369266541054,0,0,-1.3021120240915294,-0.8033089938955627,1,7642.669921875,1,96.6500015258789,50.0,0,,1,1,9.0,1,,1,,0
2019-03-24,-0.8970185120543893,-0.9013440528011404,-0.8912840483091995,-0.8960921862382856,-0.7434476354468649,0.0017090290782736,0.9996118244007696,0.9977116892525562,0.995830500944441,55.6041667364724,45.58718058404933,0,0,-1.3011501909091396,-0.8115534053551045,1,7642.669921875,1,96.6500015258789,44.0,0,,1,1,9.0,1,,1,,0
2019-03-25,-0.8988238006669272,-0.9013999258955532,-0.8935281163835805,-0.896429778563967,-0.6899949733827443,0.001466210184838,1.0013734608937543,0.9997403902065086,0.9979193918589312,41.392058833488136,23.669244150766488,0,0,-1.2798269890785805,-0.8696791401382798,0,7637.5400390625,0,96.56999969482422,46.0,0,,1,1,9.0,1,,1,,1
2019-03-26,-0.8981514413339626,-0.9030158060193768,-0.8931946880792554,-0.8981064408734138,-0.6746908318940814,0.0013128940164303,1.0005282792115902,0.9990670978540072,0.9972834700195058,47.1923609162137,38.3810163620303,0,0,-1.2753386904624986,-1.4015011431711384,0,7691.52001953125,0,96.73999786376952,43.0,0,,1,1,9.0,1,,1,,1
2019-03-27,-0.8950360387020443,-0.8999504028836732,-0.8921666763140954,-0.8976477108985252,-0.6663558180798302,0.00142633490337,0.997509288083641,0.995926127162142,0.9940649602616296,65.46535722988368,71.87298075260381,0,0,-1.162344744832872,-1.3747112721511794,0,7643.3798828125,0,96.7699966430664,44.0,0,,1,1,9.0,1,,1,,0
2019-03-28,-0.8955846416762093,-0.8997148758494897,-0.8902244376506133,-0.8944907706806458,-0.7342498017629332,0.0014551953621118,0.998409364003043,0.9967922971183936,0.994882045551069,61.16496906930042,63.738818834981785,0,0,-1.1522715655958709,-1.3791544592582836,0,7669.169921875,0,97.1999969482422,49.0,0,,1,1,9.0,1,,1,,1
2019-03-29,-0.8946905963262919,-0.8991558440389484,-0.8904162859057763,-0.8950799015088,-0.6654084436258056,0.0015325432666793,0.9978098495380572,0.9961073233876436,0.9941271180382536,65.43457081069089,70.89597295791441,0,0,-1.1570036768548837,-1.3772096525629696,0,7729.31982421875,0,97.27999877929688,50.0,0,,1,1,9.0,1,,1,,1
2019-03-30,-0.8944374901852205,-0.8936461728087126,-0.8898001606296282,-0.894351718203622,-0.7175856728689202,0.0015958693995551,0.997907148771518,0.9961335513248298,0.9940857921655142,66.63289221399585,72.91399215451469,0,0,-1.2432262137534282,-1.3773347838070276,1,7729.31982421875,1,97.27999877929688,57.0,0,,1,1,9.0,1,,1,,0
2019-03-31,-0.8944758536123426,-0.8991701975683248,-0.8885503036780398,-0.8939448084717263,-0.7478352087232185,0.0016242370148917,0.9982647951460628,0.9964585122930764,0.994357388027388,66.23132575378958,71.90638071608808,0,0,-1.2540042052316027,-1.3768353696219042,1,7729.31982421875,1,97.27999877929688,56.0,0,,1,1,9.0,1,,1,,1
2019-04-01,-0.8928635903148855,-0.8976093319689054,-0.8884632131190555,-0.8939476724575222,-0.6988830760132432,0.0017565661273898,0.9970076045499672,0.9950558494704732,0.9928545732309187,73.86804938500538,84.16684604522642,1,0,-1.226851996309401,-1.3659637129272637,0,7828.91015625,0,97.25,62.0,0,,1,0,12.0,1,,1,,1
2019-04-02,-0.870817581546312,-0.8753368371537958,-0.8866466183977433,-0.8923726443523449,-0.2080182976921248,0.0035988809050179,0.9765381519829384,0.9726128821277732,0.9695434198804872,94.27944956341756,98.23225232188643,1,0,0.742623646868019,-0.066174367018833,0,7848.68994140625,0,97.36000061035156,60.0,0,,1,1,12.0,1,,1,,1
2019-04-03,-0.8679722592312291,-0.8632823968202625,-0.8642156405337509,-0.8702844074842166,-0.1382928967445696,0.0052282543097186,0.9773549434094962,0.9716348089449376,0.9676514713806346,94.87552318367293,98.46665611858847,1,0,0.7394547990693069,-0.0988702176902451,0,7895.5498046875,0,97.08999633789062,71.0,0,,1,1,12.0,1,,1,,0
2019-04-04,-0.8695064532528086,-0.8706116787653624,-0.8654541774588861,-0.8674937516580511,-0.3427858203756301,0.006322861820971,0.9822434162045548,0.97527734126583,0.9705279398447872,89.09943573525734,89.89675277726384,1,0,0.7278485846341283,-0.1127138686910237,0,7891.77978515625,0,97.30999755859376,61.0,0,,1,1,12.0,1,,1,,1
2019-04-05,-0.8660276272531487,-0.8709017286642015,-0.8628824587730914,-0.8689754317261962,-0.405016259505028,0.0073859180782389,0.9815884895091992,0.9734393622459828,0.9679110029500204,90.59718107382682,92.00144818760695,1,0,0.7165913391387122,-0.1058645381726866,0,7938.68994140625,0,97.4000015258789,59.0,0,,1,1,12.0,1,,1,,1
2019-04-06,-0.8653208720947784,-0.866323642584439,-0.860620700784803,-0.8654932277464906,-0.4009480387081661,0.008191006234564,0.9836950130447448,0.9746198217825752,0.96836968736465,90.8905835274953,92.42869053062935,1,0,0.7144474749563553,-0.1069385680044704,1,7938.68994140625,1,97.4000015258789,65.0,0,,1,1,12.0,1,,1,,1
2019-04-07,-0.8610723313621438,-0.8654410179390775,-0.858811121291152,-0.8646989191859333,-0.4130193797211962,0.0090673434384526,0.9820584389514474,0.9720065666646652,0.9649921027021762,92.5113728989918,94.69843348375971,1,0,0.6969923324401767,-0.0997453266057492,1,7938.68994140625,1,97.4000015258789,69.0,0,,1,1,12.0,1,,1,,1
2019-04-08,-0.8582963525823217,-0.8629267286905016,-0.8557697619639442,-0.860512413365941,-0.3910791207085037,0.0098720464673716,0.9820815510240568,0.9711120513324332,0.96332112992889,93.3970911368975,95.79630590446072,1,0,0.6337211593752999,-0.0989382336183335,0,7953.8798828125,0,97.0500030517578,65.0,0,,1,1,12.0,1,,1,,0
2019-04-09,-0.8608871666715162,-0.8637959390967527,-0.855172465437363,-0.8577604660977969,-0.49807567475754,0.0101833352211773,0.9873174525186064,0.9759198171888348,0.9675102933589612,82.84523349581355,76.16813511876228,1,0,0.6928068076158914,-0.0798957193572173,0,7909.27978515625,0,97.01000213623048,64.0,0,,1,1,12.0,1,,1,,1
2019-04-10,-0.8572338855227037,-0.8598363903335197,-0.8543650613238818,-0.8603819677628973,-0.4636500795416277,0.0106026028524554,0.985686240263859,0.9738141297684482,0.9647891280337214,85.50896128920422,82.79569633492079,1,0,0.6914388493636372,-0.0911695486610447,0,7964.240234375,0,96.9499969482422,62.0,0,,1,1,12.0,1,,1,,0
2019-04-11,-0.8651782025067445,-0.8618630264935602,-0.8598409476011292,-0.856686247675477,-0.4174100986050534,0.0101765268172374,0.9956142534230792,0.9840898128252574,0.9747343607612228,61.53464995841492,45.83664820422788,0,0,0.9002950693947795,0.0371301289052362,0,7947.35986328125,0,97.18000030517578,65.0,0,,1,1,12.0,1,,1,,1
2019-04-12,-0.8644129475967516,-0.8694059382685189,-0.8617517164392263,-0.8647475920278694,-0.5441340861818862,0.0097877807218696,0.9955402249589472,0.9844430514056608,0.9748710747330966,62.697100715246464,48.77358931424657,0,0,0.902390820014326,0.0345111384228422,0,7984.16015625,0,96.97000122070312,42.0,0,,1,1,12.0,1,,1,,1
2019-04-13,-0.864197667914149,-0.8686891423843264,-0.8584635334634632,-0.8639029250504023,-0.6696045209456647,0.009388839217594,0.996013664554853,0.9853512593142008,0.9755989766754888,63.05947119432606,49.79470485788995,0,0,0.903254140726544,0.0358155417799057,1,7984.16015625,1,96.97000122070312,62.0,0,,1,1,12.0,1,,1,,1
2019-04-14,-0.8620246452688469,-0.8669790617203167,-0.8587129688417972,-0.8636918701804808,-0.6885812509466053,0.0091426294270592,0.9945022870189824,0.9841220757029256,0.974171740372034,66.81414605146016,60.41451735593068,0,0,0.8904189881469815,0.0367298670352224,1,7984.16015625,1,96.97000122070312,51.0,0,,1,1,12.0,1,,1,,0
2019-04-15,-0.8650981494300086,-0.8666006158016069,-0.8596303237420635,-0.8615056794397512,-0.6050695902868933,0.0086003606902562,0.9983479244217252,0.9885366376038974,0.9785029162679104,57.30804775979705,43.186831140535794,0,0,0.95001503215386,0.0576215593523114,0,7976.009765625,0,96.94000244140624,60.0,0,,1,1,12.0,1,,1,,1
2019-04-16,-0.8599523788250263,-0.8653280389317778,-0.8586623893540496,-0.8645833305092054,-0.634612091340353,0.0084879852815886,0.9935698097775352,0.9839206680429452,0.9737257162596096,66.51222036960881,65.28505836767397,0,0,-0.4993331048373632,0.0721330321192114,0,8000.22998046875,0,97.04000091552734,50.0,0,,1,1,12.0,1,,1,,1
2019-04-17,-0.8594520582822743,-0.8642661125804953,-0.8535620151548566,-0.8594034840324394,-0.5985439861432776,0.0083431243034892,0.9940635421514028,0.9845626462625564,0.974184609884918,67.30306577060678,66.95152453659318,0,0,-0.520387861404244,0.071545618754336,0,7996.080078125,0,97.01000213623048,61.0,0,,1,1,12.0,1,,1,,1
2019-04-18,-0.8580331931947961,-0.8628921657439973,-0.8525886143556782,-0.85893470027408,-0.5625555666339629,0.0082477367144809,0.9935807415013556,0.9841811515484198,0.97362340491965,69.64851411145531,72.02872023330346,0,0,-0.5409543306364568,0.0715256397695606,0,7998.06005859375,0,97.47000122070312,64.0,0,,1,1,12.0,1,,1,,1
2019-04-19,-0.8578674190388724,-0.8623903939486521,-0.853122621988554,-0.8575088530123607,-0.5395131750326316,0.0080922356960498,0.9944001944865396,0.9851592578359788,0.9744504351123148,69.93921263053855,72.68249471957967,0,0,-0.5754450629059108,0.0728296854727427,1,7998.06005859375,1,97.47000122070312,61.0,0,,1,1,12.0,1,,1,,1
2019-04-20,-0.8568265500517556,-0.8617348280486703,-0.8511776728962029,-0.8573253640057237,-0.5663762087756352,0.0079612174874643,0.9942347585010554,0.985134140501714,0.9742894701345012,71.8897518699533,77.15305321118754,1,0,-0.5747681485419679,0.0537473890073011,1,7998.06005859375,1,97.47000122070312,62.0,0,,1,1,12.0,1,,1,,0
2019-04-21,-0.8575399874867009,-0.8616917234313101,-0.8523761379906067,-0.8563563970613999,-0.5416422941592101,0.0077109293806572,0.9958190317664688,0.9869812823432595,0.9760537736850252,68.38065522642812,67.11521296209354,0,0,-0.6346123778093444,0.0563929689247715,1,7998.06005859375,1,97.47000122070312,62.0,0,,1,1,12.0,1,,1,,1
2019-04-22,-0.8549485171024858,-0.8598052469906396,-0.8516628320715333,-0.8570707676017502,-0.5033758869282107,0.0076336878532026,0.993909149258294,0.9851663463072822,0.9741316113281268,73.75076597822003,79.82664332457247,1,0,-0.6396701160304157,0.0563032750284253,0,8015.27001953125,0,97.27999877929688,61.0,0,,1,1,12.0,1,,1,,1
2019-04-23,-0.8496638804374306,-0.8534597101585935,-0.8482690714379166,-0.8544169267637054,-0.447692291777304,0.0079077438508058,0.9896282633946444,0.9805965965713018,0.9693224888992868,81.24545600837698,90.16418601254875,1,0,-0.5920043884333115,0.0656901741780518,0,8120.81982421875,0,97.56999969482422,68.0,0,,1,1,12.0,1,,1,,0
2019-04-24,-0.8529476078263759,-0.8532119723509528,-0.8473717600452538,-0.8491581118452569,-0.3957461339981821,0.0077703935859829,0.9944545743558872,0.9855261715887204,0.9740974396132296,67.43990198198536,63.29305676835525,0,0,-0.5761224077004597,0.0749166759385644,0,8102.009765625,0,98.0999984741211,65.0,0,,1,1,12.0,1,,1,,0
2019-04-25,-0.8607174099980803,-0.8562118746670176,-0.8547395864110315,-0.8523652836890083,-0.4713187610416823,0.0069544182071283,1.0029712824259625,0.9949087409702088,0.983627715229339,46.06794230144027,32.62144316929576,0,0,-0.6026805839056528,0.187883231496129,0,8118.68017578125,0,98.1999969482422,58.0,0,,1,1,12.0,1,,1,,1
2019-04-26,-0.8586147451621621,-0.8609790809712622,-0.8548630513809734,-0.8601925867021492,-0.406125699860052,0.0064036025757671,1.000440897609695,0.9930315408204607,0.981947781399464,50.924210951613,42.64949612554768,0,0,-0.5907227350928085,0.179340594607982,0,8146.39990234375,0,98.01000213623048,41.0,0,,1,1,12.0,1,,1,,0
2019-04-27,-0.8589525133609105,-0.863169784723223,-0.8531132683516726,-0.858079606598325,-0.5689443295259838,0.0058721318678116,1.0007059895728745,0.9939064632570628,0.9830150820935905,50.08824584785754,41.33194287384382,0,0,-0.5885771029500201,0.1775030016674693,1,8146.39990234375,1,98.01000213623048,42.0,0,,1,1,12.0,1,,1,,1
2019-04-28,-0.8584378438224776,-0.8627044397785036,-0.8524276285468818,-0.8583155870946259,-0.5817593450086072,0.0054298748162934,1.000090015584214,0.9938033478258675,0.9831036053300848,51.48837242444478,44.79666216161341,0,0,-0.6037643310245651,0.1784036984851394,1,8146.39990234375,1,98.01000213623048,40.0,0,,1,1,12.0,1,,1,,0
2019-04-29,-0.8595921325218171,-0.8631540075820374,-0.853646531945251,-0.8579150318312146,-0.5414818681765269,0.0049294182008684,1.0012137726895909,0.995498059012898,0.9850271432998516,48.0036169168338,38.07297001766835,0,0,-0.6468086857506259,0.1851477999343059,0,8161.85009765625,0,97.86000061035156,42.0,0,,1,1,12.0,1,,1,,1
2019-04-30,-0.8564343093662847,-0.8615915569302942,-0.8534070120293904,-0.8590493939552467,-0.5351697158009594,0.0047330529766792,0.9979140187539552,0.9924407719775404,0.9821245634967588,57.15669874432589,59.98221165950751,0,0,-0.7212086933113907,0.1866126469475398,0,8095.39013671875,0,97.4800033569336,42.0,0,,1,1,12.0,1,,1,,1
2019-05-01,-0.8548467317110854,-0.8599460231192468,-0.8495677996237639,-0.8558970704228037,-0.5439439425915654,0.0046519120245049,0.9966676723937749,0.991291231524281,0.9810617577037696,61.126285768984005,67.65338565645109,0,0,-0.7139403285718309,0.1861032347602836,0,8049.64013671875,0,97.69000244140624,51.0,0,,1,0,16.0,1,,1,,1
2019-05-02,-0.851712967734382,-0.8568122866166965,-0.848119534723615,-0.8543235339768951,-0.5014916082881787,0.0047853136809201,0.9940824177727352,0.9885610959789032,0.9783298681656402,67.9002546838486,78.50038271871956,0,0,-0.6867824802923096,-0.8137799794832248,0,8036.77001953125,0,97.83000183105467,50.0,0,,1,1,16.0,1,,1,,1
2019-05-03,-0.843678783079886,-0.8464840269693873,-0.8451346312761567,-0.8511730153521672,-0.322153436497716,0.0054762007781178,0.9870277779533552,0.9807444824683752,0.9702770074167256,78.81873984147907,89.9828982180996,1,0,-0.4941614942236237,-0.7250158713261743,0,8164.0,0,97.5199966430664,63.0,0,,1,1,16.0,1,,1,,1
2019-05-04,-0.8417580163752876,-0.8458524716768285,-0.8403061502944991,-0.8431187116315227,-0.372879783173598,0.0061083107961965,0.987091868973389,0.9800716723461472,0.9692817881567332,80.63569202812835,91.44017700126923,1,0,-0.4919602472244901,-0.7364372917802471,1,8164.0,1,97.5199966430664,66.0,0,,1,1,16.0,1,,1,,0
2019-05-05,-0.842841201475447,-0.8474464325817118,-0.8383604875318014,-0.8412287644215475,-0.4942601375463012,0.0064475353801919,0.9901348590376003,0.9826916605979452,0.971652032754908,76.3727809412606,82.42402604226567,1,0,-0.4880080536686667,-0.7467813554794009,1,8164.0,1,97.5199966430664,67.0,0,,1,1,16.0,1,,1,,0
2019-05-06,-0.8443350184374544,-0.8483753613019018,-0.8400505803880803,-0.8424316384557887,-0.4534176548502424,0.006520668554385,0.9931288932443976,0.9855697891949134,0.9743915606706732,70.44651563405347,69.77351267635026,1,0,-0.4800428708468451,-0.737512347560929,0,8123.2900390625,0,97.5199966430664,57.0,0,,1,1,16.0,1,,1,,1
2019-05-07,-0.8418089090709877,-0.8428081291900565,-0.8373230386151448,-0.8438397797219892,-0.3527023748457304,0.0067051700100735,0.9916592004086549,0.9838877110277708,0.9725642296410014,74.33271508619084,77.54442494974063,1,0,-0.5472018548392992,-0.7613342927527228,0,7963.759765625,0,97.62999725341795,69.0,0,,1,1,16.0,1,,1,,1
2019-05-08,-0.837136476333927,-0.8427539438828404,-0.835664909079703,-0.8406662597113387,-0.471744550621192,0.0071460399158049,0.9882600180433352,0.979992726562212,0.968412978269461,79.95751195778388,86.25760144877992,1,0,-0.5628108354008801,-0.7444378752335192,0,7943.31982421875,0,97.62000274658205,63.0,0,,1,1,16.0,1,,1,,1
2019-05-09,-0.8312691690168114,-0.8369511407075804,-0.829830942502226,-0.8366082603373407,-0.4073339216792486,0.00787806176564,0.9841597957069032,0.9750653330549828,0.9630748938246544,84.78771215490619,91.6695624474004,1,0,-0.8977333234917569,-0.7295603160732178,0,7910.58984375,0,97.37000274658205,69.0,0,,1,1,16.0,1,,1,,1
2019-05-10,-0.8250276840430916,-0.8293893697452509,-0.8242581337181358,-0.8306967997390788,-0.291396648061053,0.0088597009135211,0.980273644220804,0.9700619608424462,0.9575017879225284,88.26038797050568,94.65508674260292,1,0,-0.8433810622522427,-0.7062144713175346,0,7916.93994140625,0,97.33000183105467,71.0,0,,1,1,16.0,1,,1,,1
2019-05-11,-0.7997977793077068,-0.8023863449754995,-0.8175976154036261,-0.8244695250404579,0.1242555288379499,0.0115404681346151,0.9576188721410644,0.9445671219373216,0.930840934592358,94.31425362734792,98.17679871234331,1,0,0.1100945857800189,-0.2704364799405939,1,7916.93994140625,1,97.33000183105467,76.0,0,,1,1,16.0,1,,1,,0
2019-05-12,-0.8068970269577537,-0.7972504819182855,-0.8039123335773412,-0.7993018769449384,0.0761148017097551,0.0129429472772393,0.9711812343471932,0.9562841152179596,0.9413514056072716,80.78818708799972,78.71776109585836,1,0,0.2817868582651459,-0.1932987568663545,1,7916.93994140625,1,97.33000183105467,75.0,0,,1,1,16.0,1,,1,,1
2019-05-13,-0.7811593885290415,-0.7809131127946497,-0.8013464153611711,-0.8063993409111131,0.1159012878778409,0.015947402693526,0.94893309977184,0.9308992446020165,0.9145052131296942,87.99206964000163,89.13113902286293,1,0,0.695453050819626,0.1805411428785997,0,7647.02001953125,0,97.31999969482422,78.0,0,,1,1,16.0,1,,1,,1
2019-05-14,-0.7756760734622496,-0.7742614407179603,-0.7765269802456761,-0.7808386555148964,0.2634512630955622,0.0185569994188106,0.9507156137918262,0.9295728662704672,0.911370896507704,89.00550482880729,90.45746779925504,1,0,0.6929024915532107,0.182856303912368,0,7734.490234375,0,97.52999877929688,78.0,0,,1,1,16.0,1,,1,,1
2019-05-15,-0.7692381176245902,-0.775833108155438,-0.7702229630459485,-0.7752942773460572,0.1012263062096509,0.0209036486075072,0.951191713296946,0.9272246766967772,0.9072290284355709,90.13358484106452,91.98802709541896,1,0,0.6728504393585604,0.1453055832360774,0,7822.14990234375,0,97.56999969482422,77.0,0,,1,1,16.0,1,,1,,0
2019-05-16,-0.779021239014615,-0.7726951154938702,-0.7754939955648039,-0.7690278316750413,0.313418522885366,0.0217235532614697,0.9687603318160868,0.9432780884947588,0.921703290717339,76.39057798201343,69.42604945888793,1,0,0.903962567031692,0.2348259583097217,0,7898.0498046875,0,97.83999633789062,75.0,0,,1,1,16.0,1,,1,,0
2019-05-17,-0.795547881237643,-0.7844679155117268,-0.7969976271436792,-0.7784240022405801,0.1770093176810246,0.0208000022202988,0.9909415971826352,0.9659159984555028,0.9434302136521568,58.88877691951143,44.7203566153176,0,0,1.2707303527911926,0.451561014518762,0,7816.27978515625,0,98.0,65.0,0,,1,1,16.0,1,,1,,0
2019-05-18,-0.7977683062823984,-0.7989517273832312,-0.7903619809999681,-0.7950812867106574,-0.206291984123416,0.0196622573585999,0.9946703145482824,0.97086924367059,0.9480687059529944,56.86893473236336,42.04037744058823,0,0,1.299668589366219,0.4644705959849924,1,7816.27978515625,1,98.0,67.0,0,,1,1,16.0,1,,1,,1
2019-05-19,-0.7694665679549957,-0.7744649731774604,-0.7898501578857351,-0.7973328121273539,-0.0061961913578403,0.0208044790302969,0.9654158768340562,0.9408571848442928,0.9175136017983456,71.33082364703506,71.28515652666215,1,0,1.6756751478683818,0.7871156208561709,1,7816.27978515625,1,98.0,70.0,0,,1,1,16.0,1,,1,,0
2019-05-20,-0.7761681008224667,-0.7762976752504059,-0.7770745931685615,-0.7689538155421308,-0.0967829342094464,0.0209276987548162,0.9777615170367046,0.9526466732850044,0.9282162067697688,65.34459305883823,61.489694817128246,0,0,1.7353895877221424,0.8304248693824704,0,7702.3798828125,0,97.93000030517578,73.0,0,,1,1,16.0,1,,1,,0
2019-05-21,-0.7766257472730739,-0.7804696210250238,-0.7719571971723813,-0.775642699118029,-0.0403002003297358,0.0207492387223563,0.981609349829666,0.9565237310324834,0.9313653554025888,64.91532625937295,60.72985381919311,0,0,1.755730519278327,0.8282347061640499,0,7785.72021484375,0,98.05999755859376,68.0,0,,1,1,16.0,1,,1,,0
2019-05-22,-0.7852786838899757,-0.7824099892447023,-0.7790273622657732,-0.7763049212503471,-0.0582401755549428,0.0196826982976009,0.993685658349997,0.9695380183768498,0.943898799365061,56.7780436747542,46.30477172944315,0,0,1.871886992098405,0.8902393674962774,0,7750.83984375,0,98.11000061035156,69.0,0,,1,1,16.0,1,,1,,1
2019-05-23,-0.7791147908866639,-0.7840276965816212,-0.7816019660019047,-0.7848288440585415,-0.0697829723684696,0.0191144920129702,0.988031324061796,0.9646482815116778,0.9388280882436272,60.81531543988174,56.188754187091014,0,0,1.8672818597323255,0.885285377885301,0,7628.27978515625,0,97.8499984741211,65.0,0,,1,1,16.0,1,,1,,1
2019-05-24,-0.7758912636500768,-0.7781085681774892,-0.7725446693433417,-0.7785837887814381,-0.005461254936174,0.0187086346519989,0.9863800191042712,0.963464937259061,0.9373351124615656,62.90610426723922,61.172447184948496,0,0,1.858579913133512,0.8593818949889779,0,7637.009765625,0,97.61000061035156,64.0,0,,1,1,16.0,1,,1,,1
2019-05-25,-0.7739004076204212,-0.7787936923680272,-0.7681434795010472,-0.775217576226463,-0.1665852151875961,0.0183362661504469,0.9862997874971544,0.9637775479635314,0.9373218328239096,64.26487305573366,64.49801327460733,0,0,1.388081431799926,0.7606002323823622,1,7637.009765625,1,97.61000061035156,69.0,0,,1,1,16.0,1,,1,,1
2019-05-26,-0.7549404024499955,-0.7616732193379879,-0.7694279950178666,-0.773283177570282,0.0279241427534211,0.0193480431938752,0.9677736322288238,0.9443512152256184,0.9174393446141422,74.5208082188038,82.9937463569681,1,0,1.46760989291839,0.8521071555649451,1,7637.009765625,1,97.61000061035156,67.0,0,,1,1,16.0,1,,1,,1
2019-05-27,-0.7508909428455878,-0.7550710067643642,-0.7462901494523945,-0.7543773211688601,0.0838802002906917,0.0202432892995467,0.9681557656100004,0.9435291476612312,0.9156595632319948,76.20384371746792,85.19083165637426,1,0,1.0101861974933966,0.8427822573842076,1,7637.009765625,1,97.61000061035156,70.0,0,,1,1,16.0,1,,1,,0
2019-05-28,-0.7535124238112064,-0.7580814907723313,-0.7473469585752589,-0.7504460829995122,-0.079910146728357,0.0205048791993306,0.9758089324504892,0.9505674687916226,0.9217895105547154,72.62068918136518,76.64400614948137,1,0,1.01298939768695,0.8565327448908533,0,7607.35009765625,0,97.95999908447266,71.0,0,,1,1,16.0,1,,1,,0
2019-05-29,-0.7553597749682561,-0.7596193437602353,-0.7520736124645012,-0.7530172859140737,-0.1130578036008456,0.0203287876701165,0.9814928607038962,0.9562342722924462,0.9268098795191791,69.94642184933193,70.04149877378502,0,0,0.9988526504153245,0.8562644930295347,0,7547.31005859375,0,98.13999938964844,71.0,0,,1,1,16.0,1,,1,,0
2019-05-30,-0.7657463894614542,-0.7520310231714827,-0.760204291692769,-0.7547534281368581,0.1409281954700816,0.0191305952854331,0.9957565925780176,0.9715865068060212,0.941786466896242,56.45846966126801,42.55787768206571,0,0,0.999868105211597,0.9361200981322566,0,7567.72021484375,0,98.13999938964844,73.0,0,,1,1,16.0,1,,1,,1
2019-05-31,-0.7579558692492084,-0.7647048373769385,-0.761719459391782,-0.7651851980662514,-0.0298317404682782,0.0185952940860406,0.9878104319248042,0.9644378345183676,0.9346899510673604,62.685715192856826,58.74651642997956,0,0,0.7162764688110526,0.9412145368111774,0,7453.14990234375,0,97.75,61.0,0,,1,1,16.0,1,,1,,0
2019-06-01,-0.7582761710509273,-0.7635343642942988,-0.7521093870886781,-0.7574393396491789,-0.1564007642772786,0.0179384352352565,0.990020891354218,0.9673644533272824,0.937471448747952,62.263275136533245,57.85272672709851,0,0,0.7005491698404839,0.947595695118458,1,7453.14990234375,1,97.75,62.0,0,,1,0,21.0,1,,1,,1
2019-06-02,-0.7528099494862669,-0.758012746465993,-0.749632222131555,-0.7576949205482698,-0.2541617844711198,0.0176554274828457,0.985479062153783,0.9632170482665644,0.9332492032222648,66.68428425755877,68.69153603133995,0,0,-0.0757322134641242,0.9219309379798434,1,7453.14990234375,1,97.75,63.0,0,,1,1,21.0,1,,1,,0
2019-06-03,-0.7691212076161208,-0.7599906275906674,-0.7607356875958663,-0.7523099112556934,-0.1776852589569661,0.0159313133247823,1.0057745159896176,0.9852485676297428,0.9552130489118874,47.51719587572437,33.95230021195499,0,0,0.1732871141486654,1.064974275368335,0,7333.02001953125,0,97.13999938964844,66.0,0,,1,1,21.0,1,,1,,0
2019-06-04,-0.78443237654492,-0.7759965740145317,-0.7806288537077598,-0.7685242475059443,-0.0630682722024748,0.0131775544165972,1.021741796237998,1.004500472263922,0.9752143997395764,36.23626629654729,20.791867743366012,0,0,0.4232891747006179,1.1878910306170258,0,7527.1201171875,0,97.06999969482422,42.0,0,,1,1,21.0,1,,1,,1
2019-06-05,-0.7808747951427699,-0.7852883708826116,-0.7773890940242294,-0.784001748827259,-0.1884019424861533,0.0111536751056084,1.014437967192016,0.999948917743582,0.9719048252518572,40.05187716888204,29.28377534510767,0,0,0.3604534081258559,1.1805469452636626,0,7575.47998046875,0,97.37000274658205,27.0,0,,1,1,21.0,1,,1,,0
2019-06-06,-0.7809422443719481,-0.784221586639485,-0.780411715708723,-0.7804797324616732,-0.2889885436547706,0.0094355267028696,1.0122634792403942,1.0000326756812423,0.9730576587909872,39.999515302454064,29.20462587424079,0,0,0.3199604663129527,1.1826384880195748,0,7615.5498046875,0,97.02999877929688,34.0,0,,1,1,21.0,1,,1,,1
2019-06-07,-0.7741628957971302,-0.7785463948526987,-0.7736665287590644,-0.7802576989795343,-0.3036471848732908,0.0085226744023859,1.0029396877208654,0.9919869092726892,0.9659511264874354,47.898975050065395,48.02935598421019,0,0,0.3576511334121512,1.184314797525018,0,7742.10009765625,0,96.61000061035156,27.0,0,,1,1,21.0,1,,1,,0
2019-06-08,-0.7769067757841192,-0.7800270832220743,-0.7721353566229197,-0.7738462341944202,-0.4188572394748221,0.0074914672232456,1.0054897980739266,0.9958345632936324,0.9705403739768576,45.12450442385174,42.00220766300268,0,0,0.3609034141471484,1.1822329422966702,1,7742.10009765625,1,96.61000061035156,62.0,0,,1,1,21.0,1,,1,,0
2019-06-09,-0.7850339753420108,-0.783060374371811,-0.7800463620447494,-0.7765070709144349,-0.4149855039896928,0.0059498449133381,1.0135121207362976,1.005786172389479,0.9814362445035568,37.667786290177794,28.084100361764627,0,0,0.000116538448726,1.2074817341903934,1,7742.10009765625,1,96.61000061035156,62.0,0,,1,1,21.0,1,,1,,1
2019-06-10,-0.7754954282577876,-0.7813791035014269,-0.7799371704817373,-0.7843701290002455,-0.323539498054356,0.005435126404735,1.001013042279199,0.9940391755537584,0.9706718827479166,49.065903084407154,52.64163642952554,0,0,0.1237086629678523,0.902205261631536,0,7823.169921875,0,96.76000213623048,46.0,0,,1,1,21.0,1,,1,,0
2019-06-11,-0.777713645764746,-0.7815448882333647,-0.7741507161279655,-0.7748400372655672,-0.3931395753223047,0.0047929663315738,1.003278014614249,0.997112771123765,0.9744630304293468,46.77098657519389,47.60151200351725,0,0,0.1234639120048853,0.8717734843946435,0,7822.56982421875,0,96.69000244140624,61.0,0,,1,1,21.0,1,,1,,1
2019-06-12,-0.7710499095241519,-0.7764275027768508,-0.7713657162999001,-0.7772476051583573,-0.3083542386989475,0.0047668088651664,0.995496096340209,0.989406903257328,0.9673990336990378,54.19680673673972,62.12611183461059,0,0,0.1958780204359819,0.5480279688851329,0,7792.72021484375,0,97.0,60.0,0,,1,1,21.0,1,,1,,1
2019-06-13,-0.7684513392210759,-0.772973350882333,-0.7643780029082404,-0.7705233841743848,-0.3244135918950129,0.0048992858730394,0.9933421150770066,0.9870907860715172,0.965496534335646,56.90211375913076,66.89708590724743,0,0,0.1118199905636305,0.536980348782376,0,7837.1298828125,0,97.01000213623048,63.0,0,,1,1,21.0,1,,1,,1
2019-06-14,-0.7543105978828084,-0.7609784087165825,-0.7613822881142568,-0.7679159190230025,-0.2733020010636638,0.0060752824290063,0.9788182167363976,0.9711620740251812,0.949676500709458,68.56135399168541,82.70480235809984,0,0,0.2509331343593663,0.6014884073471732,0,7796.66015625,0,97.56999969482422,67.0,0,,1,1,21.0,1,,1,,1
2019-06-15,-0.7498951941411476,-0.7565151655482412,-0.7478546666966431,-0.7538984985436228,-0.3375405901016103,0.007279639203768,0.9771341831605508,0.9679525997917984,0.9461910600581922,71.3534641081777,85.57303772225333,1,0,0.2646829694252982,0.5543861316191362,1,7796.66015625,1,97.56999969482422,75.0,0,,1,1,21.0,1,,1,,1
2019-06-16,-0.745126315867628,-0.7421856761321479,-0.7417544858954518,-0.7492643606937005,-0.11855409949574,0.0085206880581925,0.9752834404770552,0.96452647517709,0.9423848100582544,74.20807067855223,88.35428687987678,1,0,0.2577547735685356,0.3840665403012755,1,7796.66015625,1,97.56999969482422,80.0,0,,1,1,21.0,1,,1,,1
2019-06-17,-0.7351719611403708,-0.7397648609414431,-0.7363320489718135,-0.7447588635391068,-0.4610824806174668,0.0101899975029137,0.9678748224117916,0.9550622592684452,0.9323621356920446,79.20012828235163,92.42081098427374,1,0,-0.0037525664187807,0.3989848447773055,0,7845.02001953125,0,97.55999755859376,84.0,0,,1,1,21.0,1,,1,,0
2019-06-18,-0.7424602963353738,-0.7418097545560278,-0.7358351825659057,-0.7341722593776274,-0.4485324918609915,0.0108003300437302,0.9808699508009512,0.967071391049844,0.9437665831892268,68.06968126242634,68.92509844769441,0,0,-0.3331919566384964,-0.0020393585308952,0,7953.8798828125,0,97.63999938964844,83.0,0,,1,1,21.0,1,,1,,1
2019-06-19,-0.7366025351276511,-0.7432751354293506,-0.7337984585038917,-0.7420154336453868,-0.461792648751169,0.0116227159194164,0.9771705073233724,0.962332690558294,0.9386646467241774,71.75128206834103,75.57837367263289,1,0,-0.3268271028049353,-0.0278823124492196,0,7987.31982421875,0,97.12000274658205,82.0,0,,1,1,21.0,1,,1,,1
2019-06-20,-0.728854495102203,-0.7344142820000003,-0.7287578504000981,-0.7360787192557067,-0.3606032504773991,0.0127526600016062,0.9718421364869496,0.9555930609717264,0.9313921072673262,75.97839261630112,82.27225660789419,1,0,-0.3256642268920763,-0.0128907849794651,0,8051.33984375,0,96.62999725341795,81.0,0,,1,1,21.0,1,,1,,1
2019-06-21,-0.7099945450908501,-0.7178786639246103,-0.7196589482787826,-0.7283799077719674,-0.2384206530798116,0.0149971118047789,0.954522478359475,0.9356575268619448,0.9106018807849052,83.0867415399612,90.61821713917487,1,0,-0.1488963755566353,0.0278242659431901,0,8031.7099609375,0,96.22000122070312,84.0,0,,1,1,21.0,1,,1,,1
2019-06-22,-0.6929754429495233,-0.6874369708733187,-0.701561240098365,-0.7084969847163929,0.1738663039540735,0.0179423273563757,0.9415437319722032,0.9191368409581714,0.8926677092948342,87.07049592652976,94.0107803821248,1,0,-0.1259059480003862,0.0864306283057714,1,8031.7099609375,1,96.22000122070312,83.0,0,,1,1,21.0,1,,1,,1
2019-06-23,-0.6882809050028998,-0.6847679188770195,-0.6875964424478654,-0.6925879612852497,-0.2219524917628901,0.0204198545067151,0.944587129918154,0.9188376922756474,0.8905801140412698,87.97218368195352,94.7138195271768,1,0,-0.3975698306406378,0.0866704890602156,1,8031.7099609375,1,96.22000122070312,84.0,0,,1,1,21.0,1,,1,,1
2019-06-24,-0.6835236908817947,-0.6901856864252977,-0.6859068354948011,-0.6877901287471856,-0.2979177377328192,0.0225077250016081,0.94708360753892,0.918440676454494,0.8884514490441101,88.87901268647482,95.4374480447246,1,0,-0.4134904960959427,0.0870379153847298,0,8005.7001953125,0,95.9800033569336,80.0,0,,1,1,21.0,1,,1,,1
2019-06-25,-0.6597022698399234,-0.6683935358463416,-0.6735680218452007,-0.6831021121644796,-0.051191656696143,0.0257873069824101,0.9263218783362716,0.8939524987031634,0.8623072877275971,92.25349574254544,97.61617225746284,1,0,-0.3548187021742824,0.0619819337822444,0,7884.72021484375,0,96.16000366210938,87.0,0,,1,1,21.0,1,,1,,1
2019-06-26,-0.6222719152477368,-0.6081114716308824,-0.6502945637294211,-0.6595371177037929,0.8386558987939121,0.0310488048324731,0.8910693837631352,0.8531382668368025,0.8193779923835693,95.00268572136164,98.80834609933632,1,0,0.0180149080436724,0.3167471371088294,0,7909.97021484375,0,96.20999908447266,95.0,0,,1,1,21.0,1,,1,,0
2019-06-27,-0.6782785512443521,-0.6226996181039578,-0.6895942638837583,-0.6217006135239042,0.6130375448606972,0.0303494626146162,0.9755809856194024,0.9347759483865498,0.8968838641045472,58.908337297872535,49.459970881523866,0,0,1.6383497909722309,1.038565549678243,0,7967.759765625,0,96.19000244140624,92.0,0,,1,1,21.0,1,,1,,1
2019-06-28,-0.6408723005783823,-0.6487283200161356,-0.6764510070933907,-0.6783680331435576,0.3979138099388128,0.0324396565128443,0.9330066836963395,0.8909307789275676,0.8525228274584359,68.21473750029307,65.01831521556304,0,0,1.8454545454452984,1.241733797201754,0,8006.240234375,0,96.12999725341795,62.0,0,,1,1,21.0,1,,1,,0
2019-06-29,-0.6545564097401656,-0.6500587953250134,-0.6579825243912613,-0.6405299478048442,0.1707319269542742,0.032615980271908,0.9598797610501386,0.9160644190973928,0.8751628584506385,62.26256792745315,56.53006007808874,0,0,1.97490244594889,1.234039662370733,1,8006.240234375,1,96.12999725341795,74.0,0,,1,1,21.0,1,,1,,0
2019-06-30,-0.6894483046868586,-0.6567473345446407,-0.6800423784906062,-0.6548505629471703,0.0533754727766355,0.0295990345572285,1.0093318334552477,0.9674118399415972,0.9246495064337014,49.543863224221646,39.15249512983569,0,0,2.439148312742873,1.4970974184459371,1,8006.240234375,1,96.12999725341795,78.0,0,,1,1,21.0,1,,1,,0
2019-07-01,-0.6965970578635844,-0.6859613458655329,-0.7021123150816547,-0.6895257339726333,0.1467382257988813,0.0263277488059063,1.0167007760777966,0.9790786924808876,0.9366525857687172,47.26153885676656,36.1193455443566,0,0,2.45465218037353,1.513940435839341,0,8091.16015625,0,96.83999633789062,65.0,0,,1,0,18.0,1,,1,,1
2019-07-02,-0.6899211055861267,-0.6948057323624087,-0.7130410072334545,-0.6958875115875087,0.2187717048904552,0.0239972989111246,1.0058804468186826,0.9718771771303956,0.9303146122631964,49.75559395378018,41.739287543602735,0,0,2.4150426360978328,1.5138015016219124,0,8109.08984375,0,96.7300033569336,63.0,0,,1,1,18.0,1,,1,,1
2019-07-03,-0.6544984171256045,-0.6630685525646455,-0.6794469344700308,-0.6888773096885501,0.209119133406137,0.024723715891709,0.9610015533891274,0.9273374514684982,0.8866331254657589,61.03667670347434,64.0897951800213,0,0,2.6469581321440208,1.5817677830276335,0,8170.22998046875,0,96.7699966430664,79.0,0,,1,1,18.0,1,,1,,0
2019-07-04,-0.677281758434197,-0.6619264636597295,-0.668612052007605,-0.6536063699511874,-0.0054099107765045,0.0231936197363054,0.9953035510221292,0.9624974735907548,0.920475275715244,52.31890455630137,48.22434028571749,0,0,2.8287247815085768,1.5862050986516052,1,8170.22998046875,1,96.7699966430664,76.0,0,,1,1,18.0,1,,1,,0
2019-07-05,-0.6845208416710519,-0.680273855246827,-0.677680311857448,-0.6771175155122757,-0.0969995719285286,0.0211530349718803,1.0050230768214996,0.974750086094284,0.932863041301062,49.71562049430743,43.646907137168256,0,0,2.76941365183779,1.609221311948105,0,8161.7900390625,0,97.25,67.0,0,,1,1,18.0,1,,1,,1
2019-07-06,-0.67749213081994,-0.6735018366048147,-0.6743348378557851,-0.683855400095149,-0.2178302450834622,0.0198739208799337,0.9955146279316752,0.9672675476405206,0.9260703776496648,52.370697681744474,49.81385650900987,0,0,2.7062246338144815,1.607979117476496,1,8161.7900390625,1,97.25,72.0,0,,1,1,18.0,1,,1,,1
2019-07-07,-0.6700905847338572,-0.6758867239428473,-0.6691644935936858,-0.6766741347112615,-0.293632968307005,0.0192357192605755,0.9869711965069166,0.9597786136051392,0.9189820585366704,55.2421893922121,56.49802124704967,0,0,2.7122794402608252,1.604444192715248,1,8161.7900390625,1,97.25,67.0,0,,1,1,18.0,1,,1,,1
2019-07-08,-0.6445799796349375,-0.651714265065905,-0.6615589238956759,-0.6696789687377309,-0.1126587021686023,0.0205515272959143,0.9568459704175308,0.9285190007560534,0.8880358896378238,63.898049556192106,73.0148155654587,0,0,2.8326541776516123,1.6603192068808257,0,8098.3798828125,0,97.37999725341795,74.0,0,,1,1,18.0,1,,1,,1
2019-07-09,-0.635786730125758,-0.6386904771779256,-0.6354402595066436,-0.6440870181632433,0.0934747435238594,0.0220496813893376,0.9520252470046088,0.921596766398158,0.8802043770420751,66.47654689659075,77.0240197188369,0,0,2.7275829918976418,1.6106870665543676,0,8141.72998046875,0,97.48999786376952,84.0,0,,1,1,18.0,1,,1,,0
2019-07-10,-0.6485342167981525,-0.6281584796013706,-0.6516821210966924,-0.6353129590122887,0.3336728521153,0.0219552768973347,0.97544829506522,0.9442662395208632,0.9014634942479524,59.38215678328073,59.83958469324333,0,0,2.4626571187003172,1.6478861349114478,0,8202.5302734375,0,97.0999984741211,83.0,0,,1,1,18.0,1,,1,,0
2019-07-11,-0.6729065975099451,-0.6577620909128807,-0.6688498408932635,-0.6485048057528402,0.1122785316327327,0.0196868751798978,1.0102247833311693,0.981224100301804,0.9377188574663112,48.065853754858416,38.14476179347716,0,0,1.8481784192561637,1.7712463140310333,0,8196.0400390625,0,97.0500030517578,62.0,0,,1,1,18.0,1,,1,,1
2019-07-12,-0.6589364630454813,-0.6649498629088532,-0.6682209910266824,-0.6724985627537083,-0.1103647373969875,0.0187997121941151,0.9908901578456316,0.9636473842059778,0.9212042236328936,53.87884079903239,51.565193272589305,0,0,1.485408931919978,1.7816836907470432,0,8244.1396484375,0,96.80999755859376,33.0,0,,1,1,18.0,1,,1,,0
2019-07-13,-0.6718766319696502,-0.6668594106666805,-0.6766380798310224,-0.6584817687712213,-0.2200039528301446,0.0168581355566693,1.0087431121931514,0.9838415973025396,0.9415362142941494,48.12208199955687,40.667876264800014,0,0,1.4846966182222368,1.8277539361447397,1,8244.1396484375,1,96.80999755859376,65.0,0,,1,1,18.0,1,,1,,0
2019-07-14,-0.7065884335963305,-0.6786043842104088,-0.6975949943710642,-0.671682267135531,-0.1565021089414787,0.0123758091661528,1.0510182023165786,1.0320203039867186,0.9905611704572372,36.16276173364853,23.16128638892027,0,0,1.5223832242313833,2.0334010546602013,1,8244.1396484375,1,96.80999755859376,61.0,0,,1,1,18.0,1,,1,,1
2019-07-15,-0.6870675944990804,-0.6905803351010948,-0.7051383684576017,-0.7059945472941164,-0.0290021573763526,0.0102801980569401,1.0185373291799469,1.0032480402881927,0.964587267652876,45.027691440928194,41.91130643951352,0,0,1.653464918635165,2.0863874681606043,0,8258.1904296875,0,96.93000030517578,16.0,0,,1,1,18.0,1,,1,,0
2019-07-16,-0.7303671656302609,-0.6922675645941035,-0.722052477145088,-0.6864792884150792,-0.0832414663252269,0.0050670874047056,1.0691195660988564,1.0612480149197547,1.0243569691376575,33.22062464709488,24.34324196811673,0,0,2.287850008202677,2.4515293434960435,0,8222.7998046875,0,97.4000015258789,34.0,0,,1,1,18.0,1,,1,,1
2019-07-17,-0.7237639726053312,-0.7233317135635027,-0.7309144710803215,-0.7300252974448471,-0.0648197181628094,0.0014517473070267,1.0498510358660242,1.047644881765832,1.0144952623371808,36.16594849045137,30.28516543316935,0,0,1.879665689033301,2.439218600538246,0,8185.2099609375,0,97.22000122070312,19.0,0,,1,1,18.0,1,,1,,1
2019-07-18,-0.6940509911621685,-0.7000761487502182,-0.7242699875718944,-0.7230818025483826,-0.0376701896560646,0.0009729380885618,1.0057065147705977,1.0042906411002108,0.973883792314484,48.06006633516497,52.613800655875416,0,0,2.1595053687441466,2.568873222608921,0,8207.240234375,0,96.79000091552734,40.0,0,,1,1,18.0,1,,1,,0
2019-07-19,-0.6981978210823825,-0.700673155772683,-0.6977488434763958,-0.6938934913103596,-0.2338707798043939,0.000255913800248,1.0098952216249557,1.0095215353715017,0.9804830153742868,46.66001925722531,49.654402066276255,0,0,2.151505821699071,2.569724297773025,0,8146.490234375,0,97.1500015258789,42.0,0,,1,1,18.0,1,,1,,1
2019-07-20,-0.6909761594951694,-0.6907037050069614,-0.6908560937942448,-0.6978079632295279,-0.2567839321159223,0.0002673132018283,0.9995342238223084,0.9991478703850156,0.971471490404458,49.609693719724106,55.470257678149686,0,0,2.15392098846175,2.5664606506646037,1,8146.490234375,1,97.1500015258789,34.0,0,,1,1,18.0,1,,1,,0
2019-07-21,-0.6961091920104308,-0.6969187832269154,-0.692774105627135,-0.6901184298664397,-0.3921144653524633,-0.0001362746266617,1.0058824517249796,1.0060805668461306,0.979506858061888,47.457360056404994,49.99670712726091,0,0,2.1361976095202855,2.51168522833154,1,8146.490234375,1,97.1500015258789,42.0,0,,1,1,18.0,1,,1,,0
2019-07-22,-0.7039293349933861,-0.7026325739730674,-0.7000720682213346,-0.6956350333396966,-0.42714186910305,-0.0010747519994562,1.0145007996538362,1.016074627401893,0.9908794466555546,44.09444772908589,41.64858784786407,0,0,1.9245600033958492,2.473756056015889,0,8204.1396484375,0,97.26000213623048,42.0,0,,1,1,18.0,1,,1,,0
2019-07-23,-0.7174417036808752,-0.7118013384927201,-0.7085097471743945,-0.7032784445981981,-0.3603791740184421,-0.0028756881611952,1.0285984133832171,1.032856761074867,1.009508077347394,38.636003627674526,30.078071108659273,0,0,1.9032829955974435,2.4986212816393767,0,8251.400390625,0,97.70999908447266,40.0,0,,1,1,18.0,1,,1,,0
2019-07-24,-0.7201556029180526,-0.7249649632190408,-0.7168840157579454,-0.7173010560518328,-0.3803170027529179,-0.0044704000428886,1.0273542529257866,1.0339481020873245,1.0127974818913166,37.558537149109775,27.995313281815257,0,0,1.89397230565971,2.493833177466913,0,8321.5,0,97.7300033569336,20.0,0,,1,1,18.0,1,,1,,1
2019-07-25,-0.7171034134292694,-0.717587190413962,-0.7119192389245846,-0.7197032539712559,-0.4496877354975492,-0.0054253939506043,1.0193929871244405,1.0273160886359871,1.0081687528119974,39.739314447949255,34.76863592978984,0,0,1.800206983469694,2.405795598109528,0,8238.5400390625,0,97.81999969482422,42.0,0,,1,1,18.0,1,,1,,0
2019-07-26,-0.7183723001887098,-0.7247328998177129,-0.7136599264530867,-0.7165252142330213,-0.5080357259327157,-0.0062130024351734,1.0178774240370674,1.0269177289695788,1.009558636968068,39.08452396954302,33.04556072124913,0,0,1.7049414852601743,2.205983773362776,0,8330.2099609375,0,98.01000213623048,24.0,0,,1,1,18.0,1,,1,,0
2019-07-27,-0.7303660618613624,-0.7171944496715174,-0.7231901891531879,-0.7178071163753158,-0.4058748618259635,-0.0077160384760567,1.0293493231930897,1.040666238051323,1.0253518692805383,33.13073413698898,20.34099075009543,0,0,1.7129044579518158,1.8327730927113584,1,8330.2099609375,1,98.01000213623048,47.0,0,,1,1,18.0,1,,1,,1
2019-07-28,-0.7280694170994242,-0.7349816133206256,-0.7281417251239501,-0.7294016943709942,-0.5413412412323425,-0.0086224906242174,1.0220068027610878,1.034528295392234,1.021241455342095,35.30806841065872,27.461223899474604,0,0,1.3547823045638971,1.5859855095564994,1,8330.2099609375,1,98.01000213623048,16.0,0,,1,1,18.0,1,,1,,0
2019-07-29,-0.7290993229765353,-0.7317924293395642,-0.7212799517717317,-0.7276740844392265,-0.5390201362635432,-0.009316569663552,1.0197730835898466,1.0332370448745896,1.0217770499723475,34.72305198197107,26.06803484155874,0,0,1.1542129317987695,1.569155203503968,0,8293.330078125,0,98.04000091552734,19.0,0,,1,1,18.0,1,,1,,1
2019-07-30,-0.7264026365678569,-0.7311879373477927,-0.722387416304721,-0.728463768856051,-0.5373322276680139,-0.0095390717653179,1.0135063086575768,1.027177318042577,1.0172798556853633,37.83492168689602,37.19237333345394,0,0,0.1788723864245335,1.3797674604135646,0,8273.6103515625,0,98.0500030517578,22.0,0,,1,1,18.0,1,,1,,1
2019-07-31,-0.7117946728379976,-0.7196499011907785,-0.7173880796052199,-0.7259672384044784,-0.4140706648991316,-0.0084393817553131,0.9941762678290654,1.006034837542812,0.9969465816832348,52.105823452490455,69.90207101881464,0,0,0.2931543452521725,1.4300651927505794,0,8175.419921875,0,98.5199966430664,31.0,0,,1,1,18.0,1,,1,,1
2019-08-01,-0.7022014891932968,-0.7087904435452617,-0.7073148200627721,-0.7115055122953378,-0.3905853095609858,-0.0067163577615119,0.9836863917042672,0.9930294892825996,0.9841466790739336,59.20256200424305,79.32851121508628,0,0,-0.3080237564700375,1.442169916553225,0,8111.1201171875,0,98.38999938964844,57.0,0,,1,0,15.0,1,,1,,1
2019-08-02,-0.6985814255220121,-0.7024473576737531,-0.6933520875009348,-0.7015892299760054,-0.3763416137393836,-0.0050010904904652,0.9818454303698532,0.9887956309886156,0.979877250316726,61.67518294533447,82.14250888576123,0,0,-0.3071346039063566,1.1979582455267572,0,8004.06982421875,0,98.0999984741211,61.0,0,,1,1,15.0,1,,1,,1
2019-08-03,-0.6893086630053976,-0.6937659673908382,-0.6892319015614498,-0.6980077859051566,-0.4703331974985608,-0.0028605200860069,0.9734835235696316,0.9774321540362124,0.9681284334551854,67.49734540283762,87.80996882042956,0,0,-0.2795742925991358,1.1308768050904858,1,8004.06982421875,1,98.0999984741211,61.0,0,,1,1,15.0,1,,1,,1
2019-08-04,-0.6847736345804089,-0.6918896176733474,-0.6856005038869293,-0.6887711035486221,-0.4184977123182133,-0.0007890678425034,0.9720018641213004,0.973091768030844,0.963203487184816,70.06372433501853,89.90018437178523,1,0,-0.2921633745775667,1.125410383446284,1,8004.06982421875,1,98.0999984741211,62.0,0,,1,1,15.0,1,,1,,1
2019-08-05,-0.6592521111188712,-0.6652623236863809,-0.6750130372676018,-0.6845216347908999,-0.0953493753829466,0.0028787620585123,0.9451137416041382,0.9412292540392984,0.929955987363351,80.21024053111495,95.58308818284418,1,0,-0.0022657261262219,1.2402592294631178,0,7726.0400390625,0,97.5,64.0,0,,1,1,15.0,1,,1,,0
2019-08-06,-0.6692559564570116,-0.6538787420724717,-0.6647508828504675,-0.6585300985315257,-0.1059469728614712,0.0049215840102997,0.9654776974267224,0.9586711859990532,0.9461429330493016,69.54877411259463,73.86217570033548,0,0,-0.1108787841788542,1.2500723078173115,0,7833.27001953125,0,97.62999725341795,66.0,0,,1,1,15.0,1,,1,,1
2019-08-07,-0.6550880087069747,-0.6609972414113313,-0.6603048380676727,-0.66877481438863,-0.1693051903502573,0.0075962057701327,0.9530978052284448,0.9426794637897754,0.928804596218899,74.98271783250489,81.71050777425737,1,0,-0.0881604213197398,1.1701924775416974,0,7862.830078125,0,97.54000091552734,45.0,0,,1,1,15.0,1,,1,,1
2019-08-08,-0.6543414731208692,-0.6627276489037522,-0.6564963894093223,-0.6541769892878175,-0.2886814289474773,0.0096646933977238,0.959092467598348,0.9456958367292608,0.9303823587319576,75.25122478848643,82.08836307420059,1,0,-0.0786155880540545,1.1562595827834872,0,8039.16015625,0,97.62000274658205,61.0,0,,1,1,15.0,1,,1,,0
2019-08-09,-0.6575022496039951,-0.6629970197403302,-0.6517204770816971,-0.6541944118680755,-0.3389063424962673,0.0109230226925076,0.9691337966523116,0.9537778510593504,0.9372702001671048,71.50213697082545,73.51445860003257,1,0,-0.0650592950886516,1.1323426166476585,0,7959.14013671875,0,97.48999786376952,60.0,0,,1,1,15.0,1,,1,,0
2019-08-10,-0.673048267739652,-0.6646442413385741,-0.6637194621705673,-0.6570022814422012,-0.3483492149087825,0.0105442761326703,0.9932631832656194,0.9780439329092688,0.960959894751314,55.74177675592037,43.6299596984666,0,0,-0.0378335433583241,1.0678462536416198,1,7959.14013671875,1,97.48999786376952,59.0,0,,1,1,15.0,1,,1,,1
2019-08-11,-0.6678687874358765,-0.6764289879545006,-0.6660705656124455,-0.6726378538962151,-0.4517810487509984,0.0105405525999633,0.9878048799852676,0.9726414939030104,0.9553043735196376,59.19903980206954,52.25240535022447,0,0,-0.0396935194438923,1.0344602502008609,1,7959.14013671875,1,97.48999786376952,45.0,0,,1,1,15.0,1,,1,,0
2019-08-12,-0.6721748583933984,-0.6762904132874542,-0.6638111156644265,-0.6671863762666275,-0.5453663053184616,0.0100740108087812,0.995065658580495,0.9804440649951796,0.9629188699943388,55.072233881227454,44.677089784473296,0,0,-0.0121864903210571,1.0056793485888131,0,7863.41015625,0,97.37999725341795,48.0,0,,1,1,15.0,1,,1,,0
2019-08-13,-0.6870449821524562,-0.6795407978999055,-0.6790684462347867,-0.6715590859131257,-0.411871661406921,0.0084074623727018,1.0144135076823335,1.001975469859254,0.9848303497254745,43.100371765015325,26.79247936801032,0,0,0.1964437830358564,0.7661343899851214,0,8016.35986328125,0,97.80999755859376,45.0,0,,1,1,15.0,1,,1,,0
2019-08-14,-0.7128309626757652,-0.6954859839846922,-0.7040148387495787,-0.6866982043293467,-0.2662770620084984,0.0049489491987267,1.0440556529843403,1.0365422428677558,1.0209202320079152,30.036009379422993,13.91415669866042,0,0,0.5212065843444817,0.839446026065502,0,7773.93994140625,0,97.98999786376952,11.0,0,,1,1,15.0,1,,1,,1
2019-08-15,-0.7048934323788708,-0.7090762519614936,-0.7149867459185295,-0.7126975568832886,-0.1383270589597969,0.0028160828986555,1.027304425436559,1.023105467389224,1.0091740325336434,36.83625679404903,28.09892546109691,0,0,0.5043315636331176,0.2963366851580752,0,7766.6201171875,0,98.13999938964844,13.0,0,,1,1,15.0,1,,1,,1
2019-08-16,-0.7029752610227635,-0.7064631170888384,-0.7093840996401662,-0.7041132964576774,-0.2558339919541481,0.0012659582087888,1.0206603998068084,1.018787802780348,1.006174217434033,38.50294503615092,31.723860445938413,0,0,0.4985538147804279,0.2838555905885904,0,7895.990234375,0,98.13999938964844,31.0,0,,1,1,15.0,1,,1,,0
2019-08-17,-0.7073311805702708,-0.7086189643660867,-0.7021936735011539,-0.7029126300791537,-0.539610094975039,-0.0003104345828884,1.0227389127657014,1.023198186739277,1.0119164589775531,36.013019261223626,27.522550659748447,0,0,0.4500531884329412,-0.0205427677850906,1,7895.990234375,1,98.13999938964844,20.0,0,,1,1,15.0,1,,1,,1
2019-08-18,-0.7038467313155468,-0.7075836316704586,-0.7011862139235251,-0.7067531753649676,-0.5738480617139854,-0.0012640006804595,1.0149368433500543,1.016790116970988,1.0066579282958088,39.61721048541718,36.492983811366955,0,0,0.4451085511301382,-0.0203178727508195,1,7895.990234375,1,98.13999938964844,14.0,0,,1,1,15.0,1,,1,,1
2019-08-19,-0.6864271997167856,-0.6946895538976408,-0.6951498382882046,-0.7031704484671476,-0.4401710392638473,-0.0006070997954021,0.991371054646875,0.992241054198955,0.9824474610634584,54.42507429619921,65.20154911830849,0,0,0.2789645244372045,0.0659081484896994,0,8002.81005859375,0,98.3499984741211,30.0,0,,1,1,15.0,1,,1,,0
2019-08-20,-0.6910955156941707,-0.6937581301876817,-0.6856414716017126,-0.6858776723988464,-0.4835142641750061,-0.0004579166181782,0.998403064392045,0.9990639823272376,0.989550838264554,50.588835776590926,56.134209191145054,0,0,0.2500333996846554,0.0641304527860506,0,7948.56005859375,0,98.19000244140624,39.0,0,,1,1,15.0,1,,1,,0
2019-08-21,-0.7101933129873624,-0.6982160017898148,-0.7060490725576177,-0.6905142565699692,-0.2890556938113211,-0.0018592877976656,1.0219064971642813,1.0246477923877677,1.016222833132249,37.959118428261554,31.920749874214497,0,0,0.2752503712329977,0.167194486533968,0,8020.2099609375,0,98.3000030517578,11.0,0,,1,1,15.0,1,,1,,0
2019-08-22,-0.7104069668482091,-0.7152204137663694,-0.710130932881049,-0.7095173989888925,-0.393569455040675,-0.0029530833283553,1.0187323809376356,1.023064812873156,1.0158700874303708,37.837182102647425,31.71667801209331,0,0,0.2708792256754509,0.101475863531985,0,7991.39013671875,0,98.16999816894533,5.0,0,,1,1,15.0,1,,1,,1
2019-08-23,-0.7019480698205111,-0.7089249968758571,-0.702458187063617,-0.7097071678810506,-0.4582636263654487,-0.0031016084589839,1.0055808235085848,1.0100687932948975,1.0036254692709463,45.792016423575475,48.94639624411918,0,0,0.3594063327463307,0.1204692360770136,0,7751.77001953125,0,97.63999938964844,33.0,0,,1,1,15.0,1,,1,,0
2019-08-24,-0.7095239815609709,-0.7096590815715069,-0.7054403269365419,-0.7014181068247056,-0.4660064709331055,-0.0037869745724309,1.0138704135483665,1.0193866988840845,1.013882469926056,40.44366402784049,37.61297313586818,0,0,0.2969553555410627,0.1402282192359215,1,7751.77001953125,1,97.63999938964844,39.0,0,,1,1,15.0,1,,1,,0
2019-08-25,-0.7101790236548652,-0.7130675311240228,-0.7046164780361406,-0.7089609205821291,-0.5230758060802773,-0.0043330399899158,1.012500045682238,1.018793747733158,1.014229113443756,39.97782950821422,36.635037963816565,0,0,0.2647380761313389,0.139654298422815,1,7751.77001953125,1,97.63999938964844,33.0,0,,1,1,15.0,1,,1,,1
2019-08-26,-0.7030827442482077,-0.7068244503130157,-0.7009621518036799,-0.7100129580311243,-0.3345656021193778,-0.0041454046806915,1.002015562785195,1.007970577188668,1.003933484699299,47.531974240664496,53.93495835672803,0,0,0.3227436470128558,0.0918618492718572,0,7853.740234375,0,98.08000183105467,41.0,0,,1,1,15.0,1,,1,,0
2019-08-27,-0.7087438257708478,-0.71076195510782,-0.7021749358584398,-0.7024817792159962,-0.4962936459374275,-0.0044027521276273,1.0085190539590223,1.0148772302255769,1.0115402645943177,42.59715949169562,41.79696031237986,0,0,0.2403526650234846,0.1056694238441565,0,7826.9501953125,0,98.0,30.0,0,,1,1,15.0,1,,1,,0
2019-08-28,-0.7219121765410955,-0.7138266537758241,-0.7137011674884282,-0.7076567927167318,-0.3712955381813576,-0.0056046705349316,1.0229674574840444,1.0311568610825517,1.0291103078299912,33.31406929865355,24.615592776731415,0,0,-0.0669124596695206,0.1733171796447009,0,7856.8798828125,0,98.20999908447266,32.0,0,,1,1,15.0,1,,1,,0
2019-08-29,-0.7293725803579031,-0.7295339939535832,-0.7228758401422747,-0.7213012983789485,-0.3958409390068994,-0.0070776055398876,1.0282335025354787,1.0385962622247706,1.0381272980297414,29.159961752062618,18.78314328503676,0,1,-0.0986230901852991,0.1926212862750974,0,7973.39013671875,0,98.51000213623048,20.0,0,,1,1,15.0,1,,1,,1
2019-08-30,-0.7266852014058824,-0.7325596240170884,-0.7226683291006777,-0.7286924103887501,-0.5476511588754922,-0.007936580165377,1.0206067068834108,1.0321113208561217,1.0329128473042115,32.65054973174985,27.081356358823243,0,0,-0.0921446502746209,0.1124652006225883,0,7962.8798828125,0,98.91999816894533,24.0,0,,1,1,15.0,1,,1,,1
2019-08-31,-0.7256927043449543,-0.7320457441831589,-0.7194497973138363,-0.7261661660845459,-0.6418208589254739,-0.0084399470703402,1.0162090531525187,1.028362975516732,1.0302293870744554,34.03563781908882,30.574347081671647,0,0,-0.0929211511562395,0.0759978591071269,1,7962.8798828125,1,98.91999816894533,20.0,0,,1,1,15.0,1,,1,,1
2019-09-01,-0.7218037983678959,-0.7283326123506301,-0.717859314616556,-0.7251564022592243,-0.6422366375020853,-0.0084279149997587,1.009092353912191,1.0211235888663963,1.0237165617738126,39.647236687809105,44.47113929625589,0,0,-0.0877412432834339,0.077870663574531,1,7962.8798828125,1,98.91999816894533,24.0,0,,1,0,12.0,1,,1,,1
2019-09-02,-0.7038177051766744,-0.7103031705185519,-0.7132659804218272,-0.7212802958164458,-0.3869440777827499,-0.0068876554876129,0.9863835136924488,0.9959977633718192,0.998277508235911,58.4912740845905,75.14778359029312,0,0,-0.0424621798211995,0.1724447842397261,1,7962.8798828125,1,98.91999816894533,28.0,0,,1,1,12.0,1,,1,,1
2019-09-03,-0.6953627757506927,-0.7000983394827509,-0.6952946374461637,-0.7033096799432836,-0.2929346023497602,-0.0049279403545131,0.9783672063016492,0.9851981305737938,0.9868159895169916,64.50288553823236,81.5397944501974,0,0,0.0088439634509483,0.1907474800586966,0,7874.16015625,0,98.9499969482422,41.0,0,,1,1,12.0,1,,1,,0
2019-09-04,-0.6962500866187495,-0.6993006178715838,-0.6913712726775538,-0.6948947526778498,-0.4091808653075619,-0.0034071747741287,0.982697435455548,0.987445999797091,0.9885374850533124,63.39116921347608,78.70715598708613,0,0,-0.2855226363952542,-0.0100113386010405,0,7976.8798828125,0,98.4499969482422,43.0,0,,1,1,12.0,1,,1,,0
2019-09-05,-0.6968292669745633,-0.7033696233036192,-0.6888303329235108,-0.6959027861784197,-0.505592895469673,-0.0022230659885463,0.9860156015652286,0.9891270444597412,0.9897728017211376,62.57884700623573,76.3973443915213,0,0,-0.2846891543777021,-0.0328861723852532,0,8116.830078125,0,98.41000366210938,41.0,0,,1,1,12.0,1,,1,,0
2019-09-06,-0.7036178633428555,-0.6952093042957324,-0.6957999160514747,-0.6962078304988591,-0.2862624426107852,-0.001811551795734,0.9962926068083304,0.9988547485107124,0.999438206933186,53.335486425647254,52.37591444154264,0,0,-0.2974864018435932,-0.0919617481194726,0,8103.06982421875,0,98.38999938964844,43.0,0,,1,1,12.0,1,,1,,1
2019-09-07,-0.698609526881537,-0.7054314241429908,-0.6940391850153693,-0.7030589916865939,-0.4723269943492599,-0.0010689705104824,0.9908471935109469,0.9923517328122202,0.9926230179035822,58.54759535237253,63.62615981380259,0,0,-0.3346291922920387,-0.0780543412396583,1,8103.06982421875,1,98.38999938964844,39.0,0,,1,1,12.0,1,,1,,0
2019-09-08,-0.7009304843908349,-0.7043203905224923,-0.6921679717358379,-0.6980433470621211,-0.5443381716076153,-0.0006601416636854,0.995036249094336,0.9959696047899256,0.9960801056078368,55.24796976440269,55.521920549590526,0,0,-0.328205145771612,-0.0784544255625471,1,8103.06982421875,1,98.38999938964844,43.0,0,,1,1,12.0,1,,1,,0
2019-09-09,-0.7041777426587407,-0.7086885011985868,-0.7003828033270891,-0.7003310452160825,-0.3716407659541704,-0.0005913517262993,0.9997004751071912,1.0005404535221567,1.0006674653742609,50.64061047090989,44.86220658254158,0,0,-0.3596511957172443,-0.1386858818406684,0,8087.43994140625,0,98.27999877929688,41.0,0,,1,1,12.0,1,,1,,0
2019-09-10,-0.7108676262895934,-0.7103704471838496,-0.7042500159054585,-0.7035943183649279,-0.4899495428056289,-0.0010643833558647,1.0077718463668035,1.0092948102349069,1.0097712012896602,42.26258858417032,29.372050215013857,0,0,-0.3477092568871723,-0.1399318616561976,0,8084.16015625,0,98.33000183105467,41.0,0,0.0001,0,1,12.0,1,,1,,1
2019-09-11,-0.7089615665597783,-0.7157328259592584,-0.7054876113931154,-0.7101126903698264,-0.4670169168435525,-0.0012708121087769,1.004286397063169,1.0060975550102402,1.006784800272002,45.2408648971097,37.56199323988725,0,0,-0.5373971183598849,-0.1385575951685634,0,8169.68017578125,0,98.6500015258789,38.0,0,0.0001,0,1,12.0,1,,1,,1
2019-09-12,-0.7018820226761499,-0.7089306913230943,-0.7018035843266606,-0.7084696276854058,-0.4716143855419558,-0.0008533119089884,0.9951369195805924,0.996342330465279,0.996859038492398,55.15469252462948,60.3382937226288,0,0,-0.6002922490281668,-0.1801056957147331,0,8194.4697265625,0,98.30999755859376,39.0,0,0.0001,0,1,12.0,1,,1,,0
2019-09-13,-0.7033965725944946,-0.7089536745817889,-0.6978431390689844,-0.7011823351607024,-0.5250112367972593,-0.0006373050575235,0.997701111577814,0.9986038060650242,0.99904888456612,52.7952684498314,54.651668238248554,0,0,-0.5889200012672808,-0.4551945040378223,0,8176.7099609375,0,98.26000213623048,38.0,0,0.0001,0,1,12.0,1,,1,,0
2019-09-14,-0.703472881806453,-0.7095354474902531,-0.6958187448010416,-0.7033195248944567,-0.5532187799763905,-0.0004668935291813,0.998145747248924,0.9988074245207748,0.9991902896868984,52.664295652796845,54.307828432461946,0,0,-0.5859770914619488,-0.4841096032834736,1,8176.7099609375,1,98.26000213623048,39.0,0,0.0001,0,1,12.0,1,,1,,0
2019-09-15,-0.7037886193746183,-0.7105904172230035,-0.6951533003486089,-0.7029815745705509,-0.6159241334668485,-0.0003532465419956,0.998809831837504,0.9993108103207896,0.9996529148136,52.04786220752014,52.48609422653668,0,0,-0.5901655230718615,-0.4857719414177418,1,8176.7099609375,1,98.26000213623048,38.0,0,0.0001,0,1,12.0,1,,1,,0
2019-09-16,-0.7059550194065292,-0.7105954659081829,-0.6989891721696349,-0.7032639456701067,-0.4788030195496408,-0.0004329995142162,1.0015940008304725,1.00220968883208,1.002622702123622,47.6337349468552,40.16126110523021,0,0,-0.996485265507604,-0.4925817680695982,0,8153.5400390625,0,98.6500015258789,38.0,0,0.0001,0,1,12.0,1,,1,,0
2019-09-17,-0.7070401137285672,-0.7133034984505184,-0.6986783459570277,-0.7052713013811176,-0.4724485578534497,-0.0005771098000306,1.002650153642157,1.0034713912233608,1.0039998530114085,45.40810930055405,34.71691753598145,0,0,-1.1320650556853644,-0.4979537301264678,0,8186.02001953125,0,98.26000213623048,41.0,0,0.0001,0,1,12.0,1,,1,,0
2019-09-18,-0.708354404170807,-0.7139299757050771,-0.6989355102333694,-0.7063013517724928,-0.4344074896095342,-0.0007882836512602,1.003816839226694,1.004939442462923,1.0056348094238814,42.6247390560401,28.481522432642507,0,0,-1.1316131638566822,-0.6471031178199753,0,8177.39013671875,0,98.5999984741211,38.0,0,0.0001,0,1,12.0,1,,1,,1
2019-09-19,-0.7062720695647362,-0.7133366377852135,-0.7095018400628607,-0.7077463221060363,-0.2686152732941186,-0.0007786377980212,1.0007326207663343,1.001837917717069,1.0025732537400505,48.40625452050286,48.15324212123637,0,0,-1.116108499505842,-0.650984228150102,0,8182.8798828125,0,98.2699966430664,31.0,0,0.0001,0,1,12.0,1,,1,,0
2019-09-20,-0.7088616903902565,-0.7136311052835845,-0.7007790877675689,-0.7057355057455222,-0.4975439814309231,-0.0009687865794507,1.0037221741948867,1.005100937780384,1.006002752570492,42.2911967796071,33.070287228964474,0,0,-1.1825616117730395,-0.8420720803178764,0,8117.669921875,0,98.51000213623048,41.0,0,0.0001,0,1,12.0,1,,1,,0
2019-09-21,-0.7138080964668895,-0.7165699390559531,-0.7048677811049558,-0.7082610042200921,-0.5551302062047881,-0.0015013083421887,1.0090609819239842,1.0112070620632083,1.0125055195824832,33.080829182986335,18.39563143282068,0,0,-1.2115067757344078,-0.82707985292205,1,8117.669921875,1,98.51000213623048,37.0,0,0.0001,0,1,12.0,1,,1,,1
2019-09-22,-0.7122600755024864,-0.7199860496947005,-0.7072988459945913,-0.7131346130490038,-0.5650561712763043,-0.0017779284686301,1.005809178772551,1.0083407993503393,1.009901413748848,37.95987222878933,31.145063668205808,0,0,-1.201431862363356,-0.8710314785226255,1,8117.669921875,1,98.51000213623048,37.0,0,0.0001,0,1,12.0,1,,1,,0
2019-09-23,-0.7226788782832932,-0.7199922431398915,-0.7133750353245603,-0.711795103025754,-0.4794736095801324,-0.0028055219123891,1.0173100845081056,1.0213436913372664,1.0236835300416507,24.23686224610347,12.966145355064256,0,1,-1.0304483695782811,-0.8362193215652975,0,8112.4599609375,0,98.5999984741211,41.0,0,0.0001,0,1,12.0,1,,1,,0
2019-09-24,-0.7565487130615323,-0.7281053334590943,-0.7555542890356343,-0.72214032688438,-0.04577136233717,-0.0062805118929444,1.054445838377011,1.0637574539698913,1.06865740741045,10.287182334656832,3.673175723595307,0,1,0.1775107539043496,-0.1785808605222069,0,7993.6298828125,0,98.33999633789062,39.0,0,0.0001,0,1,12.0,1,,1,,0
2019-09-25,-0.7606290483635072,-0.759950707754365,-0.7569662934083916,-0.756535423965561,-0.189114448388858,-0.0092570064386315,1.0504152308438857,1.0640173754991538,1.0712945116453985,9.5251224563077,3.2939622489078175,0,1,0.1555669138081131,-0.2078761237618564,0,8077.3798828125,0,99.04000091552734,15.0,0,0.0001,0,1,12.0,1,,1,,0
2019-09-26,-0.7718713224058068,-0.7668381123349836,-0.770331106880154,-0.7600717602601258,-0.2985093435338369,-0.0123803444656795,1.0552355538000333,1.0734032621273546,1.0834266373050463,7.70950152887616,2.388206675976818,0,1,0.1146965368542122,-0.1574917743265109,0,8030.66015625,0,99.20999908447266,12.0,0,0.0001,0,1,12.0,1,,1,,1
2019-09-27,-0.7678122271972307,-0.7741770513581302,-0.768145134608872,-0.7715145320920336,-0.4238630776626766,-0.0143625151600823,1.0417233278199989,1.0624260073390766,1.07445399126579,14.499160604875172,13.79906193247271,0,1,0.1797850033825918,-0.1902007119200165,0,7939.6298828125,0,99.11000061035156,24.0,0,0.0001,0,1,12.0,1,,1,,0
2019-09-28,-0.7679933944545502,-0.7737533433897305,-0.7631847612733939,-0.7672934794433792,-0.5236347146157684,-0.0157662746003254,1.0352845119939236,1.0577657815136787,1.071568131492498,14.444435082477897,13.703728798950564,0,1,0.1787729889343818,-0.2057616588704753,1,7939.6298828125,1,99.11000061035156,32.0,0,0.0001,0,1,12.0,1,,1,,0
2019-09-29,-0.7723228832116761,-0.774472017854455,-0.7673809303280663,-0.7674534449833496,-0.5723163608484721,-0.0170317858050692,1.0345758110281702,1.0587309313679352,1.0743392528643554,13.082823176027986,11.231317815314211,0,1,0.1618140519879677,-0.2081851178847367,1,7939.6298828125,1,99.11000061035156,33.0,0,0.0001,0,1,12.0,1,,1,,1
2019-09-30,-0.7665285439682314,-0.7728932763871619,-0.7723484403670093,-0.7717856411641112,-0.3927790682182625,-0.0173669622702197,1.0225954932866357,1.0468495091448144,1.0635147766725497,24.127486007426697,32.850178784470245,0,1,0.2589901853123156,-0.1788181115330508,0,7999.33984375,0,99.37999725341795,27.0,0,0.0001,0,1,12.0,1,,1,,1
2019-10-01,-0.7650192444100528,-0.7673789380584172,-0.7598495823460908,-0.7658134551170224,-0.4724159992605599,-0.0173112508491557,1.017360563769146,1.0413334772983638,1.058870255920752,26.918572568178774,38.0869710935646,0,1,0.2785695408578334,-0.1872017336670897,0,7908.68017578125,0,99.12999725341795,38.0,0,0.0001,0,0,11.0,1,,1,,1
2019-10-02,-0.7634990264892562,-0.7705244450421125,-0.760004585471557,-0.7644542551914264,-0.5683091381057416,-0.0169490521426841,1.0129485150541706,1.0362502879101048,1.0544188432821715,29.91492360661391,43.95664231715988,0,1,0.2981456924940289,-0.355515554226246,0,7785.25,0,99.04000091552734,39.0,0,-0.0001081933333333,0,1,11.0,1,,1,,0
2019-10-03,-0.7675633720579983,-0.7698876649474494,-0.7625315403237041,-0.7630318387460249,-0.544414902802699,-0.0167963479349186,1.0154754372057104,1.0385534764252675,1.057542191262872,26.556131208126473,32.853672414193156,0,1,0.2690827694101576,-0.4037985548108159,0,7872.259765625,0,98.86000061035156,37.0,0,-9.698666666666668e-05,0,1,11.0,1,,1,,0
2019-10-04,-0.7692145506670268,-0.7745216534744455,-0.7623822769299606,-0.767042343688909,-0.5677044785109311,-0.0166170144653392,1.014902522978335,1.0376525435746613,1.0573369002343709,25.228324071392336,28.89956773580596,0,1,0.2708646872917184,-0.4051021411610449,0,7982.47021484375,0,98.80999755859376,30.0,0,-3.733333333333298e-07,0,1,11.0,1,,1,,0
2019-10-05,-0.770877527670633,-0.7758600833977629,-0.7648737152940135,-0.7685497847126237,-0.6090140992975698,-0.0164198024827333,1.0144284512877726,1.036831764896841,1.0571509979957343,23.842940285100667,24.878675593672284,0,1,0.275347198797876,-0.40701058495419,1,7982.47021484375,1,98.80999755859376,31.0,0,-0.0001652466666666,0,1,11.0,1,,1,,0
2019-10-06,-0.7758673088818193,-0.777486669962977,-0.7683650665513929,-0.7703910590806627,-0.5667641233472515,-0.0164762166387607,1.0177075542547165,1.040187997865741,1.0613303145016613,20.03408569430033,15.982415257272509,0,1,0.2491427233705475,-0.4080900209889107,1,7982.47021484375,1,98.80999755859376,32.0,0,-3.995333333333333e-05,0,1,11.0,1,,1,,1
2019-10-07,-0.768002314100514,-0.77306704508636,-0.7700158771696644,-0.7753020339742541,-0.3534356163551732,-0.0157052456201737,1.006246833654322,1.027387616127236,1.04849220243526,38.03664816175526,52.03139543554954,0,0,0.3563411231892465,-0.3625312714953607,0,7956.2900390625,0,98.98999786376952,27.0,0,-0.0001664266666666,0,1,11.0,1,,1,,0
2019-10-08,-0.7685167300704162,-0.7723377155476815,-0.7613085826703879,-0.7674286237731192,-0.4597928905169212,-0.0149632673710714,1.0058498568841787,1.0259421328245202,1.0471742891977611,37.40120181443045,50.15471928486453,0,0,-0.6786978356225879,-0.3609928973167133,0,7823.77978515625,0,99.13999938964844,39.0,0,0.0001,0,1,11.0,1,,1,,1
2019-10-09,-0.7573070917896031,-0.7634710796126314,-0.7618205879983264,-0.7679482283627616,-0.2929335313324164,-0.0133172076563986,0.9925254768668136,1.0101562503919006,1.030610853127053,55.91791317180424,75.66086664188397,0,0,-0.4847926374782211,-0.252421227067487,0,7903.740234375,0,99.12000274658205,37.0,0,0.0001,0,1,11.0,1,,1,,0
2019-10-10,-0.7575901637646902,-0.7635442268420911,-0.7524093108479072,-0.7570898438825336,-0.3706413153495724,-0.0118983779217599,0.9939827452734162,1.0097459456154405,1.0297443947141007,55.44008153045751,74.37937042267875,0,0,-0.7231215286092987,-0.2615812203588583,0,7950.77978515625,0,98.70999908447266,41.0,0,0.0001,0,1,11.0,1,,1,,0
2019-10-11,-0.7656766133681115,-0.7606434636783138,-0.7572528548292183,-0.7570903808798704,-0.2832792951165309,-0.0112962380362418,1.003883157172347,1.0189747487257113,1.0390758890601228,43.256297136031755,45.211909974830945,0,0,-0.6149510076807582,-0.2415151140085406,0,8057.0400390625,0,98.3000030517578,39.0,0,0.0001,0,1,11.0,1,,1,,1
2019-10-12,-0.7652245454251808,-0.7698571673666273,-0.7573411981074278,-0.7653263686994367,-0.5064111125528191,-0.0106596815602744,1.0027828166801096,1.0169890352765958,1.036898417281805,44.04944917520611,46.76789120751083,0,0,-0.6150408180803568,-0.2744711033972838,1,8057.0400390625,1,98.3000030517578,38.0,0,0.0001,0,1,11.0,1,,1,,0
2019-10-13,-0.7656995538622461,-0.7681815909434804,-0.7584833743513122,-0.764677586417129,-0.5382792259637124,-0.0100773695349346,1.0028798887542651,1.0162938488348514,1.0360168024390697,43.31539756401183,44.97828517019175,0,0,-0.6530143289273533,-0.2734921342759326,1,8057.0400390625,1,98.3000030517578,38.0,0,0.0001,0,1,11.0,1,,1,,1
2019-10-14,-0.7640597410897132,-0.7706095975752838,-0.7582495637982235,-0.7651685213156278,-0.479189293235048,-0.0093754890712904,1.0006194277950582,1.013057980417097,1.0324296838112583,46.84382114734826,53.21812791529492,0,0,-0.7055836636683217,-0.2677726583087981,0,8048.64990234375,0,98.4499969482422,37.0,0,0.0001,0,1,11.0,1,,1,,0
2019-10-15,-0.7692319723166686,-0.7699932470439048,-0.7614036374867494,-0.7635608407890597,-0.4761525396597186,-0.0091313391868672,1.0062485318800347,1.018413374707874,1.0378143376396345,38.191804220263094,32.653032580025126,0,0,-0.6624088219119103,-0.262443036656786,0,8148.7099609375,0,98.29000091552734,39.0,0,0.0001,0,1,11.0,1,,1,,0
2019-10-16,-0.7740536674235627,-0.7758214257327555,-0.7675490832092784,-0.7687170295498249,-0.4387023766824318,-0.0092206294661525,1.0106037339444238,1.0229180770409254,1.0425076579073154,31.86178694551512,22.058073839110943,0,0,-0.6356420941991495,-0.2570297679896951,0,8124.18017578125,0,98.01000213623048,40.0,0,0.0001,0,1,11.0,1,,1,,1
2019-10-17,-0.7723312658889866,-0.7782855510105662,-0.7670560888446122,-0.7735090446167413,-0.5160719741266926,-0.0090481082865819,1.0070605129815182,1.0190836998103443,1.0385511478675995,36.21899824764346,32.49109747861786,0,0,-0.6476546156577897,-0.2486369676872527,0,8156.85009765625,0,97.61000061035156,40.0,0,0.0001,0,1,11.0,1,,1,,0
2019-10-18,-0.7763239410583035,-0.7781778848638332,-0.7701278930451114,-0.7718862386651891,-0.457182722260943,-0.0091283337772162,1.0103599254658415,1.022507544556282,1.0421251733841996,30.92894056612974,22.98268313689935,0,0,-0.6264852393147011,-0.2464238817887252,0,8089.5400390625,0,97.27999877929688,40.0,0,0.0001,0,1,11.0,1,,1,,1
2019-10-19,-0.7758549436869965,-0.7798546060469916,-0.7688027286874934,-0.7757699525702377,-0.5387394334141258,-0.009049749014877,1.0082372562310538,1.02023554176986,1.0398035487825972,32.26973162754717,26.3579993249339,0,0,-0.6276677795638635,-0.2513316797125003,1,8089.5400390625,1,97.27999877929688,41.0,0,0.0001,0,1,11.0,1,,1,,1
2019-10-20,-0.7687215537800746,-0.7738675258626834,-0.7686577321313534,-0.7750366677903608,-0.4636651034811515,-0.0083160033650293,0.9991260292364076,1.010043091165077,1.0290229188355708,49.480418227871525,61.010645911045586,0,0,-0.5848781999559856,-0.1970102249395913,1,8089.5400390625,1,97.27999877929688,37.0,0,0.0001,0,1,11.0,1,,1,,1
2019-10-21,-0.7680604260414424,-0.7734203943432769,-0.76097730296934,-0.7680925911467817,-0.4476289054477657,-0.00759362261332,0.99853300885495,1.0084890627663858,1.0270046765074292,50.81691672220141,63.15323247709982,0,0,-0.6906950403711081,-0.196840945078201,0,8162.990234375,0,97.33000183105467,37.0,0,0.0001,0,1,11.0,1,,1,,0
2019-10-22,-0.7731165825445002,-0.7734216858673926,-0.7647697775595095,-0.767533934917486,-0.4065097853598845,-0.0073444578979704,1.0043173835643868,1.0139916965925873,1.032398432044342,41.19904622295764,40.47353221238439,0,0,-0.646463400232758,-0.1954336200315138,0,8104.2998046875,0,97.52999877929688,39.0,0,0.0001,0,1,11.0,1,,1,,0
2019-10-23,-0.7903310816124601,-0.7795429084428049,-0.783588307974352,-0.7726409585887564,-0.1803967875834044,-0.0084387822443803,1.022483003597132,1.0337692735999549,1.0530988576040945,23.62981580631869,15.387710071423612,0,1,-0.4321360906786696,-0.0621897592135598,0,8119.7900390625,0,97.47000122070312,33.0,0,0.0001,0,1,11.0,1,,1,,0
2019-10-24,-0.7909781735871257,-0.7963789526391905,-0.7842828458817604,-0.7899470850075121,-0.4300326156582444,-0.0092516102830578,1.0196619121784187,1.0319695845013783,1.0517354935947685,23.200688664886822,14.92409701807874,0,1,-0.4347253690262566,-0.6285447436264991,0,8185.7998046875,0,97.62999725341795,20.0,0,5.201666666666667e-05,0,1,11.0,1,,1,,1
2019-10-25,-0.7553227241311755,-0.7615524031275319,-0.7832567549527458,-0.7905282802083571,0.1171064598669229,-0.0069387005529653,0.9776539828857724,0.9865139888970912,1.0041553722137329,64.35573608003031,73.52550217390827,0,0,0.937114485358422,0.2288853813866185,0,8243.1201171875,0,97.83000183105467,24.0,0,1.763666666666667e-05,0,1,11.0,1,,1,,1
2019-10-26,-0.7374746318838631,-0.7215700746697394,-0.7464793176476393,-0.7545757416847763,0.811841856659213,-0.003623738840965,0.9612734429687748,0.9658354915930656,0.9811805320585936,72.7805292937789,81.86347091067303,1,0,1.1078537485396651,0.2858623120555421,1,8243.1201171875,1,97.83000183105467,53.0,0,0.0001819433333333,0,1,11.0,1,,1,,1
2019-10-27,-0.728104409556667,-0.7297521147650261,-0.7324877953203353,-0.7370365435052937,0.2881623254557493,-0.0002377683243683,0.9565561778834656,0.9568550717340676,0.969903809154933,76.18964313671981,85.13959292389794,1,0,1.129232677758404,0.3067404315377376,1,8243.1201171875,1,97.83000183105467,50.0,0,0.0001285366666666,0,1,11.0,1,,1,,0
2019-10-28,-0.7371332391467047,-0.7280812641460297,-0.7280219499815443,-0.727157105169897,0.2157958793730118,0.0016975186751772,0.9731462201982344,0.9709702517673218,0.9826273382845652,66.87709189257211,69.10267076251678,0,0,1.2009113007432066,0.3465278107712168,0,8325.990234375,0,97.76000213623048,52.0,0,0.00054853,0,1,11.0,1,,1,,1
2019-10-29,-0.7318931410482852,-0.7367659419448754,-0.7287527484163445,-0.7368308436921466,0.104863252026721,0.00361243775475,0.9712747544823036,0.9666407134063844,0.9765749197740916,69.383139192907,73.03331479601948,0,0,1.1676827932473446,0.3376804351694512,0,8276.849609375,0,97.69000244140624,54.0,0,0.0003904333333333,0,1,11.0,1,,1,,0
2019-10-30,-0.7386735038972261,-0.7394502574079962,-0.7333327810105729,-0.731514599891855,0.0731758347808125,0.0045306794530212,0.9832569248488192,0.9773626070365546,0.986178097486032,62.34112546224693,59.88889727011211,0,0,1.180098111723139,0.3512866591767093,0,8303.98046875,0,97.6500015258789,53.0,0,0.0003554533333333,0,1,11.0,1,,1,,0
2019-10-31,-0.7388611147783857,-0.740764148373116,-0.7350945445910094,-0.7382355690586218,0.0237746921278713,0.0051835018021381,0.9860085911131152,0.9792348591556728,0.9869538400384964,62.13976900979006,59.49386159656088,0,0,1.184330972018028,0.3515896472016602,0,8292.3603515625,0,97.3499984741211,50.0,0,0.00030943,0,1,11.0,1,,1,,1
2019-11-01,-0.7369818438180539,-0.7439954242992196,-0.7318812058947743,-0.7384941929426208,-0.0756086656659961,0.0057858144109355,0.9860035326467604,0.9784296982082492,0.9850444857580912,63.50226766063289,62.77340532875677,0,0,1.154048624131012,0.3517264684942531,0,8386.400390625,0,97.23999786376952,49.0,0,0.00024867,0,0,11.0,1,,1,,1
2019-11-02,-0.7350386139247906,-0.7409347176148459,-0.7282259685937862,-0.7364843312440386,-0.2112022879073617,0.006346792037109,0.9859210270098514,0.9775986604495088,0.983123908375282,65.00486687750563,66.51158904420731,0,0,1.1511588716579455,0.3399147823889693,1,8386.400390625,1,97.23999786376952,51.0,0,0.0001,0,1,11.0,1,,1,,0
2019-11-03,-0.7377684432320171,-0.7408649753126001,-0.7315949785324076,-0.7344985150928671,-0.216061793203184,0.0064962121466445,0.9911711254507728,0.9825955443913954,0.9872871219967712,60.93830958694075,55.98211499629607,0,0,1.1514468474938118,0.3422488161282698,1,8386.400390625,1,97.23999786376952,56.0,0,0.0001,0,1,11.0,1,,1,,1
2019-11-04,-0.7323536513317102,-0.737100446690832,-0.7300328300663304,-0.7372228815811337,0.0055871813187031,0.0069711974877962,0.9863401239889308,0.9771656446930184,0.9808086923358612,65.8306032579338,68.97290337466136,0,0,1.1543143986876112,0.345174038548162,0,8433.2001953125,0,97.51000213623048,49.0,0,0.0001002399999999,0,1,11.0,1,,1,,0
2019-11-05,-0.734494575184179,-0.738532189231506,-0.7279975940829112,-0.7318035342921929,0.0068345933360855,0.0070931072057347,0.9908663127021532,0.9814746586716911,0.9843060492120916,62.27244888177791,59.68662782589654,0,0,1.126600647398974,0.3299741463506148,0,8434.6796875,0,97.9800033569336,54.0,0,0.0001,0,1,11.0,1,,1,,1
2019-11-06,-0.7339339500784975,-0.7395595673126945,-0.7264745000877095,-0.7340073713620706,-0.1279978532626116,0.0071525096176129,0.9916187896415678,0.9821277410156988,0.984189463416958,62.87868187586892,61.496601191898485,0,0,0.7792967554905196,0.3070437427554588,0,8410.6298828125,0,97.9499969482422,53.0,0,0.0001129233333333,0,1,11.0,1,,1,,0
2019-11-07,-0.736784597332726,-0.7412055267396436,-0.7296948540116058,-0.7336551607755565,-0.1470702650071374,0.0068901378275207,0.9961645054038568,0.9869701255586724,0.9884768151479136,57.46146193471399,47.14581033270564,0,0,0.7955103931102365,0.3121972880081734,0,8434.51953125,0,98.13999938964844,54.0,0,0.0002151966666666,0,1,11.0,1,,1,,0
2019-11-08,-0.7509183580785,-0.7440825141185644,-0.7429679988050337,-0.7363137152568902,-0.0752414469295241,0.0054785763048224,1.012893820408302,1.005463539360756,1.0071449933837155,38.49051750873695,18.54173059174327,0,0,-0.1521166893684057,0.3492520873010286,0,8475.3095703125,0,98.3499984741211,42.0,0,0.0001083333333333,0,1,11.0,1,,1,,1
2019-11-09,-0.7506525585950955,-0.7555325798716095,-0.7424197785031299,-0.7502410693496286,-0.3724024430972785,0.0043314214944919,1.0105863684320742,1.0047275072722008,1.0065205469163665,38.92803805898851,19.762399663442707,0,0,-0.5530035240426586,0.3491377190113581,1,8475.3095703125,1,98.3499984741211,38.0,0,0.0001,0,1,11.0,1,,1,,1
2019-11-10,-0.7432617518820795,-0.7491601998849321,-0.7420155373975106,-0.7501487953072699,-0.2400083827059954,0.0039728725746788,1.0005383502702994,0.9952158721539504,0.9967429928135026,50.27579128814448,48.41918244769251,0,0,-0.592760941696934,0.3345700083208427,1,8475.3095703125,1,98.3499984741211,39.0,0,0.0001,0,1,11.0,1,,1,,0
2019-11-11,-0.7523569269323968,-0.749837897811805,-0.7452980261949774,-0.7426816981743231,-0.2541928123415957,0.0029211422480229,1.010794124635903,1.0068427053171891,1.008586379604833,39.780292030190765,30.528863291663782,0,0,-0.5804335159818548,0.3744189944769167,0,8464.2802734375,0,98.1999969482422,40.0,0,0.0001,0,1,11.0,1,,1,,1
2019-11-12,-0.7505890173044499,-0.7566762538288492,-0.7457701115369392,-0.7517598768169705,-0.2522456610151198,0.0022048774638636,1.0071144968151666,1.0041438089960404,1.005971139704974,42.47373195716341,36.600097177325075,0,0,-0.6238230946561008,0.3747216621091737,0,8486.08984375,0,98.30999755859376,39.0,0,0.0001,0,1,11.0,1,,1,,0
2019-11-13,-0.7508150512759153,-0.7571850262719576,-0.7433997238112304,-0.750162727404839,-0.3738487917028208,0.0016005433422103,1.006269429618719,1.0041154954919034,1.006026554851058,42.195315789231664,36.06283677084903,0,0,-0.667367115287448,0.3742733281180898,0,8482.099609375,0,98.37000274658205,38.0,0,-6.9633333333333325e-06,0,1,11.0,1,,1,,0
2019-11-14,-0.7538749373153963,-0.757482546463693,-0.7455485700400198,-0.750165680890191,-0.306140971854949,0.0008647289093642,1.0087609756103304,1.007595092556959,1.009725553528392,38.27624753354036,28.50917519060485,0,0,-0.6611309250892502,0.364325025962752,0,8479.01953125,0,98.16000366210938,41.0,0,0.0001,0,1,11.0,1,,1,,0
2019-11-15,-0.7604763404448149,-0.7603701595637472,-0.752007833316821,-0.7534108751287003,-0.1868210652768021,-0.0002482259974557,1.014847313578158,1.015183598082808,1.017826234543573,31.088440194726957,17.790277910290726,0,0,-0.6310356618728531,0.3729180456441127,0,8540.830078125,0,98.0,38.0,0,0.0001,0,1,11.0,1,,1,,1
2019-11-16,-0.7586811050787313,-0.7645443948583883,-0.7523458701094473,-0.7599649574564903,-0.4200597583378394,-0.0009741607699211,1.0105158178170632,1.0118286870549325,1.0148096805410758,34.923101134569734,27.653261103608287,0,0,-0.630885785552693,0.3728907019278152,1,8540.830078125,1,98.0,41.0,0,0.0001,0,1,11.0,1,,1,,1
2019-11-17,-0.7578497582769895,-0.7604628557718668,-0.751506411568276,-0.7581837969569779,-0.3244473911504519,-0.0014654932739084,1.007949545178071,1.0099180007601538,1.0131534442158052,36.80218302964108,32.64288875658177,0,0,-0.6237221783322439,0.3624019107454405,1,8540.830078125,1,98.0,38.0,0,0.0001,0,1,11.0,1,,1,,0
2019-11-18,-0.7660575627960663,-0.7627023879412459,-0.7585778825265572,-0.7574350436704852,-0.1963849808191586,-0.0024884932512162,1.0159173614027366,1.019281140237203,1.0231582463559463,27.692966583817057,17.10942884271094,0,1,-0.6314808799582291,0.3976342333184694,0,8549.9404296875,0,97.79000091552734,38.0,0,0.0001,0,1,11.0,1,,1,,0
2019-11-19,-0.769208256201146,-0.7700593202435493,-0.7639767683287616,-0.7656480599373142,-0.2182002656495244,-0.0035129674281307,1.0169516412385482,1.0216968194658136,1.0262649829024528,24.956908722837923,13.758479062306847,0,1,-0.6304729181691708,0.3783776443581431,0,8570.66015625,0,97.86000061035156,32.0,0,0.0001,0,1,11.0,1,,1,,0
2019-11-20,-0.7746725237965401,-0.7752074234270413,-0.7667585186790791,-0.7687494582223254,-0.2322484979461921,-0.0047114803102106,1.0203806578910757,1.0267525326095543,1.0321970559144256,20.837181251624415,9.469703356142633,0,1,-0.6309173599362932,0.3924746166707135,0,8526.73046875,0,97.93000030517578,32.0,0,0.0001,0,1,11.0,1,,1,,0
2019-11-21,-0.7864186086778384,-0.7790289699032338,-0.7796059515185911,-0.7742473562883535,-0.155259538323726,-0.0065338036663571,1.0301701744052525,1.0390634828041805,1.0458854071648394,14.78404890430761,5.0013361037548805,0,1,-0.4889763515525731,0.4510645354791849,0,8506.2099609375,0,97.98999786376952,30.0,0,0.0001,0,1,11.0,1,,1,,0
2019-11-22,-0.7969933262734616,-0.7914340737105798,-0.8001515034340242,-0.7858583425359872,0.3607184835806181,-0.0087306578001244,1.036999257357601,1.048914719934387,1.0574630539651968,11.35695105650683,3.1928760383620585,0,1,-0.5237054909943216,0.3586695859286394,0,8519.8798828125,0,98.2699966430664,20.0,0,-3.0629999999999996e-05,0,1,11.0,1,,1,,1
2019-11-23,-0.7939013265253515,-0.7991024100888618,-0.7934744492257416,-0.7964712744835584,-0.2214862351146568,-0.0101056898874134,1.0277620398900047,1.041386012204321,1.051160912910272,17.786696669221,15.15379896225869,0,1,-0.4712312015128284,0.3650827958547213,1,8519.8798828125,1,98.2699966430664,23.0,0,-0.0002000266666666,0,1,11.0,1,,1,,0
2019-11-24,-0.8045892997594423,-0.8001147888786162,-0.7972723902270757,-0.7933409230921425,0.1931499143882621,-0.0119204315256167,1.0349748038687008,1.0510919525744793,1.0625906913650751,13.795590974577069,9.655512615748933,0,1,-0.5405267372085436,-0.3646750301726668,1,8519.8798828125,1,98.2699966430664,21.0,0,3.2613333333333335e-05,0,1,11.0,1,,1,,1
2019-11-25,-0.8015890172404823,-0.8027814779728402,-0.8100884823092444,-0.804297593001582,0.7321656125843385,-0.0129670535024616,1.0262030011170793,1.043526122568135,1.0561999691587995,19.63638756319581,20.457651846248723,0,1,-0.4787821862745343,-0.5922302214861607,0,8632.490234375,0,98.31999969482422,17.0,0,-1.3783333333333334e-05,0,1,11.0,1,,1,,1
2019-11-26,-0.7993823445595707,-0.8027702505188802,-0.7951178346355144,-0.8010843650211998,-0.216181253388397,-0.0134632529171538,1.0197104890879571,1.037529049099946,1.051095702663663,24.00602532769166,28.80540571420117,0,1,-0.4631823361735112,-0.6624336521635414,0,8647.9296875,0,98.25,21.0,0,-0.0003049933333333,0,1,11.0,1,,1,,1
2019-11-27,-0.7898120268300248,-0.7937692080173387,-0.7989863378942978,-0.7987711296605592,-0.0902712849677913,-0.0129351416093033,1.006340842134122,1.023204626443684,1.036945771101224,40.26082292676375,55.69372441192068,0,0,-0.2020496583272615,-0.560149910373388,0,8705.1796875,0,98.41000366210938,20.0,0,-7.947333333333332e-05,0,1,11.0,1,,1,,0
2019-11-28,-0.7919062940728366,-0.7904515027103586,-0.7840610310642829,-0.7891194378623003,-0.3076642249523758,-0.0125410342209917,1.0076126665472789,1.023951940324463,1.0380793813450846,38.19784347904001,50.165722562949455,0,0,-0.201742178237654,-0.5927609054827218,1,8705.1796875,1,98.41000366210938,32.0,0,0.0001,0,1,11.0,1,,1,,1
2019-11-29,-0.7827989179014517,-0.7889153668624721,-0.7838547044117716,-0.7912607296590435,-0.2786459768138433,-0.0113628285188024,0.9966340935621985,1.0112638282090212,1.0250900207156106,50.83796356925656,68.36966947069511,0,0,-0.042178306633773,-0.5041688614481505,0,8665.4697265625,0,98.2699966430664,31.0,0,0.0001,0,1,11.0,1,,1,,0
2019-11-30,-0.7886522491177844,-0.7872645495436789,-0.7821414248614696,-0.7821775390412534,-0.3908995699126256,-0.0107771743646145,1.003455520462414,1.0174067376306082,1.0314301839217217,44.14274662409469,52.07015047018186,0,0,-0.0350602537959094,-0.4886693785235249,1,8665.4697265625,1,98.2699966430664,38.0,0,6.024666666666667e-05,0,1,11.0,1,,1,,0
2019-12-01,-0.793091950691009,-0.7952142767386607,-0.7891231252008484,-0.7880564516342733,-0.3221565833370831,-0.0105496759435038,1.0076929921444773,1.0213839184060762,1.035724173555102,39.58071087531058,41.95477289233732,0,0,-0.0398289637560002,-0.4900766088794261,1,8665.4697265625,1,98.2699966430664,25.0,0,0.0001,0,0,11.0,1,,1,,0
2019-12-02,-0.7962170933376671,-0.7981237430138084,-0.7909250061654426,-0.7925649022742188,-0.3942499782466873,-0.0105005113410165,1.0098516576686158,1.0234823174488292,1.0381847951175462,36.515628925535594,35.484951583971124,0,0,-0.0757562899860843,-0.4982918582127199,0,8567.990234375,0,97.86000061035156,28.0,0,7.240333333333334e-05,0,1,11.0,1,,1,,0
2019-12-03,-0.7962733855514925,-0.7998057477047128,-0.7910507184377521,-0.795621670113912,-0.4947592602253638,-0.0103468186656292,1.0083836314514336,1.0217718989022102,1.036702806994447,36.456952283705995,35.35401323773297,0,0,-0.0715778161054,-0.4956643081184801,0,8520.6396484375,0,97.73999786376952,28.0,0,3.098333333333333e-05,0,1,11.0,1,,1,,0
2019-12-04,-0.7983540048410318,-0.7961710466093896,-0.7928678901691316,-0.7957393023638379,-0.1926555032215242,-0.01027446704088,1.0093075543454182,1.0225903350507388,1.0378076664142533,34.1188019210275,29.914209895624698,0,0,-0.0871657049854375,-0.5310149989290731,0,8566.669921875,0,97.6500015258789,24.0,0,-7.633333333333332e-06,0,1,11.0,1,,1,,1
2019-12-05,-0.7923583470999715,-0.7900499707980814,-0.7909474791891191,-0.7977825324802599,-0.3179604711290892,-0.0096224072639022,1.0014614526553376,1.0137909319799414,1.028802796726728,45.69847333693073,55.95386525093364,0,0,-0.166758045344126,-0.4734964027067418,0,8570.7001953125,0,97.41000366210938,21.0,0,-1.804e-05,0,1,11.0,1,,1,,1
2019-12-06,-0.7893436410063508,-0.795954276027704,-0.7859874247276255,-0.7917545732931162,-0.34926823525211,-0.0087613877814353,0.998011807151362,1.0091911402515303,1.023889149122181,50.72341896880112,64.73735380814462,0,0,-0.3380938381175161,-0.4579724676422709,0,8656.5302734375,0,97.6999969482422,29.0,0,6.715333333333333e-05,0,1,11.0,1,,1,,1
2019-12-07,-0.7890613446526519,-0.7946631628515332,-0.7818347440106622,-0.7888003421115503,-0.4658969268533044,-0.0079644356255729,0.99801495481865,1.008170784174265,1.0225796727325025,51.211225302809325,65.59398260113556,0,0,-0.3506797230755778,-0.4552786083480238,1,8656.5302734375,1,97.6999969482422,32.0,0,7.936333333333334e-05,0,1,11.0,1,,1,,1
2019-12-08,-0.7888136827770935,-0.7933209610907416,-0.7833778207755654,-0.7886759078953592,-0.4678156633118143,-0.0072295236088205,0.9980546042763396,1.0072683181573443,1.0213671746364592,51.69528418642563,66.54466568818876,0,0,-0.6173559800195333,-0.5502406794807202,1,8656.5302734375,1,97.6999969482422,28.0,0,0.0001,0,1,11.0,1,,1,,0
2019-12-09,-0.7938065515580366,-0.793817346643468,-0.7868018744377189,-0.7883564690629773,-0.3594946838215795,-0.0069696416339607,1.0036967989225087,1.012620500193438,1.0267114064805072,42.00170602998652,38.184146309323175,0,0,-0.5573676669230754,-0.5391588147324049,0,8621.830078125,0,97.63999938964844,32.0,0,0.0001,0,1,11.0,1,,1,,0
2019-12-10,-0.7975571731910632,-0.7996505299882669,-0.7905317889890051,-0.7933867319482829,-0.3429080848101651,-0.0069857991727142,1.0071315362617344,1.0160949773996766,1.0302872382433357,36.129559731103605,26.760827279439283,0,0,-0.5300621726252357,-0.5898007990938582,0,8616.1796875,0,97.41000366210938,26.0,0,0.0001,0,1,11.0,1,,1,,0
2019-12-11,-0.799411176793096,-0.802652252179222,-0.7921027444508475,-0.7970506946098737,-0.4264346133146942,-0.0070667456893047,1.008003711789789,1.0170664767721176,1.0313603967948313,33.46130074042598,22.353283772702028,0,0,-0.7388735031781487,-0.6254219039452731,0,8654.0498046875,0,97.16000366210938,20.0,0,2.79e-05,0,1,11.0,1,,1,,1
2019-12-12,-0.7986258899691743,-0.8043810452664982,-0.7930601256284188,-0.7988976671163189,-0.3130772324426482,-0.0069869886472402,1.0059281187207691,1.014859518515055,1.0291225119783771,35.77926238447766,28.96098611128687,0,0,-0.7395100799754718,-0.6290184804967991,0,8717.3203125,0,97.4000015258789,23.0,0,-1.8933333333333337e-05,0,1,11.0,1,,1,,1
2019-12-13,-0.7978148435656881,-0.8035718760552151,-0.7911202025974439,-0.7980446319303548,-0.3923275569324161,-0.0067801782755755,1.0041485612571754,1.0127914113647818,1.0269466400560543,38.339069894558925,36.41266496738365,0,0,-0.9832535219988606,-0.62538120887048,0,8734.8798828125,0,97.16999816894533,22.0,0,-9.443333333333332e-05,0,1,11.0,1,,1,,0
2019-12-14,-0.802244566471438,-0.8031127245556867,-0.7951602296909908,-0.7973040976864323,-0.3918307292150987,-0.0068942485777148,1.008215637493686,1.0170274706711016,1.0313281290503538,30.641965127326316,20.6434704597672,0,0,-1.011394461661372,-0.6171496812635499,1,8734.8798828125,1,97.16999816894533,27.0,0,2.298e-05,0,1,11.0,1,,1,,1
2019-12-15,-0.8014006009063427,-0.8069528660438627,-0.8005349569927428,-0.8017234366016686,-0.4030890786660563,-0.0068377280733125,1.0060475647206586,1.014758066791422,1.029022738673798,33.57368233897087,28.50846736017519,0,0,-1.044414074709511,-0.6302752565449423,1,8734.8798828125,1,97.16999816894533,21.0,0,2.8063333333333336e-05,0,1,11.0,1,,1,,0
2019-12-16,-0.8081156027375351,-0.8072506357345749,-0.8011784750626154,-0.8008245776429713,-0.2564913295528537,-0.0072511924615447,1.0122228166735627,1.0215007393392397,1.0361154142126112,24.18755282047715,13.896946548618033,0,1,-0.9379489503245012,-0.6077174909075628,0,8814.23046875,0,97.06999969482422,24.0,0,-9.299666666666668e-05,0,1,11.0,1,,1,,0
2019-12-17,-0.8170344283326171,-0.8134753123269338,-0.810996316543399,-0.8076171166214482,-0.1618781278376535,-0.0082039703919719,1.019724175485524,1.0302733605989225,1.0456008144109172,16.932762960240126,7.284824052909713,0,1,-0.749608116182935,-0.5518056268303617,0,8823.3603515625,0,97.20999908447266,23.0,0,-6.547e-05,0,1,11.0,1,,1,,1
2019-12-18,-0.7975974010926762,-0.8026273463107643,-0.812486672809515,-0.8162813896502299,0.254875317453731,-0.0073064241998958,0.9961601946670878,1.0053342384880242,1.019897288185485,52.64742691599552,61.0858189673336,0,0,0.0614793901226754,-0.1610459474112487,0,8827.740234375,0,97.41000366210938,15.0,0,-0.00017045,0,1,11.0,1,,1,,0
2019-12-19,-0.7998566519542275,-0.8019775775928925,-0.7968963315079047,-0.797038686752761,-0.0061001774510548,-0.0067001795403599,0.9991383861986686,1.00757126184177,1.0218730966248668,49.77711530692618,56.04554730805306,0,0,0.0118272097456417,-0.1622947763114952,0,8887.2197265625,0,97.41999816894533,21.0,0,0.0001,0,1,11.0,1,,1,,1
2019-12-20,-0.7993687413536861,-0.8046430778978737,-0.7955049476528182,-0.7991451781387664,-0.1499989615379196,-0.0061099245650066,0.9987549533358114,1.0064380211803607,1.0203994334175026,50.45027308226857,57.065624937672325,0,0,-0.0050170813771752,-0.1737375798602606,0,8924.9599609375,0,97.70999908447266,23.0,0,2.2023333333333333e-05,0,1,11.0,1,,1,,0
2019-12-21,-0.8002136167823329,-0.8056859395920397,-0.7946773785559299,-0.7987799006170588,-0.2961183457523412,-0.0056452427858612,0.9998397047588076,1.006942210820461,1.0206182847742384,49.13443777309554,54.163423097894,0,0,-0.0065484817920988,-0.2605461687381277,1,8924.9599609375,1,97.70999908447266,23.0,0,6.587666666666667e-05,0,1,11.0,1,,1,,1
2019-12-22,-0.7904252599479381,-0.7968248366637124,-0.7929843095424614,-0.7996782076618266,-0.1279695999887429,-0.0044360050315264,0.9894956950376778,0.9950212702279818,1.0078124300242053,62.284389910915785,74.33006676169153,0,0,0.1405033892135907,-0.266874358223705,1,8924.9599609375,1,97.70999908447266,20.0,0,7.19e-05,0,1,11.0,1,,1,,0
2019-12-23,-0.7951894695773327,-0.7926726306610895,-0.7880393484495721,-0.789972308965745,0.0786865086787928,-0.0038180946812554,0.9961555917027344,1.0009431343509447,1.0133350720497007,54.387939619677695,57.82087200818851,0,0,0.1380302402706275,-0.2553760368048433,0,8945.650390625,0,97.66000366210938,33.0,0,0.0001,0,1,11.0,1,,1,,0
2019-12-24,-0.7962004771410054,-0.7962933157844757,-0.7898014612729441,-0.794692440972505,-0.1342572008403312,-0.0033711160109799,0.9978178417699192,1.0020512726551043,1.0140419104750966,52.75040701903206,54.402032069068305,0,0,0.1201870458935221,-0.3561516900233988,0,8952.8798828125,0,97.6500015258789,25.0,0,0.0001,0,1,11.0,1,,1,,0
2019-12-25,-0.7976477120723352,-0.8016644563768964,-0.7913108740557588,-0.795567284216977,-0.1972633665603232,-0.0030979507110014,0.9996882185124882,1.003584784381252,1.0152526635751693,50.25139684113225,48.885141419545846,0,0,0.1181218487465194,-0.3610155510139127,1,8952.8798828125,1,97.6500015258789,22.0,0,8.702333333333334e-05,0,1,11.0,1,,1,,0
2019-12-26,-0.7987531962874043,-0.8007241827914631,-0.7919516285510982,-0.7971239649131499,-0.1432591346556702,-0.0029368148069669,1.0009083795541578,1.004605416517143,1.0159959597151196,48.23727209312947,44.308770674368645,0,0,0.1192788185693934,-0.3638994575710756,0,9022.3896484375,0,97.58999633789062,39.0,0,5.715333333333334e-05,0,1,11.0,1,,1,,1
2019-12-27,-0.7971915572013206,-0.801468805149784,-0.7922766826172087,-0.7982438430256833,-0.1436836452968713,-0.0026525255555488,0.9991126710769628,1.002445185112975,1.0134528035901684,51.411566173491096,52.65655210133346,0,0,0.1217374123682222,-0.4441215416164048,0,9006.6201171875,0,96.91999816894533,38.0,0,-3.951e-05,0,1,11.0,1,,1,,1
2019-12-28,-0.7963392238747107,-0.8004014191738308,-0.7892610913448517,-0.7966891909861158,-0.2057910352066791,-0.0023315711979784,0.9983448056592308,1.00127153801013,1.011878419733893,53.21825407262632,57.312929302460475,0,0,0.0909864584569018,-0.4462521409492799,1,9006.6201171875,1,96.91999816894533,37.0,0,-3.264e-05,0,1,11.0,1,,1,,1
2019-12-29,-0.7931420379337292,-0.7969476195131627,-0.7894800211119924,-0.7958149891551294,-0.1582945715136539,-0.001798494447348,0.9952037105798984,0.997454647254238,1.007507069461408,59.70346711900892,71.38763209460585,0,0,0.1007474674147555,-0.5110909219650439,1,9006.6201171875,1,96.91999816894533,37.0,0,-7.325666666666666e-05,0,1,11.0,1,,1,,0
2019-12-30,-0.7971027634681721,-0.7987247273434931,-0.7895906400156976,-0.7926798644540539,-0.1394262072270635,-0.0016763013725663,1.0001467822671617,1.0022548263289388,1.0120406556029962,49.82954867410445,46.21714635897335,0,0,0.0477537330639593,-0.5251837845592937,0,8945.990234375,0,96.73999786376952,40.0,0,-9.859333333333332e-05,0,1,11.0,1,,1,,0
2019-12-31,-0.8001390676342939,-0.8023176006691614,-0.7929034977640785,-0.7965239897221125,-0.2144900556732636,-0.0018036752061737,1.0033457852577985,1.0056202410313355,1.015262821016618,43.47036071854524,33.973346699996256,0,0,-0.0966813754724685,-0.5336006674378126,0,8972.599609375,0,96.38999938964844,38.0,0,-3.839e-05,0,1,11.0,1,,1,,1
2020-01-01,-0.7999382115263518,-0.8047510228964043,-0.7927428308292668,-0.7995650653062994,-0.3289777408408538,-0.0018668921075838,1.0026166858495082,1.0049682131783455,1.0144109340516163,44.015702304151425,35.480924480354375,0,0,-0.8943313025631483,-0.5417363071141866,1,8972.599609375,1,96.38999938964844,37.0,0,-0.0001146866666666,0,0,12.0,1,,1,,0
2020-01-02,-0.8064968958162378,-0.806018697845158,-0.8001961761608191,-0.7993310836334185,-0.2305862288741044,-0.0024183457815845,1.0091546150455557,1.0122176171825503,1.021817334856464,32.282052315100216,17.79293532845169,0,0,-0.7921066414417883,-0.5008169659864037,0,9092.1904296875,0,96.8499984741211,39.0,0,4.588666666666667e-05,0,1,12.0,1,,1,,1
2020-01-03,-0.7955176767508925,-0.7999603490119217,-0.800826650766274,-0.805994549335379,0.0909916370189297,-0.0019470017456705,0.9961189355237487,0.9985533750251468,1.007594430358017,55.29891718421707,61.089045565424634,0,0,-0.5019041542718128,-0.3863720448015232,0,9020.76953125,0,96.83999633789062,38.0,0,2.261e-05,0,1,12.0,1,,1,,1
2020-01-04,-0.7935084892080436,-0.7995494535498059,-0.7885580045777608,-0.7949679206062398,-0.3343184729183941,-0.0013952499848192,0.994581908304882,0.9963242836606822,1.004850629644751,58.29225687020432,65.51997717552679,0,0,-0.4997228966422609,-0.4144988728645228,1,9020.76953125,1,96.83999633789062,38.0,0,5.823666666666667e-05,0,1,12.0,1,,1,,1
2020-01-05,-0.7934883081361555,-0.7960294045725685,-0.7857274361388488,-0.7929798967993507,-0.2779693916555415,-0.0009454556708983,0.9953901970323268,0.9965721569466184,1.0046349779740775,58.32460054716761,65.57248105308747,0,0,-0.7016411710127644,-0.4227819725845927,1,9020.76953125,1,96.83999633789062,39.0,0,0.0001,0,1,12.0,1,,1,,1
2020-01-06,-0.7825552832907935,-0.7888947024766214,-0.7854551025715254,-0.7929798818827579,-0.1217344505221564,0.000289871835318,0.9844506317004632,0.9840917754322144,0.991150559030644,71.93100921722183,83.60527089077972,1,0,-0.52682906559429,-0.3255158024403896,0,9071.4697265625,0,96.66999816894533,41.0,0,0.0001,0,1,12.0,1,,1,,1
2020-01-07,-0.7705050951621522,-0.776981537269649,-0.7742930250319495,-0.7820362490753267,0.1198440934852344,0.002215686207028,0.9738925901972332,0.971172769354934,0.9768119444353008,80.16616520862607,90.73613018773418,1,0,-0.3526489850231866,-0.2300345428935355,0,9068.580078125,0,96.9800033569336,40.0,0,0.0001,0,1,12.0,1,,1,,0
2020-01-08,-0.7730658837541471,-0.7704133446153447,-0.7684296309410366,-0.7700226789076764,0.2476617220634743,0.0034949857136271,0.9805795719796498,0.9762517085717118,0.9808254264777282,74.78602852763686,80.78062165689668,1,0,-0.3415078055698414,-0.2477998412463006,0,9129.240234375,0,97.3000030517578,51.0,0,0.00010838,0,1,12.0,1,,1,,0
2020-01-09,-0.7791995722707084,-0.7798646300352985,-0.7719863058118326,-0.7724556050080337,-0.0878701320993601,0.0039681599101984,0.9901328650323248,0.985165305907228,0.9890493998555878,63.08499620896527,59.819564914848186,0,0,-0.2638597894590402,-0.231390278144093,0,9203.4296875,0,97.4499969482422,44.0,0,0.0001,0,1,12.0,1,,1,,1
2020-01-10,-0.7704176736822288,-0.7773320539793577,-0.7755821110758815,-0.7786872801014972,0.1175252211370869,0.0049942095537703,0.9821507438818438,0.9759371832736744,0.9787505657662392,70.66687237063982,73.1297301540373,1,0,-0.1943619261793109,-0.1943955241167665,0,9178.8603515625,0,97.36000061035156,41.0,0,0.0001,0,1,12.0,1,,1,,0
2020-01-11,-0.7743588147766206,-0.7757749308645916,-0.7661636061151447,-0.7700148775297013,-0.02296963907661,0.0054267875113892,0.989126643805698,0.9823173155522316,0.9843844686944134,63.87363381839424,61.03212035994604,0,0,-0.1512103842188475,-0.1788892202549524,1,9178.8603515625,1,97.36000061035156,50.0,0,0.0001261533333333,0,1,12.0,1,,1,,1
2020-01-12,-0.7696252720236503,-0.7763248559624765,-0.766803692493564,-0.7739535590787997,-0.138136854876178,0.00608146268342,0.985645929835228,0.9780286269315732,0.9791977723155668,68.1206393425635,69.19331338373311,0,0,-0.1435563818106013,-0.1695256794979012,1,9178.8603515625,1,97.36000061035156,45.0,0,0.0001,0,1,12.0,1,,1,,0
2020-01-13,-0.7711007127250765,-0.7763932480349649,-0.764606893691281,-0.7691722988752103,-0.1566380236557228,0.0064073814353711,0.989432852949676,0.9813644768542928,0.981803635291166,65.35728906633213,63.65293412937218,0,0,-0.1798945807221399,-0.1890461804022171,0,9273.9296875,0,97.3499984741211,49.0,0,0.0001,0,1,12.0,1,,1,,1
2020-01-14,-0.7502193143866235,-0.7559024841194635,-0.7627026997310568,-0.7706642863089018,0.8270434264156205,0.008255464867057,0.968204107652926,0.9579974263173962,0.956896925241516,79.16145824076548,85.52461268803253,1,0,0.1320904861714038,0.023246389861236,0,9251.330078125,0,97.37000274658205,56.0,0,0.000153,0,1,12.0,1,,1,,0
2020-01-15,-0.75085329537667,-0.7555837124854614,-0.746648320859477,-0.7497561010882045,0.618552748628821,0.0095587401278095,0.9736625803287264,0.961741587160532,0.9592966560421664,78.07163456225562,83.49081910586027,1,0,0.1389102064613238,-0.0279111052156507,0,9258.7001953125,0,97.2300033569336,54.0,0,0.0002629633333333,0,1,12.0,1,,1,,0
2020-01-16,-0.7533956032975125,-0.7568959009869742,-0.7480505767989908,-0.7501490339727528,0.2318860671249701,0.0102680880321175,0.98043466628949,0.967506437650954,0.963960628839224,73.39626206282716,74.0726922132541,1,0,0.0367081134137843,-0.1159126818621154,0,9357.1298828125,0,97.31999969482422,55.0,0,0.0002755233333333,0,1,12.0,1,,1,,1
2020-01-17,-0.7471256589851656,-0.7535396701026802,-0.7460223560432327,-0.7528151064168005,0.4544203380544012,0.0112069961868239,0.9764401023261304,0.9623448803382724,0.957592944218144,77.26981393701979,81.0878917731506,1,0,-0.0499704925676045,-0.3946294032066877,0,9388.9404296875,0,97.61000061035156,54.0,0,0.0002725866666666,0,1,12.0,1,,1,,1
2020-01-18,-0.7467050037084554,-0.7519142870031194,-0.7413571992795919,-0.7466441120223858,0.2769278676458782,0.0118484494789744,0.9795235641358204,0.9645321005691956,0.95866834502738,77.52315906198008,81.53481976059761,1,0,-0.0405589371295324,-0.4065658562966797,1,9388.9404296875,1,97.61000061035156,51.0,0,0.0002375433333333,0,1,12.0,1,,1,,0
2020-01-19,-0.7539314383503648,-0.7473406478757096,-0.747802280256316,-0.7462092933455736,0.3596188115953733,0.0116395198135955,0.9906792139660104,0.9757554880609745,0.9691643652158782,63.495157367759475,52.900201049508325,0,0,0.0611004517069559,-0.3576957086782277,1,9388.9404296875,1,97.61000061035156,53.0,0,0.0005061233333333,0,1,12.0,1,,1,,0
2020-01-20,-0.7554161268452653,-0.759927783201312,-0.7496559099132681,-0.7534437512989813,0.0166792343853492,0.0112247476908298,0.993756869776149,0.9792963266471972,0.9721757359245666,60.88346004294722,48.25757421883162,0,0,-0.0247362246300233,-0.3560168964226917,1,9388.9404296875,1,97.61000061035156,48.0,0,0.00016828,0,1,12.0,1,,1,,1
2020-01-21,-0.7527202458895668,-0.7596237466833569,-0.750152017095403,-0.7548380350505761,-0.0856075487430526,0.0109869224550339,0.9917040092699062,0.9775537249606168,0.969896558053446,63.986983384810586,57.32500135916287,0,0,-0.1685426215257984,-0.4190891423124535,0,9370.8095703125,0,97.52999877929688,49.0,0,0.0001440733333333,0,1,12.0,1,,1,,0
2020-01-22,-0.7547064034435056,-0.7585029679263493,-0.7472839733710628,-0.7522346421289972,-0.151477687388443,0.010516945129751,0.9951902858937012,0.9815776458486468,0.9735073152092346,59.94400663611822,48.90615586902344,0,0,-0.1750014543610622,-0.4430992016856641,0,9383.76953125,0,97.52999877929688,52.0,0,0.0001379733333333,0,1,12.0,1,,1,,0
2020-01-23,-0.763087440016469,-0.7616664094835599,-0.7567100098316264,-0.7541763648321873,-0.0119921647159874,0.0093603053319882,1.0052765431872543,0.9930313896224272,0.9849238456322332,45.8413991567187,26.778999957504197,0,0,-0.1375363614377507,-0.384956114795451,0,9402.48046875,0,97.69000244140624,49.0,0,0.0002410133333333,0,1,12.0,1,,1,,1
2020-01-24,-0.7618985615863766,-0.766868727327089,-0.75878724607416,-0.762579925653994,-0.0723872547805304,0.0084422752189678,1.0031377255873462,0.9921100805519654,0.984030344969016,47.84956334647166,32.55087397798279,0,0,-0.2226568578794595,-0.3906008276850672,0,9314.91015625,0,97.8499984741211,40.0,0,0.0003826366666666,0,1,12.0,1,,1,,0
2020-01-25,-0.7642686517274554,-0.7685583637514041,-0.7578736569238071,-0.7615243977223102,-0.2813896847511915,0.00743774557251,1.005290352900506,0.9955505514445352,0.9875913724274542,44.0891241047538,26.911990066739023,0,0,-0.2398009632129051,-0.3860760100461514,1,9314.91015625,1,97.8499984741211,41.0,0,0.0001,0,1,12.0,1,,1,,1
2020-01-26,-0.7572737997330959,-0.7642316699054732,-0.7569631350374966,-0.7638372452515411,-0.1700667391595833,0.0071239541787099,0.9966891969037648,0.9874308250939738,0.9793763220877546,55.89310837811379,56.53878882761028,0,0,-0.2134292464131299,-0.3652129347646236,1,9314.91015625,1,97.8499984741211,42.0,0,0.0001,0,1,12.0,1,,1,,1
2020-01-27,-0.7477127447128202,-0.7529504122249093,-0.7485104234537342,-0.7567223885382939,0.1145667490570862,0.0075596268013817,0.986517731552824,0.9767753494390186,0.9682637101938404,66.91086043780015,75.00450991213063,0,0,-0.1455119889202392,-0.3270792040133707,0,9139.3095703125,0,97.95999908447266,50.0,0,0.0001,0,1,12.0,1,,1,,1
2020-01-28,-0.7340039051613912,-0.741502694697529,-0.7388346934787537,-0.7470928031303964,0.3676005803170367,0.0089083987998697,0.9731570197021118,0.9617972964305824,0.9523594876178751,76.58675196811708,86.20760106286004,1,0,-0.47746489592287,-0.254913398968183,0,9269.6796875,0,98.0199966430664,54.0,0,0.00044361,0,1,12.0,1,,1,,0
2020-01-29,-0.735285679168512,-0.7400647000060224,-0.7276077478600251,-0.733500058044802,0.2041082566764938,0.0097613590055258,0.978642046382637,0.9660905392227396,0.955745815445142,74.24452684715203,81.64556896643377,1,0,-0.4742719548975143,-0.2756369299534532,0,9275.16015625,0,97.98999786376952,57.0,0,0.0007473699999999,0,1,12.0,1,,1,,1
2020-01-30,-0.7294094522054325,-0.7356554660279724,-0.7288071999453337,-0.7347664469307025,0.2787325575634069,0.0107871509585161,0.975198719666419,0.961334261157375,0.9500410490915342,77.83091832910897,86.13162107352483,1,0,-0.4719948735733901,-0.2910355484071504,0,9298.9296875,0,97.87000274658205,57.0,0,0.0002777633333333,0,1,12.0,1,,1,,0
2020-01-31,-0.7342501351205407,-0.7365998636847296,-0.7288109656952471,-0.728891934732525,0.1491095804606042,0.0110817522736591,0.9844466219525716,0.9700339824377868,0.9579859396419824,68.73360292568084,67.90282320686308,0,0,-0.4601526063063788,-0.2659098716325851,0,9150.9404296875,0,97.38999938964844,55.0,0,0.0005685433333333,0,1,12.0,1,,1,,1
2020-02-01,-0.7329565776346384,-0.7390760676483038,-0.7262465507421474,-0.7338395596943472,-0.005305973919489,0.0112894672656106,0.9853329228571928,0.9706023534023696,0.9579399309685196,69.82125327179277,70.1534687736489,0,0,-0.4603694628741167,-0.3311164209326061,1,9150.9404296875,1,97.38999938964844,57.0,0,0.0006323666666666,0,0,14.0,1,,1,,0
2020-02-02,-0.7344384321283128,-0.7381901408106012,-0.7292137490912226,-0.7325118039461345,0.2108456188198074,0.0112053414191757,0.98925406158435,0.9745451844320692,0.9613893578094468,66.7519273463355,63.36674410807903,0,0,-0.5492889989427175,-0.3968167653775937,1,9150.9404296875,1,97.38999938964844,57.0,0,0.00042901,0,1,14.0,1,,1,,0
2020-02-03,-0.7359915841265146,-0.7360388138677576,-0.7282556390588294,-0.7338906937740767,0.2151729601731514,0.0108878364921216,0.9926676939670468,0.9783013818660664,0.9648063851388136,63.38231625645198,55.82017720850485,0,0,-0.5496046371982215,-0.3890669286441561,0,9273.400390625,0,97.8000030517578,59.0,0,0.00035513,0,1,14.0,1,,1,,0
2020-02-04,-0.7394299734034184,-0.742323986623807,-0.7324794134898829,-0.7354744182527903,0.1693778708398067,0.0102407136982137,0.9977188533133208,0.9841203977648654,0.970481606942805,56.14295532503498,41.30133602666813,0,0,-0.525073257670685,-0.3745238908610153,0,9467.9697265625,0,97.95999908447266,56.0,0,0.0006397466666666,0,1,14.0,1,,1,,1
2020-02-05,-0.7262193512675159,-0.7312017625263945,-0.7308967659819385,-0.7388172863402108,0.4038224920781492,0.0106708441731077,0.9829341483423109,0.968939815906115,0.954897678436958,70.8851651497956,74.83379616783694,1,0,-0.3799406091926436,-0.3784701769717813,0,9508.6796875,0,98.2699966430664,53.0,0,0.0002421033333333,0,1,14.0,1,,1,,1
2020-02-06,-0.7226642906348774,-0.7274951176672647,-0.7192004378578796,-0.7255465606575331,0.5097083262179211,0.0111698305025016,0.9814256606844391,0.9667605176799542,0.952081663521333,73.63681260077271,79.11474028737737,1,0,-0.5439217085268052,-0.4608486252286563,0,9572.150390625,0,98.5,61.0,0,0.0009932933333333,0,1,14.0,1,,1,,1
2020-02-07,-0.7206438267503084,-0.7271916095000841,-0.7134105062592281,-0.7222417000482777,0.3730548213151203,0.0115946592983456,0.9819021141981624,0.9666311554182307,0.951306735161502,75.17536842098117,81.49951704934881,1,0,-0.5460949319506626,-0.4734113447766944,0,9520.509765625,0,98.68000030517578,56.0,0,0.0002998666666666,0,1,14.0,1,,1,,1
2020-02-08,-0.7185306761098541,-0.7259282347395791,-0.7148749881791652,-0.7201928463764129,0.4016219829407464,0.0119639399239765,0.9821926549173224,0.9663882827848574,0.9504360762359232,76.80867663003575,84.04071947924452,1,0,-0.5885595729269979,-0.5222256572232186,1,9520.509765625,1,98.68000030517578,56.0,0,0.0006736266666666,0,1,14.0,1,,1,,1
2020-02-09,-0.710846296701419,-0.7183331630020401,-0.7095422611365275,-0.7180292244404181,0.4295958834047495,0.0127299200829189,0.9759393359278904,0.9591755959649028,0.9424791282174636,81.82590958163445,90.42059151082628,1,0,-0.5942308444418476,-0.5461335122673583,1,9520.509765625,1,98.68000030517578,56.0,0,0.0007942366666666,0,1,14.0,1,,1,,0
2020-02-10,-0.7187905689380719,-0.7172411793622477,-0.7115894017487051,-0.710341063403857,0.5870396306126026,0.0125512455551446,0.9888473207219396,0.9720628351035252,0.9547714038041956,65.04099497420361,58.29676985084103,0,0,-0.53440268310241,-0.5188051375316219,0,9628.3896484375,0,98.83000183105467,57.0,0,0.00109891,0,1,14.0,1,,1,,1
2020-02-11,-0.708049286649341,-0.7159100289384913,-0.7133068873987087,-0.7182737073945502,0.5105546020724844,0.01312507867972,0.9779717219334568,0.9605581295137045,0.9427032332543388,73.51632270147005,74.57852813536113,1,0,-0.6422211448651678,-0.4884908526874508,0,9638.9404296875,0,98.72000122070312,52.0,0,0.0005296866666666,0,1,14.0,1,,1,,1
2020-02-12,-0.7044502244187202,-0.7103927553276655,-0.6985959853621483,-0.7076885352259688,0.7655611057474737,0.0137121941697391,0.9770590848343368,0.9588236465524542,0.9402006536596884,75.78590918522148,78.3540739226103,1,0,-0.6541415984789543,-0.4964307880049745,0,9725.9599609375,0,99.0500030517578,61.0,0,0.0017064633333333,0,1,14.0,1,,1,,0
2020-02-13,-0.7078616161049978,-0.7084686192178953,-0.7012774422520714,-0.7039745721456927,1.0256500628342495,0.0137437868075184,0.9845487776336864,0.9660812425080046,0.9468049708991332,69.29151502376237,65.9713692555086,0,0,-0.6438377247570354,-0.7640686416717098,0,9711.9697265625,0,99.06999969482422,65.0,0,0.0008279,0,1,14.0,1,,1,,1
2020-02-14,-0.704876010729229,-0.7125453150889831,-0.7009859610611967,-0.7074086104476134,0.760895877208066,0.0138500824732755,0.9833619608708132,0.9647215696700476,0.9449307359104968,71.73727034357537,71.26964419755893,1,0,-0.7030510257198912,-0.766043492575388,0,9731.1796875,0,99.12000274658205,63.0,0,0.00064575,0,1,14.0,1,,1,,0
2020-02-15,-0.7177881976202405,-0.7119574074409695,-0.7087948205166263,-0.7042832561147476,0.7840720989905832,0.0127454948528817,1.0011636885520527,0.9836765877488431,0.9636673072842998,51.33483222933165,37.55314532819613,0,0,-0.4633036589320334,-0.6592639838739497,1,9731.1796875,1,99.12000274658205,64.0,0,0.00081114,0,1,14.0,1,,1,,1
2020-02-16,-0.7164132893833567,-0.7206014902886344,-0.7135229624844635,-0.7172567836047391,0.7625024095151333,0.0118445086865368,0.9993619094847564,0.983118320236408,0.963263620202208,52.977920408231846,41.483475635760634,0,0,-0.4716336256339138,-0.6790518363529042,1,9731.1796875,1,99.12000274658205,59.0,0,0.00049674,0,1,14.0,1,,1,,0
2020-02-17,-0.7238757814115939,-0.7240626868601466,-0.7202011858973563,-0.7158093371168097,0.8779244188625652,0.0104083291786118,1.0082559712684271,0.9938478394583532,0.9743176859289728,43.731122879910195,28.501616818329225,0,0,-0.4009266517110232,-0.6381047355882333,1,9731.1796875,1,99.12000274658205,49.0,0,0.0006507166666666,0,1,14.0,1,,1,,1
2020-02-18,-0.7100727635246871,-0.7173563011254666,-0.716321886476523,-0.7233039702798557,0.9339181391752422,0.0102655993194654,0.9907022813647564,0.9767131212898352,0.9574009665483606,59.00285078375168,59.645899156767655,0,0,-0.2794763127057511,-0.5975106935717618,0,9732.740234375,0,99.45999908447266,53.0,0,0.00023527,0,1,14.0,1,,1,,0
2020-02-19,-0.7256095338668698,-0.7164623903205034,-0.7169798905359817,-0.7094783771824247,0.9216433123900484,0.0087973865612767,1.0104549441749011,0.998225789605248,0.97918077607595,43.6251484757584,36.06719587458479,0,0,-0.1756876673558877,-0.4526351710316389,0,9817.1796875,0,99.5999984741211,50.0,0,0.0004188,0,1,14.0,1,,1,,0
2020-02-20,-0.7263705079434318,-0.7329475802497409,-0.7201930166495604,-0.7251951257338386,0.8307159692609575,0.0074861178179982,1.0097259329804569,0.999326506888528,0.9809690780719718,42.99191729717142,35.15952137505735,0,0,-0.1878555475310209,-0.4531381771461047,0,9750.9697265625,0,99.87000274658205,44.0,0,0.0001,0,1,14.0,1,,1,,1
2020-02-21,-0.7239888431447143,-0.7305490732028521,-0.7176478859802912,-0.7257310490758799,0.6549680802092865,0.0065634489823587,1.0054228824813325,0.9963413910416627,0.9786064025184076,45.83135302282505,41.32183493020818,0,0,-0.1860837122950464,-0.4575625790599526,0,9576.58984375,0,99.26000213623048,44.0,0,0.0001,0,1,14.0,1,,1,,0
2020-02-22,-0.7246993719994541,-0.7312939890893811,-0.7173062656514569,-0.7234116084126817,0.4309219180996616,0.0057090827895864,1.0054181759561802,0.9975172931215954,0.980352372921056,45.0588071337584,39.816609073284376,0,0,-0.1914349737141871,-0.5173788292743292,1,9576.58984375,1,99.26000213623048,43.0,0,0.0001074766666666,0,1,14.0,1,,1,,1
2020-02-23,-0.7167162590302093,-0.7241051016862179,-0.7155317471116364,-0.7241566623841882,0.6661709219778442,0.0056114763194103,0.9952089114713928,0.9875142853796652,0.9707120767183924,54.91170316741633,61.06390784847509,0,0,-0.1846849116347018,-0.4950502192819938,1,9576.58984375,1,99.26000213623048,46.0,0,0.0004466033333333,0,1,14.0,1,,1,,0
2020-02-24,-0.7250966989713358,-0.7236740261597948,-0.7192867464163778,-0.7162668886808761,0.8375456147003645,0.0048025304421237,1.0057864364950988,0.9991306062638268,0.9827537479645851,45.112233091767166,40.86861139600055,0,0,-0.1763755666526253,-0.4534758689456725,0,9221.2802734375,0,99.29000091552734,46.0,0,0.0002445366666666,0,1,14.0,1,,1,,0
2020-02-25,-0.7345196933845187,-0.7326614195996592,-0.7265021054640907,-0.7245234315651644,0.7246876672009599,0.0033623193834585,1.0159098807620572,1.011207357795119,0.9956998553465508,36.631040043408696,27.321826809147257,0,0,-0.2346316974138683,-0.4181634538597193,0,8965.6103515625,0,98.97000122070312,44.0,0,0.00035567,0,1,14.0,1,,1,,0
2020-02-26,-0.7504405454718007,-0.7416172587571525,-0.7451792835969028,-0.734086011638714,1.072459969961688,0.0009255923831433,1.031908348851886,1.0305966524256729,1.0165928720382889,26.806238590893457,15.641717739081995,0,1,-0.0776688894656249,-0.3196136400750687,0,8980.7802734375,0,99.0,41.0,0,0.0004182,0,1,14.0,1,,1,,0
2020-02-27,-0.7515411223900101,-0.7542980002283196,-0.74913578089096,-0.74976373838366,0.8546904733191636,-0.0010818675836062,1.028135250378547,1.029659180680367,1.0173623004798158,26.244777800377847,15.048750846933473,0,1,-0.0739939072501843,-0.4310656153486984,0,8566.48046875,0,98.44000244140624,39.0,0,0.0001245433333333,0,1,14.0,1,,1,,0
2020-02-28,-0.7549636412600486,-0.7555735270566402,-0.7517562872963984,-0.7508746665405814,0.8166458971238879,-0.0029153563268621,1.0276290572241409,1.031723220779126,1.021114593031098,24.41023097769312,13.004623404632696,0,1,-0.1083170994729211,-0.426202334523252,0,8567.3701171875,0,98.12999725341795,40.0,0,0.0001508766666666,0,1,14.0,1,,1,,0
2020-02-29,-0.7571919716766449,-0.7590248317275393,-0.7484420022073244,-0.7544646727356324,0.4289143056795655,-0.0044963854743054,1.02582310690074,1.0321102901831003,1.0231603575756951,23.19233014097486,11.632895941291864,0,1,-0.1829228883979067,-0.4495922163840151,1,8567.3701171875,1,98.12999725341795,38.0,0,0.00061349,0,1,14.0,1,,1,,0
2020-03-01,-0.7583239015978911,-0.7604926782378102,-0.7524317231336819,-0.7566475370761929,0.4094144233017711,-0.0057741390681647,1.0230508903175373,1.031082883102468,1.023698708316668,22.533377517697076,10.85724157268882,0,1,-0.1980629461777226,-0.4581330835587203,1,8567.3701171875,1,98.12999725341795,39.0,0,0.0003609433333333,0,0,19.0,1,,1,,1
2020-03-02,-0.7489392109486466,-0.7546461833887739,-0.7505217590727838,-0.7577624032135837,0.7397522705396395,-0.0059607896204717,1.0087775520196596,1.0169424168055698,1.0105927280547848,39.08925027165222,48.682657666646975,0,0,-0.0678801626415507,-0.3958994414799776,0,8952.169921875,0,97.36000061035156,38.0,0,0.0001290666666666,0,1,19.0,1,,1,,0
2020-03-03,-0.7514405600938757,-0.7552386113711923,-0.7451617607122252,-0.7485327913219827,0.7190323881875299,-0.0062386344052836,1.0102588261332186,1.018803946307656,1.013412851985091,36.67850488571067,42.30345276417965,0,0,-0.3052852431231959,-0.3939830856627717,0,8684.08984375,0,97.1500015258789,38.0,0,0.0001,0,1,19.0,1,,1,,0
2020-03-04,-0.7524345785659885,-0.7569889200761227,-0.7449303493062588,-0.7508803646789877,0.3829092107603761,-0.0064645184378229,1.0097938637282318,1.0186311128350094,1.0141666503987727,35.669803164099704,39.55698603269755,0,0,-0.4751011947187688,-0.3943821629799872,0,9018.08984375,0,97.33999633789062,40.0,0,0.00014776,0,1,19.0,1,,1,,1
2020-03-05,-0.7425519389855443,-0.748011154361484,-0.7435364751971972,-0.7517435878977569,0.600744399253014,-0.0057794646684341,0.99706313445989,1.0048612476291845,1.0008131470351784,51.0977028562696,67.51473425719917,0,0,-0.3128833895216207,-0.3381272088150307,0,8738.58984375,0,96.81999969482422,41.0,0,0.0001766733333333,0,1,19.0,1,,1,,1
2020-03-06,-0.7412144693964352,-0.7472404666982834,-0.7349900146619626,-0.7420282320819118,0.6504074635441104,-0.0050701860537598,0.9959924427075628,1.0028246502667837,0.9990492694915356,52.862980066307294,70.01725222498102,0,0,-0.3190503484591468,-0.4349571134010491,0,8575.6201171875,0,95.9499969482422,39.0,0,0.00025946,0,1,19.0,1,,1,,0
2020-03-07,-0.7477086279531445,-0.7473749613232371,-0.7393852218209269,-0.7407056971411393,0.4475919007651454,-0.0049747560718151,1.0039899690288856,1.010741603387262,1.0074941789209095,43.97034609305023,46.7176152433967,0,0,-0.2893648517462706,-0.423844112516239,1,8575.6201171875,1,95.9499969482422,38.0,0,0.0003475866666666,0,1,19.0,1,,1,,0
2020-03-08,-0.7722028110544703,-0.7548555277067943,-0.7638122749061347,-0.7472247254761161,0.6128451496878252,-0.006797248543368,1.0310298188374274,1.0404726816432033,1.0388487931899189,25.385660427778262,17.474398689344667,0,1,0.1491898037188705,-0.0960680077404527,1,8575.6201171875,1,95.9499969482422,33.0,0,0.0004911766666666,0,1,19.0,1,,1,,0
2020-03-09,-0.7778379689237908,-0.7769942323646496,-0.7767226777653674,-0.7715742432125577,0.9192225288964604,-0.0085971940016145,1.0324300662405617,1.0443472367647235,1.044527950795016,22.82476054564792,14.659593916051053,0,1,0.1414803619807852,-0.0933542140859151,0,7950.68017578125,0,94.9000015258789,17.0,0,0.0001,0,1,19.0,1,,1,,0
2020-03-10,-0.7782630392760952,-0.7782220168299218,-0.772845868598509,-0.7773480236603231,0.7114311379288849,-0.0099433427049645,1.027777226109502,1.0414527688565487,1.0432536846016407,22.62609780239535,14.42588145857711,0,1,0.1240174607021276,-0.1336974779915805,0,8344.25,0,96.41000366210938,16.0,0,0.0001,0,1,19.0,1,,1,,1
2020-03-11,-0.7782110875588842,-0.7838166057707624,-0.77819315755311,-0.7777163590835314,0.5560765002842005,-0.0108805588716867,1.0233462322661488,1.0382007210477198,1.0414204068134691,22.72095252484735,14.647626212943903,0,1,-0.0312431670821075,-0.1442288275303025,0,7952.0498046875,0,96.51000213623048,17.0,0,0.0001429933333333,0,1,19.0,1,,1,,0
2020-03-12,-0.8680404989975914,-0.7844687960963511,-0.8647215113336048,-0.7776086314511493,1.2290961016798627,-0.0186567290444663,1.117156959924229,1.144640898625488,1.1543155893914718,6.5937020634343355,2.1003064327347545,0,1,5.625530667749216,3.7971462622378103,0,7201.7998046875,0,97.47000122070312,14.0,0,1.8076666666666662e-05,0,1,19.0,1,,1,,1
2020-03-13,-0.8499282778360181,-0.8473186303999029,-0.8881497599921943,-0.8660724987068791,2.1167600115402365,-0.0230917082148722,1.0782786166474116,1.1108209613863984,1.1244872301949145,19.8320983639112,20.425532937193353,0,1,6.008044274969428,4.019470716667935,0,7874.8798828125,0,98.75,10.0,0,-0.0012715033333333,0,1,19.0,1,,1,,0
2020-03-14,-0.8610274497322019,-0.853717471954541,-0.8564894453627098,-0.8491101699163625,0.4448455331024635,-0.0271886576510411,1.0770557038247015,1.1149762470075515,1.132988321292551,18.025682618631492,17.71601700559839,0,1,6.016556199617244,4.044980451768001,1,7874.8798828125,1,98.75,8.0,0,-0.0004389733333333,0,1,19.0,1,,1,,1
2020-03-15,-0.8551638862798638,-0.8473628063952227,-0.8551144911100678,-0.8604747937191856,0.3499649245248066,-0.0296209274165022,1.0583686095960152,1.0986443349688917,1.1197716624796883,22.33767879906067,24.747531125806717,0,1,6.086808735137249,4.075481810299429,1,7874.8798828125,1,98.75,12.0,0,-0.00050297,0,1,19.0,1,,1,,0
2020-03-16,-0.8667058186623205,-0.8609311331384683,-0.8735842644926112,-0.854848777038573,0.850195523646855,-0.0321097154009597,1.0607961943882374,1.1041913279173765,1.128913432942186,19.953766630675148,20.213958730456227,0,1,6.019451393552331,4.102823459812805,0,6904.58984375,0,98.08999633789062,9.0,0,-0.0005183766666666,0,1,19.0,1,,1,,1
2020-03-17,-0.8602557213667771,-0.8613483541334688,-0.8609414120909328,-0.8665384632292208,0.5534315278361184,-0.0331791601583578,1.044401571474005,1.0882373751551484,1.115241379143828,25.107547044817736,29.796756641841995,0,1,6.114525940778988,4.1442764990874466,0,7334.77978515625,0,99.58000183105467,8.0,0,-0.0001269466666666,0,1,19.0,1,,1,,1
2020-03-18,-0.8598644352922455,-0.8625360573219242,-0.858222631760336,-0.8596790829989156,0.5207061089926096,-0.0336077204363184,1.0369191030941078,1.0807183318455973,1.109740970225707,25.443552439230643,30.472202814704076,0,1,6.1221317552884615,4.150943381319591,0,6989.83984375,0,101.16000366210938,11.0,0,-0.0002786933333333,0,1,19.0,1,,1,,1
2020-03-19,-0.8307601227334426,-0.8325418333474783,-0.8530096191222022,-0.859119949438654,1.0980071051788107,-0.0312387815276216,1.001541194442656,1.0407359366198767,1.0691526600220589,46.17063962937198,64.42118418482929,0,0,6.696668623727449,4.5199007411473495,0,7150.580078125,0,102.76000213623048,12.0,0,-0.0002137833333333,0,1,19.0,1,,1,,1
2020-03-20,-0.8305284058437293,-0.8170765805593538,-0.8334549149682479,-0.8302131739709964,1.249449076649006,-0.029008293211627,1.0010675061018706,1.0373378155252502,1.065976128735376,46.307763421198345,64.6046493340405,0,0,6.693197008166729,4.508005941917203,0,6879.52001953125,0,102.81999969482422,9.0,0,-2.213333333333333e-05,0,1,19.0,1,,1,,0
2020-03-21,-0.8309472712249284,-0.8310870781952889,-0.8313700713035103,-0.8297589786402845,0.7237695659598067,-0.0269635945533038,1.00133015403059,1.034958423627682,1.063739101045878,46.063020190446515,63.81156927842351,0,0,6.702648756696527,4.508115062049888,1,6879.52001953125,1,102.81999969482422,9.0,0,-1.3816666666666673e-05,0,1,19.0,1,,1,,0
2020-03-22,-0.8417858939978736,-0.8316412741286017,-0.8347631334512557,-0.8303993927140949,0.6184132880394182,-0.0259189647196582,1.012150267456668,1.0447081369635995,1.0743442147250972,39.784986548212416,44.82606179070864,0,0,6.644489514877329,4.523524456825462,1,6879.52001953125,1,102.81999969482422,11.0,0,2.460666666666667e-05,0,1,19.0,1,,1,,1
2020-03-23,-0.8238831950216755,-0.8291093291583083,-0.8359669131120696,-0.841219411717933,0.8996411867274551,-0.0233770141941177,0.9920552902428976,1.0207892419684292,1.0493764299886448,52.20100408506454,66.66727472212901,0,0,6.853239492659538,4.66586363090413,0,6860.669921875,0,102.48999786376952,10.0,0,-7.697e-05,0,1,19.0,1,,1,,1
2020-03-24,-0.8141541433918832,-0.8187369081920897,-0.8164977582928407,-0.8227289675062381,0.975752520052619,-0.0203429461116838,0.9833144298186532,1.0080827063640094,1.0354827404210087,57.6735485052799,74.09714376721924,0,0,6.910357564343104,4.691428840772016,0,7417.85986328125,0,101.73999786376952,12.0,0,0.0001,0,1,19.0,1,,1,,0
2020-03-25,-0.8157957908073149,-0.8156263310651588,-0.8125837927145387,-0.8135008472739058,0.8159708994857076,-0.0178649564265442,0.9875309385911512,1.0093590875676737,1.0360442055489871,56.415984838148304,70.55872541365929,0,0,6.908349570311129,4.688920687271454,0,7384.2998046875,0,101.0500030517578,13.0,0,9.923666666666668e-05,0,1,19.0,1,,1,,1
2020-03-26,-0.8147150966450751,-0.8203467489730315,-0.810903372369126,-0.8154421224793154,0.4081224334870856,-0.0156337130485891,0.9883175607557994,1.0074233461702329,1.033266837318383,57.12608124294002,71.74311256641519,0,0,2.2616637334273784,4.687198891616614,0,7797.5400390625,0,99.41999816894533,14.0,0,3.326333333333334e-05,0,1,19.0,1,,1,,0
2020-03-27,-0.8222494082306969,-0.8185922281383147,-0.8147676239747813,-0.8140912907622165,0.3758212439799432,-0.0143084536276927,0.9978476519038632,1.0154806029853314,1.0410739884250937,50.506560480099495,52.216583875516385,0,0,2.042683273146664,4.670223999263592,0,7502.3798828125,0,98.37000274658205,12.0,0,4.403e-05,0,1,19.0,1,,1,,0
2020-03-28,-0.8292021678489527,-0.8284009868865092,-0.8256165217080541,-0.8217938164775347,0.3890033950482506,-0.0136617217589003,1.0053131352557076,1.0222448639696702,1.0478275674881228,44.95936092575268,39.116881510929446,0,0,1.8993004204027648,4.676893161808517,1,7502.3798828125,1,98.37000274658205,8.0,0,-0.0002503866666666,0,1,19.0,1,,1,,0
2020-03-29,-0.8389819928480777,-0.8349244311654879,-0.8317661735302846,-0.8285644131481695,0.1025275945261714,-0.0137794908444331,1.0144902344716251,1.0316801392867454,1.0576895243352782,38.15750084618834,26.60095887981447,0,0,2.0139236124947337,4.695904891118899,1,7502.3798828125,1,98.37000274658205,12.0,0,-0.00026005,0,1,19.0,1,,1,,1
2020-03-30,-0.8234699827271325,-0.8269072952175146,-0.8322902201472606,-0.8383427766515223,0.4865153193269969,-0.0124773035275025,0.9963872909410428,1.0116607015183854,1.0365836594784446,51.56751460199076,56.2232194200589,0,0,1.932322604164786,4.795769289583628,0,7774.14990234375,0,99.18000030517578,10.0,0,-0.0003503633333333,0,1,19.0,1,,1,,1
2020-03-31,-0.8232010807581752,-0.827288441595739,-0.8176454009478896,-0.822913366425029,0.2966683127761418,-0.0112934289366285,0.9966657611595714,1.010482263840785,1.034774359199287,51.77667197573322,56.62779895669466,0,0,1.9180558470684963,4.796818332038391,0,7700.10009765625,0,99.0500030517578,12.0,0,-0.0001228533333333,0,1,19.0,1,,1,,1
2020-04-01,-0.8180650650837287,-0.824040493267415,-0.8229876486566389,-0.8227082931087747,0.6292695924322517,-0.009827481167052,0.9919052071451168,1.003867123882919,1.027177617598514,55.9674135917152,64.89102045935988,0,0,1.915312933428764,4.788169286973389,0,7360.580078125,0,99.66999816894533,12.0,0,-0.0003096666666666,0,0,15.0,1,,1,,1
2020-04-02,-0.8123573120356354,-0.8097430277788261,-0.8107492651277117,-0.817531519450102,0.951059615624746,-0.0081116331709027,0.9872651987482808,0.9970946991407844,1.0192110421956864,60.38221010876489,72.62037181005685,0,0,0.9211691069919896,4.803791324542575,0,7487.31005859375,0,100.18000030517578,14.0,0,-2.2110000000000003e-05,0,1,15.0,1,,1,,0
2020-04-03,-0.8141974141158651,-0.8122987045047447,-0.8083417513595104,-0.8117082308312102,0.5689997296539946,-0.0068216563236713,0.991102275424399,0.9994011352430094,1.0206583532311693,58.21117180665144,66.34223970297671,0,0,0.931200128562768,4.803513307024136,0,7373.080078125,0,100.58000183105467,14.0,0,6.375333333333333e-05,0,1,15.0,1,,1,,1
2020-04-04,-0.8100997615748198,-0.8160338362764711,-0.8076218705625638,-0.8135110502233034,0.3142452354273148,-0.0054063727640344,0.9882254120371508,0.9947861581745802,1.014903870870557,61.74531566306541,73.21707045412968,0,0,0.9356209472652685,4.789584493128665,1,7373.080078125,1,100.58000183105467,12.0,0,1.3563333333333333e-05,0,1,15.0,1,,1,,0
2020-04-05,-0.8124335317528183,-0.8158997672674191,-0.8070171943809106,-0.8097182231174938,0.1525376866946501,-0.0044220909834864,0.9924354314410316,0.9978255299984928,1.0171165594209657,58.494375316760525,63.38539191095856,0,0,0.7201360336784566,4.787262368402785,1,7373.080078125,1,100.58000183105467,12.0,0,1.1873333333333334e-05,0,1,15.0,1,,1,,1
2020-04-06,-0.7977507951379811,-0.804226502664931,-0.8049348713390988,-0.8119937642484156,0.9174587118147008,-0.0024292634085574,0.9783377574494236,0.9812611071032492,0.9987842408576932,69.97154499287794,82.78115767311658,0,0,0.5016234232518387,4.851195343731393,0,7913.240234375,0,100.69000244140624,12.0,0,-1.8176666666666665e-05,0,1,15.0,1,,1,,0
2020-04-07,-0.80066401415612,-0.7995328105004064,-0.7939316993351818,-0.7971592575714461,0.8007210793068809,-0.0010726408893784,0.984650734013048,0.985951327946852,1.0023360126626273,65.80567934604713,72.60623078692709,0,0,0.4226909963997882,4.762293278048935,0,7887.259765625,0,99.9800033569336,20.0,0,-4.889e-05,0,1,15.0,1,,1,,1
2020-04-08,-0.7958471517671059,-0.8016883936022674,-0.7934157460436244,-0.8000419040247095,0.5068233824878418,0.0003867149602629,0.9819406583519604,0.9814723578508864,0.9964502279034512,69.29349262854804,78.44665424782904,0,0,0.4271822885146936,4.765033415559526,0,8090.89990234375,0,100.12000274658205,21.0,0,4.638e-05,0,1,15.0,1,,1,,0
2020-04-09,-0.7968249567690469,-0.8021325017811304,-0.7926137779723568,-0.7951942649836651,0.3859199208490182,0.0014476763812202,0.9857027882536136,0.9839407169485492,0.9977654929714472,67.67662719708142,74.16680132051488,0,0,0.4339345210626181,4.7650599805570115,0,8153.580078125,0,99.5199966430664,22.0,0,-2.953e-05,0,1,15.0,1,,1,,0
2020-04-10,-0.8101619007806482,-0.803263642083884,-0.8043258068440384,-0.7962375463927532,0.7734158706596692,0.0011985004635948,1.001861834886787,1.0003791841093823,1.0138905387209864,49.4992253970014,37.22867726116653,0,0,0.5865608652621663,4.8031016931239074,1,8153.580078125,1,99.5199966430664,15.0,0,4.999e-05,0,1,15.0,1,,1,,0
2020-04-11,-0.8103577153495672,-0.8146176507308267,-0.8047162148925163,-0.8095684456103284,0.2278430916992173,0.0009739985059563,1.0017797171977971,1.0005749493208755,1.0135737326623386,49.27501464147749,36.869212307254315,0,0,0.491823039790058,1.572900333604342,1,8153.580078125,1,99.5199966430664,15.0,0,0.0001,0,1,15.0,1,,1,,1
2020-04-12,-0.8069361212588761,-0.8087902205389067,-0.8040582715709594,-0.8098547696069462,0.4274701695449074,0.0010599546374804,0.9979260373182972,0.9966196380828112,1.0089263666675483,53.51981509877533,48.46289023529325,0,0,0.2611781896196098,1.3400146325945357,1,8153.580078125,1,99.5199966430664,10.0,0,9.484333333333332e-05,0,1,15.0,1,,1,,0
2020-04-13,-0.8107867682193839,-0.8134289788992844,-0.8084996091663625,-0.8065692409018126,0.5532848354159177,0.0008080458133351,1.0022735854361204,1.0012734281394269,1.0131949290616211,48.27412225263338,37.99327527406757,0,0,-0.0761914818843861,1.2242794071487066,0,8192.419921875,0,99.3499984741211,11.0,0,-5.066333333333332e-05,0,1,15.0,1,,1,,0
2020-04-14,-0.8108664931486094,-0.8136411704409235,-0.8045949213025649,-0.8103064738666795,0.3549163301391518,0.0005951130272622,1.0020064625676326,1.0012701335985583,1.012766545776474,48.16135181450444,37.76803555796489,0,0,-0.0751406113621295,1.2082208179545093,0,8515.740234375,0,98.88999938964844,15.0,0,-5.272666666666667e-05,0,1,15.0,1,,1,,0
2020-04-15,-0.8169857133431222,-0.8145396602859332,-0.8095835833158197,-0.8102368282954262,0.2747517985048106,-6.663949047414075e-05,1.0080842051239385,1.0081671035983455,1.01959335786645,39.90547487832785,23.5064878799884,0,0,-0.0386476651921407,1.085680728839883,0,8393.1796875,0,99.45999908447266,18.0,0,-4.836000000000001e-05,0,1,15.0,1,,1,,1
2020-04-16,-0.8024849643543803,-0.8083542871206395,-0.8120060537923464,-0.8165026922193271,0.9124581273487956,0.0005724077667029,0.9916880697799192,0.990987079986152,1.0014377375584356,59.083541990321685,65.12076274180043,0,0,0.229645072530049,1.146291839776712,0,8532.3603515625,0,100.02999877929688,13.0,0,-0.0001555133333333,0,1,15.0,1,,1,,0
2020-04-17,-0.8031148435005472,-0.8073704392727129,-0.7966180000727758,-0.8019582685203325,0.2846556528579348,0.0010163158822705,0.993618066483732,0.9923702684887435,1.0021363836481785,58.15337788858202,63.131601146618614,0,0,0.2222158366102487,1.1489539742970625,0,8650.1396484375,0,99.77999877929688,15.0,0,8.333333333333332e-06,0,1,15.0,1,,1,,1
2020-04-18,-0.798182010798207,-0.8042813484106154,-0.7954078277477945,-0.8026994292611478,0.2817416277337328,0.0017460275173631,0.9894155567563164,0.9872787380984288,0.9961381294220636,63.365035643446085,72.04725101403665,0,0,0.2284986640246215,0.4813933618500431,1,8650.1396484375,1,99.77999877929688,18.0,0,-0.0001330633333333,0,1,15.0,1,,1,,0
2020-04-19,-0.8002665827736668,-0.8039637802422666,-0.7929881815837029,-0.7975478944773008,0.2317641251307126,0.0021315505209762,0.9932220576045396,0.9906014243221236,0.9987890574124768,59.737348402509106,63.40754594216171,0,0,0.2252327079813831,0.4872656618174341,1,8650.1396484375,1,99.77999877929688,16.0,0,-5.531333333333333e-05,0,1,15.0,1,,1,,0
2020-04-20,-0.8096589252262214,-0.8051730284011969,-0.8032987137396436,-0.7998100255913975,0.5149125193343765,0.0016600605928797,1.0041253094791835,1.0020622846115252,1.010094990743316,46.035529392009565,36.85615458466726,0,0,0.036226108198883,0.5536694276260344,0,8560.73046875,0,99.95999908447266,15.0,0,-2.982e-05,0,1,15.0,1,,1,,0
2020-04-21,-0.8097088782267782,-0.814362706805677,-0.8033316944203365,-0.8091913541472131,0.2880132704092998,0.0012677567278835,1.0035407854940968,1.0019664574441145,1.0097550983303163,45.97082256143249,36.747036919960735,0,0,0.0301408327739832,0.4341547198797657,0,8263.23046875,0,100.26000213623048,17.0,0,-2.2396666666666665e-05,0,1,15.0,1,,1,,1
2020-04-22,-0.8024726439069453,-0.8080111819981854,-0.8022949136205999,-0.8092018554284645,0.3170241999586461,0.0015231982411879,0.995403498882686,0.99352632399954,1.0007023939293018,56.24953291513904,59.75866006037017,0,0,0.0826809227658474,0.1962676824117554,0,8495.3798828125,0,100.38999938964844,19.0,0,-0.00015103,0,1,15.0,1,,1,,1
2020-04-23,-0.7929260124613302,-0.7976137817814571,-0.7956457988471585,-0.8018130554905292,0.7680458838472103,0.0024675267416757,0.9860553712558888,0.9830388860251232,0.9892321009255868,66.07433979099699,75.46177466378438,0,0,0.2101861456864808,0.1807244244332082,0,8494.75,0,100.43000030517578,19.0,0,-9.277e-05,0,1,15.0,1,,1,,1
2020-04-24,-0.7892243743021251,-0.7951367412624898,-0.7846811194885251,-0.7922549653113783,0.3780618241859416,0.0034745526651092,0.984260746424816,0.980014150670576,0.9852084878381916,69.17164104980182,79.58111704591408,0,0,-0.0863080036986938,0.1813866313994458,0,8634.51953125,0,100.37999725341795,20.0,0,0.0001,0,1,15.0,1,,1,,1
2020-04-25,-0.7886428969137387,-0.7931178542471433,-0.7819603499916435,-0.7887020566823387,0.3034907528698166,0.004270322708296,0.9860331830911764,0.9807965666222384,0.9850820620602764,69.67348014420443,80.27468079270012,0,0,-0.0895776141656334,0.1814115730552513,1,8634.51953125,1,100.37999725341795,24.0,0,0.0001,0,1,15.0,1,,1,,1
2020-04-26,-0.7852847695347136,-0.7913375469593446,-0.7807246677478943,-0.78810157432715,0.3091490999273432,0.0051130094252644,0.9845861546968734,0.9783145072518576,0.9816232124854964,72.64120287970243,84.36423978283352,1,0,-0.0918729147619794,0.1236807144160766,1,8634.51953125,1,100.37999725341795,21.0,0,9.164333333333334e-05,0,1,15.0,1,,1,,1
2020-04-27,-0.7817493828369018,-0.788481899081153,-0.77705477742809,-0.7847631663009427,0.4451815994182583,0.0059969912970706,0.983155379588142,0.9757959014237872,0.9780782688467242,75.54792868898859,87.88888280731085,1,0,-0.142750742349298,0.0633849953802892,0,8730.16015625,0,100.04000091552734,28.0,0,0.0001,0,1,15.0,1,,1,,1
2020-04-28,-0.7813993836854939,-0.7879130267374349,-0.7754567328620321,-0.7811720711946256,0.3143319646467348,0.0066491480657254,0.985335411058366,0.9771425618619632,0.978498365289449,75.84112716615789,88.23884013711984,1,0,-0.1453532702606331,-0.0706135767613924,0,8607.73046875,0,99.87000274658205,26.0,0,0.0001,0,1,15.0,1,,1,,1
2020-04-29,-0.7510357453924391,-0.7561356629279821,-0.7737388068622403,-0.7808744553373441,1.5027763593579786,0.0095064939099498,0.9548257870867044,0.9434235356759776,0.9426763203322782,89.0200669448026,97.2915435825996,1,0,0.4679122905957023,0.1735044001213532,0,8914.7099609375,0,99.56999969482422,26.0,0,0.0001,0,1,15.0,1,,1,,0
2020-04-30,-0.755388293970067,-0.7390361771648224,-0.7505023229441987,-0.7506015138953058,1.8003407955813078,0.0112896072186344,0.9662521230566156,0.9524970568333768,0.9500717052927876,81.65270344027468,84.8141215925854,1,0,0.3728130748882834,0.1944869163755505,0,8889.5498046875,0,99.0199966430664,44.0,0,0.0004024166666666,0,1,15.0,1,,1,,1
2020-05-01,-0.7490889953713373,-0.7508374787716859,-0.7463194251210759,-0.7544167308067379,0.7930178552097408,0.0130604849729881,0.964397044610289,0.9484494225783842,0.9442911971538684,83.88048510320777,87.82673914953332,1,0,0.3577703593926257,0.1922634393030718,0,8604.9501953125,0,98.8000030517578,40.0,0,0.00017495,0,0,20.0,1,,1,,1
2020-05-02,-0.7453062898612733,-0.752064896326698,-0.7418537012580886,-0.7484206782113507,0.6199409722819261,0.0146008416591337,0.9655391166581292,0.947614710682512,0.9417562930545644,85.13140292600582,89.49528263598403,1,0,0.3550040780511915,0.1816168048793238,1,8604.9501953125,1,98.8000030517578,40.0,0,0.00010048,0,1,20.0,1,,1,,0
2020-05-03,-0.7480900248549771,-0.7472378836500521,-0.7412440141995345,-0.7449210665679801,0.9264724577933908,0.0154192181327229,0.9737677628356308,0.9546080509455924,0.9473068133289236,79.86849722058564,78.88581457852236,1,0,0.3573010032999824,0.1832450820237516,1,8604.9501953125,1,98.8000030517578,45.0,0,0.0001499066666666,0,1,20.0,1,,1,,1
2020-05-04,-0.7476261436016728,-0.7535762143645893,-0.7470265661431138,-0.7476053969214761,0.8656276871681785,0.0159216834683316,0.977198426876164,0.9572768001286828,0.9487016509447376,80.10498403446654,79.42768360865665,1,0,0.1341146251809063,0.181152486475826,0,8710.7099609375,0,99.4800033569336,44.0,0,0.0001064166666666,0,1,20.0,1,,1,,1
2020-05-05,-0.7448641558384295,-0.7504049062514015,-0.7404399658551292,-0.7470834056770039,0.7525455363718689,0.0163542387127473,0.9775604762835785,0.9570196575739002,0.9472325606206252,81.5906843454099,82.9096503056826,1,0,0.1143007584595277,0.1673775886883481,0,8809.1201171875,0,99.70999908447266,40.0,0,0.0001,0,1,20.0,1,,1,,1
2020-05-06,-0.7367479343063394,-0.7399133275091027,-0.7370229729740633,-0.7441931666780631,1.0263458702989452,0.0171542100525246,0.9718564242224378,0.9503514876708904,0.9392350142329589,85.31017583135161,89.72411298745057,1,0,0.1060747214012785,0.0584479443075497,0,8854.3896484375,0,100.08999633789062,42.0,0,0.0001866033333333,0,1,20.0,1,,1,,1
2020-05-07,-0.7158913856838995,-0.7224441429678347,-0.7316860853851503,-0.7364198020640766,1.5428844436487652,0.0192492489119461,0.9524999187805056,0.9287143385656628,0.9157834132149262,90.81355836433356,95.6571830615912,1,0,0.2463203382205351,0.1719122392065757,0,8979.66015625,0,99.88999938964844,49.0,0,0.0001,0,1,20.0,1,,1,,0
2020-05-08,-0.7192165640697237,-0.7223215362353091,-0.7121302120265858,-0.7158215090564418,1.132324018047452,0.020406040068328,0.9633080001106328,0.9376797612229494,0.9229311811299916,84.95838491610893,85.20007968202208,1,0,0.306531238167205,0.1829087402018672,0,9121.3203125,0,99.7300033569336,55.0,0,0.0003443333333333,0,1,20.0,1,,1,,0
2020-05-09,-0.7268158637781958,-0.7248126807846759,-0.7179308334959591,-0.7187314976240996,0.902905882041514,0.0204735985181699,0.9774735205601922,0.9512806293251652,0.9351516380623168,72.61287008596305,63.9106359573392,1,0,0.4086494229973261,0.2175380580159997,1,9121.3203125,1,99.7300033569336,56.0,0,0.0005862366666666,0,1,20.0,1,,1,,0
2020-05-10,-0.7523983928450716,-0.7343793814960565,-0.7547984362163299,-0.7263607679527342,1.640227125321607,0.0182524400160655,1.0100328895589583,0.985876550138747,0.9692809868629074,46.41449339331231,30.123976557569335,0,0,0.9907305209323182,0.3794704213681012,1,9121.3203125,1,99.7300033569336,48.0,0,0.0002077533333333,0,1,20.0,1,,1,,0
2020-05-11,-0.7571221060885266,-0.751274894507404,-0.7554447785986376,-0.7518886965114113,1.3672188678937467,0.0159273906742998,1.0138201812560124,0.992649465021928,0.9763094744875884,43.10135442070174,26.65480052495525,0,0,1.02077259785996,0.3974337486078382,0,9192.33984375,0,100.23999786376952,40.0,0,0.0001,0,1,20.0,1,,1,,1
2020-05-12,-0.7509306785259351,-0.7537868502067255,-0.7493707454641835,-0.7563228923529633,0.708297652798277,0.0144181651474331,1.0046749020752106,0.9856613426869294,0.9695299088936664,48.645328274192146,38.94317083041942,0,0,1.030199868811125,0.4027072344493367,0,9002.5498046875,0,99.93000030517578,39.0,0,0.0001,0,1,20.0,1,,1,,1
2020-05-13,-0.7367104956585647,-0.7427263550914774,-0.7420396199755855,-0.7503657422313027,0.8585597710783643,0.0142057874830694,0.9878305116443232,0.9693659645452022,0.9529950539303448,59.18450341045766,59.64702740180886,0,0,0.4609776381547054,0.4355008904685971,0,8863.169921875,0,100.23999786376952,41.0,0,0.0001,0,1,20.0,1,,1,,1
2020-05-14,-0.722544546625182,-0.7284374312737444,-0.7280565705855866,-0.7361316134933731,1.336732394177384,0.015007552626381,0.973503308074409,0.9542091315606596,0.9370709747028204,66.9748947563053,72.17799602128075,0,0,0.5379842714827133,0.4749020488656084,0,8943.7197265625,0,100.47000122070312,40.0,0,0.0001,0,1,20.0,1,,1,,0
2020-05-15,-0.7349323239630207,-0.7295627890707983,-0.7278586865014295,-0.7219885058040166,0.9729760604717688,0.0144764911974515,0.9916898131972854,0.9726892733561654,0.954891609815238,56.15927720345147,52.99130191136214,0,0,0.6519994334566492,0.5112725685178002,0,9014.5595703125,0,100.4000015258789,44.0,0,8.133333333333334e-05,0,1,20.0,1,,1,,1
2020-05-16,-0.7334411023495045,-0.7353224582758773,-0.7278805825150386,-0.734240279040278,0.4452969406917983,0.014014401019198,0.9912517817889352,0.972825894957959,0.9547154686355712,57.12106655016174,54.914906660204295,0,0,0.6461476438710947,0.4081168428272255,1,9014.5595703125,1,100.4000015258789,41.0,0,0.0001,0,1,20.0,1,,1,,1
2020-05-17,-0.7244685053101086,-0.7275437259385269,-0.725117493885058,-0.7329667003567026,0.6177351437818464,0.0142084190078207,0.9822798347918053,0.9637142029602548,0.9451472495088202,62.78869122854591,66.05769072230767,0,0,0.6721169998377491,0.4168318616161279,1,9014.5595703125,1,100.4000015258789,40.0,0,4.338e-05,0,1,20.0,1,,1,,1
2020-05-18,-0.7227628542143576,-0.725048119760397,-0.7182506792869878,-0.7237785565927701,0.6944137749410656,0.0143345714338064,0.9829967709503876,0.9641989446613308,0.9450373693680963,63.83712264723779,68.05859159299703,0,0,0.671083059358841,0.4126397968366635,0,9234.830078125,0,99.66999816894533,50.0,0,4.453333333333333e-05,0,1,20.0,1,,1,,1
2020-05-19,-0.7226876189397059,-0.7271516016053193,-0.7192064812791115,-0.7222093012089625,0.5812208739825747,0.0142760535395075,0.9854878800061008,0.966669303504737,0.9469837761357291,63.88890537871577,68.168949943896,0,0,0.6718443130969523,0.4039969482740407,0,9185.099609375,0,99.37000274658205,50.0,0,9.297333333333333e-05,0,1,20.0,1,,1,,0
2020-05-20,-0.7289821444837392,-0.7280910092825388,-0.7220806291625854,-0.722262284946185,0.4620799063160957,0.0135653887237721,0.9949788832967844,0.9768915079823696,0.9569118611564704,56.129906456603024,49.20462800314959,0,0,0.6712859020457259,0.3443404934030614,0,9375.7802734375,0,99.12000274658205,52.0,0,0.0001,0,1,20.0,1,,1,,0
2020-05-21,-0.7424603261669657,-0.7355918584652761,-0.740032475271762,-0.728451209085009,0.5843828730581719,0.0117788261415707,1.0112941437558511,0.9953253787519788,0.975575832645946,43.17512569858975,27.423492386750723,0,0,0.4838336082665027,0.4430391136477374,0,9284.8798828125,0,99.37000274658205,49.0,0,2.594e-05,0,1,20.0,1,,1,,1
2020-05-22,-0.7393806617820865,-0.745279492798396,-0.7357189605907569,-0.7419663282222628,0.1657522317700816,0.0104905372187928,1.0060006127351224,0.9918436173818364,0.9726151501029152,46.43454716105515,36.04809113844302,0,0,0.4985974473164856,0.4242259210619793,0,9324.58984375,0,99.86000061035156,42.0,0,-2.2633333333333313e-06,0,1,20.0,1,,1,,1
2020-05-23,-0.7385647379133323,-0.7431885446079597,-0.7323146923001241,-0.7387669875896719,0.0741144811298087,0.0094267317079268,1.0041349768200158,0.9914284733157924,0.97262730444238,47.357611091144776,38.624545980707445,0,0,0.4740163819257194,0.3870227016537372,1,9324.58984375,1,99.86000061035156,40.0,0,1.2833333333333331e-05,0,1,20.0,1,,1,,0
2020-05-24,-0.7513616853650181,-0.74361228192918,-0.7426036321319647,-0.7379354173805835,0.2848923348883425,0.0074649995969096,1.0181604076462945,1.0079641213305024,0.989888187169572,36.0997507133106,20.96323779592126,0,0,0.0872555850705754,0.4684166743996309,1,9324.58984375,1,99.86000061035156,43.0,0,8.213666666666667e-05,0,1,20.0,1,,1,,1
2020-05-25,-0.747800867235152,-0.7537535641079264,-0.7447053153799843,-0.7509547388101228,0.2307499076501112,0.0061270126416926,1.0112605201661045,1.0029504376392313,0.9857692058194336,40.63099188005762,32.42672141876915,0,0,0.0710531517698996,0.4700787613629286,1,9324.58984375,1,99.86000061035156,41.0,0,-5.759999999999999e-06,0,1,20.0,1,,1,,0
2020-05-26,-0.7499966812166293,-0.7525223600390297,-0.7435352300702097,-0.7471825711851839,0.1557835190984981,0.0048337441096903,1.0120144221709575,1.0054563793236135,0.9891034944504232,38.67940422938591,28.971734119712774,0,0,0.043160409798488,0.4726270480116665,0,9340.2197265625,0,98.91000366210938,39.0,0,4.854666666666667e-05,0,1,20.0,1,,1,,1
2020-05-27,-0.7394283028342747,-0.7461696757951162,-0.7411449506816522,-0.7493883772452963,0.294647532614877,0.0046084756537545,0.9980987889285796,0.9919283641085268,0.9761164361169288,51.59188113915633,57.8153384101218,0,0,-0.0440513111997627,0.5028190521010115,0,9412.3603515625,0,99.05999755859376,39.0,0,-6.403333333333329e-06,0,1,20.0,1,,1,,1
2020-05-28,-0.728897542089246,-0.7358600551890216,-0.7313709164125625,-0.7387705675719166,0.3662071979714542,0.0052195257188925,0.986329579528482,0.979412033629391,0.9636427182640276,61.027331501105344,72.59884180817869,0,0,-0.1250994859082826,0.5301726059507907,0,9368.990234375,0,98.37999725341795,41.0,0,-6.471666666666666e-05,0,1,20.0,1,,1,,0
2020-05-29,-0.731543783276102,-0.7350380587950442,-0.7241909979305665,-0.728279668269114,0.3015153979839641,0.0054276907097912,0.9914493906141486,0.9842094856644392,0.9683890422644112,57.76287550896741,64.97022843228524,0,0,-0.2653720230884641,0.1135555493714795,0,9489.8701171875,0,98.33999633789062,48.0,0,1.297e-05,0,1,20.0,1,,1,,1
2020-05-30,-0.7235620127284907,-0.7311196920394083,-0.7245831218247711,-0.7310120300510606,0.2938749007294258,0.0061656513507915,0.9835625668377606,0.9753876666955772,0.959409947453392,64.39194293450055,75.3761478509409,0,0,-0.2107590412023544,0.1208939691716863,1,9489.8701171875,1,98.33999633789062,48.0,0,0.0001,0,1,20.0,1,,1,,0
2020-05-31,-0.7308737358915061,-0.731230498937968,-0.7225441200914385,-0.7230328462911855,0.0761128931572003,0.0060902904456845,0.9944958866302652,0.9863222099861492,0.9702805191618632,55.2297473800695,55.30857460672138,0,0,-0.2341362239103313,0.1332682195785643,1,9489.8701171875,1,98.33999633789062,51.0,0,0.0001,0,1,20.0,1,,1,,1
2020-06-01,-0.7093007517591396,-0.7162252488811753,-0.7219656219454733,-0.7302577277920885,0.4028035734983745,0.0076827637933173,0.970345436953957,0.9602529297132644,0.9438010062949728,69.83954743662984,78.17104315901653,0,0,0.1460843180782714,0.2870073709061311,0,9552.0498046875,0,97.83000183105467,50.0,0,2.6756666666666667e-05,0,0,14.0,1,,1,,0
2020-06-02,-0.7287737409830586,-0.716742973934631,-0.7216648478556187,-0.7088926025876249,0.5760718232129941,0.0072894743835054,0.9974477388506756,0.9875946504954214,0.9708650772404372,52.12375058052,48.38253854412802,0,0,0.4204564405156443,0.4259669368749978,0,9608.3798828125,0,97.66999816894533,56.0,0,0.0004093,0,1,14.0,1,,1,,1
2020-06-03,-0.7248968273059249,-0.7317560318417593,-0.721314207948363,-0.7281145415880742,-0.0455701914125485,0.0072075401889968,0.9933424844926644,0.9836275346780108,0.9670009917538512,54.75998158049101,53.12433076711854,0,0,0.4044312052493703,0.4294675076101967,0,9682.91015625,0,97.27999877929688,48.0,0,9.548666666666668e-05,0,1,14.0,1,,1,,1
2020-06-04,-0.7205004561198659,-0.7256017726665247,-0.7196535729744709,-0.7243846774199943,-0.0053434324255259,0.0074119171945916,0.9892481312672234,0.9792823928544708,0.962603373238872,57.80036375516022,58.841168586019755,0,0,0.2525399032697029,0.432238924293261,0,9615.8095703125,0,96.68000030517578,54.0,0,0.0001,0,1,14.0,1,,1,,0
2020-06-05,-0.7246275375262736,-0.7261540166372535,-0.7153630172203569,-0.7199745569590383,-0.1114674378747108,0.0071583494691808,0.9956936168118152,0.9859952499500672,0.9693291950949052,53.87828965431843,51.04861536927591,0,0,0.27171404884755,0.4178612217635223,0,9814.080078125,0,96.94000244140624,53.0,0,0.0001,0,1,14.0,1,,1,,0
2020-06-06,-0.7249896333881776,-0.7290336751228681,-0.7176080419166917,-0.7241082132911424,-0.2465856830142825,0.0068492235247419,0.9967752493156355,0.9874763087152424,0.9709629763437244,53.51070755846289,50.269816962505914,0,0,0.2731310431590828,0.2594720618660579,1,9814.080078125,1,96.94000244140624,54.0,0,0.0001,0,1,14.0,1,,1,,1
2020-06-07,-0.7217768604404532,-0.7291819655736028,-0.7217401324849351,-0.7244717903212836,-0.0452273996938494,0.0067852665837636,0.9935261364299244,0.9843325470605372,0.9679256874421064,56.545831120152336,57.87302052130628,0,0,0.094367200516974,0.2602789678911971,1,9814.080078125,1,96.94000244140624,54.0,0,0.0001,0,1,14.0,1,,1,,1
2020-06-08,-0.7213908396418836,-0.7287669166873423,-0.7149690408201466,-0.7212011782088366,-0.2004819988016301,0.0066886265759456,0.99406610989891,0.9849876458485768,0.96864606411384,56.93561179116983,58.88017757310672,0,0,0.094047053197904,0.2386177515717658,0,9924.75,0,96.62000274658205,53.0,0,0.0001,0,1,14.0,1,,1,,1
2020-06-09,-0.7206512548166796,-0.7271419445272728,-0.7153162794049,-0.7207644203749751,-0.1023070307123595,0.0065956860250965,0.9941103691247536,0.9851470166124032,0.9688820249121782,57.77295733179765,61.24696175040624,0,0,0.0794637013422509,-0.0681489152893809,0,9953.75,0,96.31999969482422,52.0,0,0.0001,0,1,14.0,1,,1,,1
2020-06-10,-0.7183786841493662,-0.7249619692313182,-0.7133393518072361,-0.7201608055353222,-0.0148128320511372,0.0066289925296574,0.9923532224483398,0.9833485512617564,0.9671227307167284,60.496295458388424,68.64177265253954,0,0,0.0052799705452689,-0.0859711256620289,0,10020.349609375,0,95.95999908447266,54.0,0,0.0001,0,1,14.0,1,,1,,0
2020-06-11,-0.7351283175214907,-0.7240782438551763,-0.7278067252264152,-0.717840320710636,0.1849503734452061,0.0052433902054869,1.0130764481189445,1.0058085875907117,0.9900730481939064,39.06862874460372,23.873725257726026,0,0,0.1635053552127715,0.0338214478173002,0,9492.73046875,0,96.7300033569336,52.0,0,0.0001,0,1,14.0,1,,1,,1
2020-06-12,-0.7302693478405771,-0.7360359959969598,-0.727098247970537,-0.734623665305507,-0.1510218774708346,0.004485660721432,1.0053934446681716,0.9992226419003796,0.9841646673114104,45.52688273597081,39.20914124036347,0,0,0.1793182255328266,-0.049472372252128,0,9588.8095703125,0,97.31999969482422,38.0,0,5.299333333333333e-05,0,1,14.0,1,,1,,0
2020-06-13,-0.7304393879141355,-0.7374563202903386,-0.7236725695695096,-0.7297344238874599,-0.3730319381606104,0.003827314929237,1.0047576508027207,0.9994956339004842,0.9849966504953178,45.3328645972589,38.84402509263856,0,0,0.1260955845603546,-0.1405886800958024,1,9588.8095703125,1,97.31999969482422,38.0,0,5.0916666666666666e-05,0,1,14.0,1,,1,,0
2020-06-14,-0.7331425179466542,-0.7377851892946994,-0.7251782014179355,-0.7298316204054053,-0.3102328366003387,0.0030522665147609,1.0071626158355198,1.0029571315608516,0.9890823741257314,42.04613440983244,32.440912213369344,0,0,0.0912673153625947,-0.2079803555947064,1,9588.8095703125,1,97.31999969482422,40.0,0,9.034e-05,0,1,14.0,1,,1,,1
2020-06-15,-0.7311900999231004,-0.7371061998437108,-0.7362931159767415,-0.7326274373726404,0.0288803626034795,0.0025659996333351,1.0037885470551724,1.0002649715353178,0.9869728809757584,45.348368088661054,41.696539750356,0,0,-0.3444030075808528,-0.2072519242563021,0,9726.01953125,0,96.68000030517578,37.0,0,-4.120666666666666e-05,0,1,14.0,1,,1,,1
2020-06-16,-0.7285226186428454,-0.7348648184466207,-0.7235346337944571,-0.730543022543811,-0.1969979853214512,0.002368569675847,1.0001071120508105,0.9968657591336362,0.98401391306075,49.85288122318277,53.34111727424219,0,0,-0.731849391107202,-0.2426814449559841,0,9895.8701171875,0,96.95999908447266,39.0,0,1.5949999999999998e-05,0,1,14.0,1,,1,,0
2020-06-17,-0.730287336290464,-0.7360372875210754,-0.7258080534598967,-0.7281138255916252,-0.25805562337145,0.0020461206412433,1.0021396786531784,0.9993337522186432,0.9869239690319546,46.90196093176178,45.351380012088626,0,0,-0.7518580733597072,-0.2431660131832068,0,9910.5302734375,0,97.16000366210938,38.0,0,2.3179999999999995e-05,0,1,14.0,1,,1,,0
2020-06-18,-0.7323772182892735,-0.7377698084165948,-0.7257752246239584,-0.7297090060135221,-0.3639794707957959,0.0016034577835576,1.0042338768985513,1.002030754516068,0.9901463416578452,43.39223145549473,36.67682192314712,0,0,-0.7845778530517777,-0.2416186905064681,0,9943.0498046875,0,97.41999816894533,40.0,0,-4.656666666666667e-05,0,1,14.0,1,,1,,0
2020-06-19,-0.7361596851466026,-0.7390293966632151,-0.7274576037667052,-0.7318863512147885,-0.2820543825584723,0.0009366338832641,1.00795956041975,1.0066685568398224,0.995445126020452,37.52767029512929,25.093918438442785,0,0,-0.7863282071078297,-0.2526062707344627,0,9946.1201171875,0,97.62000274658205,39.0,0,3.927666666666667e-05,0,1,14.0,1,,1,,1
2020-06-20,-0.7348057485187911,-0.7404091553582337,-0.7282946327918033,-0.7355319068010041,-0.3921161772028104,0.0005115259558138,1.005161540589982,1.004458689902488,0.9938631967869074,40.83054585162543,34.90536179677103,0,0,-0.7795843812030205,-0.3470147260245018,1,9946.1201171875,1,97.62000274658205,38.0,0,7.062000000000001e-05,0,1,14.0,1,,1,,0
2020-06-21,-0.7356827973192507,-0.7402247315850813,-0.7266448699023385,-0.7343109538564268,-0.471581950399389,0.0001026708267969,1.0053773592948851,1.0052363155829631,0.9952426667350128,39.27840310290005,31.357832313895315,0,0,-0.803991671637584,-0.351072798735234,1,9946.1201171875,1,97.62000274658205,37.0,0,1.8843333333333333e-05,0,1,14.0,1,,1,,1
2020-06-22,-0.7251412077063795,-0.7325912076522806,-0.7267555343594699,-0.7352277873093113,-0.2173029543490897,0.0006220972238726,0.9923497209652924,0.9915056176445208,0.9817140190513428,60.23996011388613,73.8879252838445,0,0,-0.6263600117584959,-0.2974388544325519,0,10056.48046875,0,97.04000091552734,38.0,0,8.928e-05,0,1,14.0,1,,1,,0
2020-06-23,-0.7257234308845621,-0.7321262883234629,-0.7189694212482749,-0.7247444954687787,-0.3975763368211802,0.0009755206464117,0.9941947539543128,0.99286788433412,0.98317688972161,58.943241742036754,70.6637109428613,0,0,-0.6276623232584002,-0.4003229718756676,0,10131.3701171875,0,96.69000244140624,41.0,0,0.0001073833333333,0,1,14.0,1,,1,,0
2020-06-24,-0.7353779184505195,-0.7318309402404677,-0.7273351561566189,-0.7251088481617397,-0.3115534237747722,0.0004711437426104,1.006271965627756,1.00562363925258,0.9964026293834392,41.748672437295475,35.96517768649008,0,0,-0.5375934565160596,-0.349602350109098,0,9909.169921875,0,97.1500015258789,50.0,0,0.0001042866666666,0,1,14.0,1,,1,,0
2020-06-25,-0.7368685434321985,-0.7420566117790441,-0.733023230293904,-0.7348241741443993,-0.3267611067419076,-4.830276167100411e-05,1.0070239934722642,1.0070904733559267,0.9984841309945892,39.68621931044652,32.66335759303951,0,0,-0.8998447744439384,-0.3516381793845016,0,10017.0,0,97.43000030517578,43.0,0,0.0001,0,1,14.0,1,,1,,0
2020-06-26,-0.7399812015576664,-0.7429476460075678,-0.7328237670242994,-0.7364473082609906,-0.338841411101904,-0.0007030292720522,1.009526254237737,1.0104954347985544,1.0025956660747144,35.46487492395262,26.013995039200665,0,0,-0.9356986701884068,-0.4081198704324461,0,9757.2197265625,0,97.5,40.0,0,9.800333333333336e-05,0,1,14.0,1,,1,,0
2020-06-27,-0.7435713739739153,-0.7460347115250294,-0.7360430580349137,-0.7392936029778769,-0.3858446021917469,-0.001494375428524,1.0121780513805425,1.0142412224033093,1.0071653231554252,31.067006304204057,19.811578960225688,0,0,-0.92153317821658,-0.4666191307262325,1,9757.2197265625,1,97.5,43.0,0,0.0001,0,1,14.0,1,,1,,1
2020-06-28,-0.7405718670763434,-0.7463432096717478,-0.7367487109783568,-0.7429400535596536,-0.5051691673257804,-0.0018580691555428,1.0068411013540026,1.0093909535570278,1.002980470272886,38.42759275299561,36.63996750573897,0,0,-0.9021020065427168,-0.4625077360590893,1,9757.2197265625,1,97.5,40.0,0,8.289e-05,0,1,14.0,1,,1,,1
2020-06-29,-0.7391278092095458,-0.7451401256051877,-0.7346853533463911,-0.7401427150999645,-0.4215926686293623,-0.0020066443066474,1.0041243072606505,1.0068691113542458,1.0009845106381123,41.87528695325723,44.16198452758729,0,0,-0.9058249558095312,-0.4991477029486061,0,9874.150390625,0,97.54000091552734,41.0,0,0.0001,0,1,14.0,1,,1,,0
2020-06-30,-0.7407425932765145,-0.7457333754665888,-0.7333493320888211,-0.7387511461682388,-0.4534781067928763,-0.0022289962815826,1.0053408368688772,1.0083914314676945,1.0030466304967325,39.053765935626146,37.520617350634026,0,0,-0.9243923155608276,-0.5246322147976915,0,10058.76953125,0,97.38999938964844,44.0,0,0.0001,0,1,14.0,1,,1,,1
2020-07-01,-0.7379831710301704,-0.7429705412078,-0.7327305647139436,-0.7399607625023743,-0.4431061410010078,-0.0021576771507657,1.0013499020270025,1.004290157522388,0.9993371085660028,46.201193274477895,53.46563883238449,0,0,-0.9040537567085408,-0.8064008793081502,0,10154.6298828125,0,97.1999969482422,42.0,0,0.0001,0,0,14.0,1,,1,,0
2020-07-02,-0.7411880684376458,-0.7440162941548158,-0.7348487079333587,-0.7373593684042155,-0.4269438081938752,-0.0023328727571234,1.0048176203026222,1.0080055799124124,1.003532302473688,39.926306578446926,38.320975030834184,0,0,-0.8952912038999823,-1.0491769794712875,0,10207.6298828125,0,97.31999969482422,42.0,0,0.0001,0,1,14.0,1,,1,,0
2020-07-03,-0.7422910318832034,-0.7461989992631058,-0.734159211271802,-0.7406066509657008,-0.5703655338172212,-0.0025315345155152,1.0053364944693344,1.0087952839604677,1.0048276247058194,37.883185606331715,33.91302079679183,0,0,-0.9133020846443906,-1.064750713417491,1,10207.6298828125,1,97.31999969482422,41.0,0,0.0001,0,1,14.0,1,,1,,1
2020-07-04,-0.7409107539597862,-0.7467715553858356,-0.7343198326531873,-0.7418472341462536,-0.6050531601311618,-0.0025482241555152,1.0029321257283392,1.0064036120581858,1.002842788767873,42.15721467268112,44.55468478902158,0,0,-0.9129288637800628,-1.0818693861656816,1,10207.6298828125,1,97.31999969482422,40.0,0,0.0001,0,1,14.0,1,,1,,0
2020-07-05,-0.7426991877229275,-0.7474061340189379,-0.7367023679592617,-0.740568524154794,-0.5780895317528636,-0.0026749275735947,1.004525763945503,1.0081732642326793,1.005056027651547,38.22505914313349,34.85768760529041,0,0,-0.909911770117766,-1.090489983978705,1,10207.6298828125,1,97.31999969482422,38.0,0,0.0001,0,1,14.0,1,,1,,1
2020-07-06,-0.7334881169382639,-0.7409951844257154,-0.7341632807112244,-0.7421949995881472,-0.3587361207414697,-0.0020089268548109,0.9932796656516324,0.9959892159841924,0.9928796402737226,60.25542800584352,73.8864869647343,0,0,-0.950373558022055,-1.007796882492039,0,10433.650390625,0,96.79000091552734,40.0,0,0.0001,0,1,14.0,1,,1,,0
2020-07-07,-0.7372514915768075,-0.7414417582415265,-0.7297115873035596,-0.7337539086191412,-0.5368992512647199,-0.0017644498884132,0.99862548291014,1.0010179069596876,0.9980531990184895,51.583161295294055,55.70522501685556,0,0,-0.9329267749000788,-1.0083863088497271,0,10343.8896484375,0,96.87999725341795,43.0,0,0.0001,0,1,14.0,1,,1,,1
2020-07-08,-0.7318734223660707,-0.7387450558880237,-0.7282287017993685,-0.7366909260527469,-0.2789687062712055,-0.0011237806484883,0.992663171966576,0.9941785181433976,0.9911312930231896,60.8695720185238,69.84419122202212,0,0,-1.036509102796099,-0.9810745058649104,0,10492.5,0,96.43000030517578,44.0,0,0.0001,0,1,14.0,1,,1,,0
2020-07-09,-0.7364667118899472,-0.7393148528455973,-0.728679650351494,-0.731345624729902,-0.3538333359445085,-0.0009754414550275,0.999063314432524,1.0003870741787455,0.9974552938284048,51.19326522112361,51.22429308688309,0,0,-0.9968410712115452,-0.9680605103143632,0,10547.75,0,96.6999969482422,44.0,0,0.0001,0,1,14.0,1,,1,,1
2020-07-10,-0.7364410567209542,-0.7436403138730542,-0.7323180025157737,-0.7360696499673532,-0.4040171206058967,-0.0008460585810856,0.9991778484631764,1.0003261259523473,0.9975214512997966,51.243216130359265,51.32093800108904,0,0,-1.018528425883618,-0.9737448683955002,0,10617.4404296875,0,96.6500015258789,41.0,0,0.0001,0,1,14.0,1,,1,,0
2020-07-11,-0.7376159441344678,-0.7434581502671042,-0.729784047620441,-0.7359427395967763,-0.5628450314206603,-0.0008287717517978,1.000653064555741,1.0017793805787256,0.9991476158350628,48.61418383392525,45.781956792674805,0,0,-1.047117956359245,-1.2022143374390712,1,10617.4404296875,1,96.6500015258789,44.0,0,0.0001,0,1,14.0,1,,1,,1
2020-07-12,-0.7365115487725012,-0.7426800656930592,-0.7298473365141462,-0.7370564720731229,-0.5099430279700253,-0.0007176833324349,0.9992847689982138,1.0002587599684225,0.9977435268747036,51.32288209016053,52.242171306741945,0,0,-1.0615320335446476,-1.2257380936560256,1,10617.4404296875,1,96.6500015258789,41.0,0,0.0001,0,1,14.0,1,,1,,0
2020-07-13,-0.7375161276281298,-0.74307122138318,-0.7290125851603667,-0.7359521072169835,-0.3749897674120975,-0.0007026068632127,1.0005480519932854,1.0015026728738758,0.9991395086676848,48.63228064322329,45.64583948925833,0,0,-1.0617826595375026,-1.2250958354140524,0,10390.83984375,0,96.45999908447266,43.0,0,0.0001,0,1,14.0,1,,1,,0
2020-07-14,-0.7375283585807892,-0.7437494183080068,-0.7306493197698893,-0.7371283103835011,-0.3501229701375119,-0.0006837635873881,1.0004777350908909,1.0014065840873132,0.9991891465076748,48.59649017353431,45.55246931094776,0,0,-1.0688175362727514,-1.2314407175845523,0,10488.580078125,0,96.26000213623048,43.0,0,0.0001,0,1,14.0,1,,1,,0
2020-07-15,-0.7390672510780855,-0.7440054042582952,-0.7306408468325842,-0.737030726034146,-0.4486855491880352,-0.0007839688145191,1.00216976993383,1.0032362662264491,1.00122398601945,43.905567635936634,33.91446141151603,0,0,-1.079163733682223,-1.234291640466699,0,10550.490234375,0,96.08000183105467,44.0,0,0.0001,0,1,14.0,1,,1,,0
2020-07-16,-0.7409187189948109,-0.7458392804440731,-0.733221539543374,-0.7385556493044892,-0.4544385301132396,-0.0010012385121579,1.0039574439131962,1.005321358558206,1.0035853083266717,38.71738569690162,24.055554907513155,0,0,-1.0946058754029493,-1.2409376092522428,0,10473.830078125,0,96.3499984741211,43.0,0,0.0001,0,1,14.0,1,,1,,1
2020-07-17,-0.7403332740047082,-0.7468028748456403,-0.7332136132471854,-0.7403937315216934,-0.5322833638748917,-0.0011133517687936,1.0026760600911375,1.0041902550039448,1.0026825182012562,41.25029199307049,32.34715806570608,0,0,-1.0972945148139333,-1.2418792946096473,0,10503.1904296875,0,95.94000244140624,41.0,0,0.0001,0,1,14.0,1,,1,,1
2020-07-18,-0.7400996628089123,-0.745338198440017,-0.7328521923623551,-0.7398019604566336,-0.6067217650293143,-0.0011698663699828,1.0019959167153838,1.0035854380192586,1.002273122984635,42.347416902079914,36.06125228169149,0,0,-1.1011245277636683,-1.2448605231359051,1,10503.1904296875,1,95.94000244140624,44.0,0,0.0001,0,1,14.0,1,,1,,1
2020-07-19,-0.7392816805603203,-0.7462274421464712,-0.7329514380939428,-0.7395935458236175,-0.5765234530520114,-0.0011355602357563,1.000751686497521,1.0022923968417077,1.0011196258204995,46.3920375693617,49.105682868541926,0,0,-1.1090311736528935,-1.2574505315367277,1,10503.1904296875,1,95.94000244140624,41.0,0,0.0001,0,1,14.0,1,,1,,0
2020-07-20,-0.739941078066625,-0.7458405426153679,-0.731711352352311,-0.7387010562499975,-0.5405969733564918,-0.0011483428634522,1.0013909793019746,1.002949660326362,1.001933491151977,43.550192279225946,40.27425921197872,0,0,-1.3503867976976778,-1.2595388549385511,0,10767.08984375,0,95.83000183105467,44.0,0,0.0001,0,1,14.0,1,,1,,1
2020-07-21,-0.7335060457249671,-0.7400397207555127,-0.7313419140644394,-0.7394558060067502,-0.3508029766647662,-0.0006319353010479,0.9938010367332606,0.9946526448773644,0.99348414420916,66.59332672455892,82.1187708366397,0,0,-1.2580019056136176,-1.2157507366566942,0,10680.3603515625,0,95.12000274658205,44.0,0,0.0001,0,1,14.0,1,,1,,1
2020-07-22,-0.7289093852312113,-0.7363349838297356,-0.7260470874725427,-0.7329621060461552,-0.4184378746795217,0.0001465442279847,0.989464862509588,0.9892680695563404,0.9877518348221918,75.00339780704266,89.27520211998448,1,0,-1.2809509769277163,-1.3096065641648758,0,10706.1298828125,0,94.97000122070312,50.0,0,0.0001,0,1,14.0,1,,1,,1
2020-07-23,-0.7272076122424012,-0.7339385608331244,-0.7209672426841678,-0.7283167509185327,-0.3474234010580961,0.0008905480378388,0.9891094415376758,0.9879128059974808,0.9860085158674796,77.43053742499762,91.0444522109955,1,0,-1.3563275644134856,-1.3064163412607588,0,10461.419921875,0,94.69000244140624,55.0,0,0.0001,0,1,14.0,1,,1,,0
2020-07-24,-0.7285571934578022,-0.7335451156229803,-0.7210154382092687,-0.7265335020960442,-0.4175353832609833,0.0013556494097114,0.9923274484008764,0.990498537360151,0.9883097407233142,71.11219485180175,77.52184731682308,1,0,-1.3448946836626074,-1.414923081596717,0,10363.1796875,0,94.44000244140624,53.0,0,0.0001,0,1,14.0,1,,1,,1
2020-07-25,-0.7242737945100882,-0.7311038708689914,-0.7194991772280228,-0.7279396594554174,-0.4150143478101358,0.0020462917178656,0.98854742850775,0.985794160259294,0.9831739400298464,77.75864256774037,86.19738601735544,1,0,-1.3190410746506993,-1.4002964847861996,1,10363.1796875,1,94.44000244140624,55.0,0,0.0001,0,1,14.0,1,,1,,1
2020-07-26,-0.7173073123595803,-0.7215080521593668,-0.7156854747411643,-0.7236398919471563,-0.2435245120561127,0.0031198044474529,0.9822063978536888,0.978028322149606,0.9747218509133138,84.46578218555783,92.48612476908998,1,0,-1.2299881763705134,-1.3719181774594815,1,10363.1796875,1,94.44000244140624,55.0,0,0.00028479,0,1,14.0,1,,1,,1
2020-07-27,-0.6841416523070164,-0.6832026210016576,-0.7078761293825199,-0.7167668332013576,0.4098801244675453,0.0065710160267078,0.9459917776397668,0.9374738680416186,0.932225976687652,94.15243839273964,98.06946384585738,1,0,-0.1665491609808023,-0.7023459560270545,0,10536.26953125,0,93.66999816894533,58.0,0,0.0006200633333333,0,1,14.0,1,,1,,0
2020-07-28,-0.6865258826226333,-0.6860248360169461,-0.6852163366578642,-0.6827886250525796,0.1198115289530026,0.0090098783382491,0.9567529117896262,0.9448886037184164,0.937847910763018,89.52200375780914,91.54895185325664,1,0,-0.1486517069397376,-0.6939455544045684,0,10402.08984375,0,93.76000213623048,76.0,0,0.00119704,0,1,14.0,1,,1,,1
2020-07-29,-0.6807938019113845,-0.683016993762852,-0.6782656733863198,-0.6859813427180177,-0.0627375095430972,0.0112752512221119,0.9563025269939792,0.9413925594283048,0.9325768182946186,90.77988214765368,93.03370029901538,1,0,-0.1736085606822856,-0.68757497733497,0,10542.9404296875,0,93.26000213623048,71.0,0,0.0007122833333333,0,1,14.0,1,,1,,1
2020-07-30,-0.680465535074641,-0.6870759605301703,-0.6770431105293655,-0.6802723151991046,-0.1401690108571355,0.0129478096540283,0.9623794632394368,0.9450732523612474,0.9346147921104906,90.85244727456782,93.12591719768812,1,0,-0.1941429878922596,-0.6939187857986998,0,10587.8095703125,0,93.0199966430664,76.0,0,0.00067754,0,1,14.0,1,,1,,1
2020-07-31,-0.6739817280803044,-0.6796666040898993,-0.6741945940404631,-0.6799552779381453,-0.1268287267441143,0.0146278920642912,0.9601209188238832,0.9405221591011592,0.9284141315595228,92.24367564173104,94.90286994069912,1,0,-0.2055373416974746,-0.6864279517618272,0,10745.26953125,0,93.48999786376952,75.0,0,0.0005323933333333,0,1,14.0,1,,1,,1
2020-08-01,-0.66065914798018,-0.6682775628513193,-0.6663383893905581,-0.673467872779664,0.0014258877772094,0.0168402662448287,0.9497421870364912,0.9272933233491067,0.9132833179134082,94.29924469684484,97.01608747194858,1,0,-0.1885949702093923,-0.6576296991287625,1,10745.26953125,1,93.48999786376952,75.0,0,0.0003589699999999,0,0,16.0,1,,1,,0
2020-08-02,-0.6822250620252773,-0.6610827755311731,-0.6732281932844704,-0.6601424927013828,0.0601328531861601,0.0166613381576655,0.9836585993236022,0.9605825584687392,0.9452049149835502,63.07649737545901,51.20062813249096,0,0,0.2356643258603062,-0.4296828463368257,1,10745.26953125,1,93.48999786376952,80.0,0,0.0005424966666666,0,1,16.0,1,,1,,1
2020-08-03,-0.676337499057294,-0.6785480267944526,-0.6734059123852205,-0.6819850383713713,-0.2539199247423404,0.0168009426776172,0.9789091631498462,0.955669997663938,0.9393668770627788,66.56384202686974,58.35874142695966,0,0,0.2190554236710624,-0.4247720158946052,0,10902.7998046875,0,93.5,75.0,0,0.0003850333333333,0,1,16.0,1,,1,,0
2020-08-04,-0.6775733324129621,-0.6805828230386785,-0.6708642741453064,-0.6758008278758363,-0.2108714156561256,0.0166202707070118,0.9836187823215524,0.9604458243445616,0.9432626977058776,65.0752352906798,56.05740348205579,0,0,0.2332821258844607,-0.4278522703637145,0,10941.169921875,0,93.37999725341795,72.0,0,0.00033459,0,1,16.0,1,,1,,1
2020-08-05,-0.6610431402305037,-0.6685227763163702,-0.6688696718182104,-0.6770954986214703,-0.071800296228652,0.0176079616083346,0.9656206519513691,0.9414068394835144,0.92313774597843,74.036521875738,74.20126246361693,1,0,0.3042210823363517,-0.3854608824653384,0,10998.400390625,0,92.83000183105467,75.0,0,0.0001751833333333,0,1,16.0,1,,1,,1
2020-08-06,-0.6600426781345508,-0.6650445844616086,-0.6551733053248419,-0.6604141835205751,-0.1162579926014473,0.0182609419220587,0.969505041466328,0.9441796671598928,0.9245781404510156,74.49356510662693,75.03315844214356,1,0,0.3082808951045845,-0.4040205909307686,0,11108.0703125,0,92.79000091552734,79.0,0,0.0003788733333333,0,1,16.0,1,,1,,0
2020-08-07,-0.665489330174956,-0.6651737662259957,-0.6610856237956777,-0.6595275412512882,-0.1280674930593391,0.0181299435216443,0.980899980500918,0.9553699314732454,0.93469263043456,67.07635220358452,60.80157752300544,0,0,0.3406212505110549,-0.3867405521526647,0,11010.98046875,0,93.44000244140624,77.0,0,0.00025614,0,1,16.0,1,,1,,1
2020-08-08,-0.6608285914219014,-0.6681185879738096,-0.656425994181103,-0.6648535106700113,-0.3726916128966572,0.0181924972278693,0.9779374663083424,0.952299237789436,0.930769238512402,70.02333954514543,67.77514167896754,1,0,0.340642557003538,-0.4099175566088389,1,11010.98046875,1,93.44000244140624,77.0,0,0.0001,0,1,16.0,1,,1,,0
2020-08-09,-0.6632206674461754,-0.6679384790653163,-0.6567260090471848,-0.6607974504530626,-0.376318967204354,0.0178433637567033,0.9842822556029792,0.9588896672393874,0.9365573952178148,66.49841563981845,60.41947391138603,0,0,0.3573818749927326,-0.4031888027658931,1,11010.98046875,1,93.44000244140624,79.0,0,0.0001521333333333,0,1,16.0,1,,1,,1
2020-08-10,-0.657038696498201,-0.6607522627688469,-0.6531972584267545,-0.6630907274126887,0.0031171601080763,0.0178596316397399,0.9788562495425224,0.9534865662575314,0.9304610894309068,70.87094917045785,71.19268502726335,1,0,-0.2954872579209876,-0.4060568871947107,0,10968.3603515625,0,93.58000183105467,78.0,0,0.00057372,0,1,16.0,1,,1,,0
2020-08-11,-0.6713223013298496,-0.6641315943231187,-0.6677058728812751,-0.6563885233195216,0.043842131383022,0.0165294157023891,1.0001150440634188,0.976079088308672,0.9525307043651282,52.57653406507653,38.72283197162268,0,0,-0.1410007670891883,-0.3069989400424714,0,10782.8203125,0,93.62999725341795,84.0,0,0.0003197466666666,0,1,16.0,1,,1,,1
2020-08-12,-0.6659945281829759,-0.6696715870172518,-0.6660298104803186,-0.670962034374255,-0.0430585438176367,0.0157238618634474,0.9933733200813968,0.9706094772762028,0.9470148453866052,57.318375480769696,50.052248149930456,0,0,-0.1448964010517183,-0.3092338129688397,0,11012.240234375,0,93.44000244140624,75.0,0,0.0001,0,1,16.0,1,,1,,1
2020-08-13,-0.6599093607505626,-0.6682288371687739,-0.6670477473460128,-0.66534683222334,0.0650661217218807,0.0153989670912104,0.9866805876740784,0.964474370780561,0.9406356879266128,62.287842652749816,61.025886327629685,0,0,-0.1311249515159782,-0.3082281183432849,0,11042.5,0,93.33999633789062,75.0,0,0.0001,0,1,16.0,1,,1,,0
2020-08-14,-0.6603757180259906,-0.657570593109913,-0.6524758439977868,-0.659718026139895,-0.0794244703676001,0.0149317308107489,0.989298959424198,0.9676535159951614,0.9434722542775604,61.653070701918416,59.685927063192,0,0,-0.1483042635086144,-0.3123230899558277,0,11019.2998046875,0,93.0999984741211,78.0,0,0.0002968966666666,0,1,16.0,1,,1,,1
2020-08-15,-0.6574178858622365,-0.6632150818461315,-0.6498871946218575,-0.6598390593729535,-0.1182736706479665,0.014631452748684,0.9871660168262586,0.9659439318768378,0.9414895209159924,64.31446560613638,65.99926838604101,0,0,-0.2523891657344312,-0.322050452552947,1,11019.2998046875,1,93.0999984741211,79.0,0,0.0002285133333333,0,1,16.0,1,,1,,1
2020-08-16,-0.6565898801987822,-0.6640657559460408,-0.6508670488231053,-0.656845597552622,-0.2402083137599801,0.0142955036903197,0.9880625847121678,0.967254575850653,0.9425101769841916,65.09690437708275,67.87693337116558,0,0,-0.664338368465231,-0.3221542697635456,1,11019.2998046875,1,93.0999984741211,82.0,0,0.0003198033333333,0,1,16.0,1,,1,,1
2020-08-17,-0.6455439278624631,-0.65131679851931,-0.6487055083728338,-0.6559605066089744,0.0961041343941975,0.0147505426065746,0.9757273624932185,0.9544477920092672,0.9293271580511632,73.90426008946147,83.79494742934708,1,0,-0.6131365098879615,-0.3068249865161725,0,11129.73046875,0,92.8499984741211,83.0,0,0.00050636,0,1,16.0,1,,1,,0
2020-08-18,-0.6535830943927984,-0.6520186244648892,-0.6441083476902898,-0.6450777484162968,-1.4298567411742285e-06,0.0142976561925984,0.9897241066613236,0.9687496959867864,0.9430860956673052,60.98198667819745,56.5853342461997,0,0,-0.5426833638582919,-0.2681369326833567,0,11210.83984375,0,92.2699966430664,82.0,0,0.0009942233333333,0,1,16.0,1,,1,,0
2020-08-19,-0.660699152144854,-0.6612396957112261,-0.6524174445051788,-0.6530514130368779,-0.0677704902598779,0.0132122316750162,1.000423034269643,0.980801310790526,0.9551013099568398,51.74168111175852,40.907798006356835,0,0,-0.71134637661537,-0.2402154049242674,0,11146.4599609375,0,92.88999938964844,80.0,0,0.0005208933333333,0,1,16.0,1,,1,,1
2020-08-20,-0.6570307314631765,-0.6651024388714262,-0.651710576803699,-0.6600589299491528,-0.2581641564432589,0.0125038986552208,0.9956544072179366,0.977139357257195,0.9516718227200645,55.731617687935106,50.36093453243875,0,0,-0.7005337545178657,-0.2488321123957302,0,11264.9501953125,0,92.79000091552734,75.0,0,0.0001802,0,1,16.0,1,,1,,0
2020-08-21,-0.665763750988406,-0.6651370458471617,-0.6562223703652231,-0.6564991447708848,-0.1003455865133662,0.0111097911857875,1.007510592744083,0.990851779273626,0.9656722489929992,45.41714871553087,33.40086819320187,0,0,-0.6578835716209525,-0.2112520815575254,0,11311.7998046875,0,93.25,81.0,0,0.0001,0,1,16.0,1,,1,,1
2020-08-22,-0.6630347569657514,-0.6714446441583104,-0.6598351215038822,-0.6654362721130884,-0.2560106671406101,0.0101086319658361,1.002859159223255,0.9877567565953624,0.9631600201517484,48.83168992433315,41.595955408260856,0,0,-0.6710599378325208,-0.2112257360039187,1,11311.7998046875,1,93.25,78.0,0,0.0001,0,1,16.0,1,,1,,0
2020-08-23,-0.6635533791901048,-0.6707225941191928,-0.6563796815309588,-0.6625579663882969,-0.3326558362670299,0.0091676783030671,1.0030813106841052,0.989370018537274,0.965279424379183,48.17090910459629,40.3382207567103,0,0,-0.675690533522364,-0.213708904088841,1,11311.7998046875,1,93.25,76.0,0,0.0001,0,1,16.0,1,,1,,1
2020-08-24,-0.660200845234552,-0.667891132965349,-0.6544102854331217,-0.6630469621297465,-0.2358907964302495,0.008593427534639,0.9983184723322178,0.9855122372006344,0.961896126820424,52.92249993185441,52.67246639262304,0,0,-0.7007205341079232,-0.2159754942228191,0,11379.7197265625,0,93.3000030517578,78.0,0,0.0001,0,1,16.0,1,,1,,0
2020-08-25,-0.6726783261690907,-0.6687727742912133,-0.6678880562178097,-0.6596896249474199,0.0113617306783779,0.0070502305613531,1.0145038333695,1.0038302594955304,0.9808418881280964,37.972621504595544,25.9994230905061,0,0,-0.74456809586374,-0.1618290388637793,0,11466.4697265625,0,93.0199966430664,75.0,0,0.0002086,0,1,16.0,1,,1,,1
2020-08-26,-0.6689445444696648,-0.6762344081053477,-0.6645561571372054,-0.6721138041619521,-0.1573529325722018,0.0060586801274069,1.0074974419289329,0.998387180160598,0.9763395797654674,43.4849066345695,38.43780186955922,0,0,-0.7594466441123594,-0.6115737025969563,0,11665.0595703125,0,93.01000213623048,76.0,0,0.0001545133333333,0,1,16.0,1,,1,,0
2020-08-27,-0.673983846123326,-0.6750100725965208,-0.6680096231283194,-0.6684871926484485,-0.1233115227690528,0.0048107840130271,1.0127364743922431,1.0054682025191215,0.9843239592051792,38.19846439226353,29.51136496635118,0,0,-0.7835210256239593,-0.6025505040011584,0,11625.33984375,0,93.01000213623048,75.0,0,0.0001,0,1,16.0,1,,1,,1
2020-08-28,-0.6672908003437369,-0.6757666415529116,-0.6639519364898158,-0.6733846083592878,-0.2743594379040672,0.0043121820595283,1.0022662681116734,0.9958164958342098,0.9755227042210208,47.904210377317,50.05253652092184,0,0,-0.7270927009001259,-0.598957541188759,0,11695.6298828125,0,92.37000274658205,74.0,0,0.0001,0,1,16.0,1,,1,,0
2020-08-29,-0.6683793551304298,-0.6745635868391722,-0.6592913046998611,-0.6667933538825229,-0.3764954349098025,0.0037855615481958,1.003299094545834,0.997630084297222,0.977991814264855,46.532812845370266,47.07754875801997,0,0,-0.7390728794582968,-0.5980190058608794,1,11695.6298828125,1,92.37000274658205,79.0,0,0.0001,0,1,16.0,1,,1,,1
2020-08-30,-0.6621280853945825,-0.6706674401688898,-0.6584799981761873,-0.6677813394825222,-0.2764271931130478,0.0038285036159866,0.9948466358989668,0.9891566881346175,0.970029934162781,55.05806607751614,63.629915127306354,0,0,-0.6961425018613805,-0.6002525989606784,1,11695.6298828125,1,92.37000274658205,75.0,0,0.0001,0,1,16.0,1,,1,,0
2020-08-31,-0.6630654536737675,-0.6690559996592139,-0.6551856047499621,-0.6615311976473127,-0.1653042908069903,0.0037437421982126,0.9968293529630196,0.9912503868814492,0.9724937927283102,53.57993796021291,59.885186943668984,0,0,-0.8262945835289255,-0.6716798172532051,0,11775.4599609375,0,92.13999938964844,75.0,0,0.0001182033333333,0,1,16.0,1,,1,,1
2020-09-01,-0.6542171052144368,-0.6600927929436973,-0.6550982029092309,-0.662569571497407,0.0557988056557818,0.0043405211104078,0.9860259407609412,0.979617317052168,0.9610419930198648,64.08253446286514,76.9549459023746,0,0,-0.7879536453652705,-0.8660957897687385,0,11939.669921875,0,92.33999633789062,75.0,0,0.00026607,0,0,12.0,1,,1,,0
2020-09-02,-0.6712151164203239,-0.6631663855164068,-0.6647489392376089,-0.6538475712549284,0.0877326658227058,0.0034026516022803,1.0098359088359503,1.0046926333953576,0.9865531681929884,42.678885004873,36.82184169032937,0,0,-0.5755195536647494,-0.7404142525807657,0,12056.4404296875,0,92.8499984741211,83.0,0,0.00037669,0,1,12.0,1,,1,,0
2020-09-03,-0.7069171777385436,-0.6788503021431592,-0.6992155423297496,-0.6708827676007187,0.258867381367882,-0.0002189507853388,1.0532518306185028,1.0535955342462902,1.037440303731496,23.586632308519995,14.96521584867314,0,1,0.2396135063597258,-0.2086615443928804,0,11458.099609375,0,92.73999786376952,79.0,0,0.00020977,0,1,12.0,1,,1,,1
2020-09-04,-0.6987757485113384,-0.702268011938601,-0.69842330750725,-0.7068338442982163,0.1725431731134483,-0.0024044346460002,1.0345765656194663,1.038272712576443,1.0244681442832355,31.63376296164833,27.96578931947647,0,0,0.3002291895152789,-0.2788218632516511,0,11313.1298828125,0,92.72000122070312,40.0,0,0.0001,0,1,12.0,1,,1,,0
2020-09-05,-0.7092305281919191,-0.7047431885534469,-0.7065480647900896,-0.6982139332160843,0.83033343406137,-0.0049233068800577,1.0420309393106983,1.0496234185268536,1.03817559545362,27.36391777506057,22.163946496381698,0,1,0.3221270451344011,-0.2465036581298991,1,11313.1298828125,1,92.72000122070312,41.0,0,0.0001,0,1,12.0,1,,1,,1
2020-09-06,-0.705846342917411,-0.7115855365541213,-0.7031207768346637,-0.708762977397179,0.4851870470399838,-0.0065707127181185,1.031179641111191,1.041174116519463,1.03187745981682,30.850022802516733,28.56062477376402,0,0,0.3438062159628559,-0.2416683033213019,1,11313.1298828125,1,92.72000122070312,41.0,0,0.0001,0,1,12.0,1,,1,,1
2020-09-07,-0.7031211375069216,-0.7102261780695659,-0.7074866779559957,-0.7052870533029946,0.336995547259658,-0.0075691400773794,1.0229180949656222,1.0343076560728557,1.0267703343735115,33.80208422470933,34.353192970925804,0,0,0.3421846627638153,-0.2471065469341787,1,11313.1298828125,1,92.72000122070312,41.0,0,0.0001,0,1,12.0,1,,1,,0
2020-09-08,-0.7103928863368548,-0.7097566209950603,-0.7065967462184051,-0.7025892980160807,0.3250213521919968,-0.0088452082560841,1.0281984794207932,1.0415324415661944,1.0358704536102763,29.875331009773817,26.661850349532997,0,1,0.3110423216149396,-0.2328676513405933,0,10847.6904296875,0,93.4800033569336,41.0,0,0.0001,0,1,12.0,1,,1,,1
2020-09-09,-0.7070072691459377,-0.7116872734310504,-0.7043533310764688,-0.709773099220725,-0.0842492325365532,-0.0094740989534453,1.0196434967413657,1.0337684053309544,1.0296845684331253,33.994567247887105,35.611048430407735,0,0,0.3114811355311786,-0.2426070310346303,0,11141.5595703125,0,93.26000213623048,38.0,0,0.0001,0,1,12.0,1,,1,,1
2020-09-10,-0.7033173995497184,-0.7070774129227606,-0.6974842995449818,-0.7064683281110257,1.2478418074675757,-0.0095645040738624,1.0120919546526137,1.0262163543506495,1.0233350412686186,38.53497650742173,45.30903659225968,0,0,0.3308286598563271,-0.2863117451938989,0,10919.58984375,0,93.33999633789062,38.0,0,0.0001,0,1,12.0,1,,1,,1
2020-09-11,-0.7021634240820932,-0.7091510429489187,-0.7005100796003706,-0.702597800473912,0.8428525323441474,-0.00943428207593,1.0088123880338875,1.022674146834537,1.0207890835964593,40.02374820500689,48.540926465731104,0,0,0.2951146877971534,-0.2987557093723166,0,10853.5498046875,0,93.33000183105467,41.0,0,0.0001,0,1,12.0,1,,1,,1
2020-09-12,-0.7009031586526981,-0.7048253470988954,-0.6957972132148434,-0.7013503854939088,0.4710477681062153,-0.009124209113656,1.0059181735618254,1.019265279201909,1.018199999208974,41.80012645406464,52.61808650598992,0,0,0.301919064841397,-0.3146688370942435,1,10853.5498046875,1,93.33000183105467,41.0,0,0.0001,0,1,12.0,1,,1,,0
2020-09-13,-0.7045204479859407,-0.7048741314870824,-0.6979136254040563,-0.7000508817722443,0.4603470740775791,-0.0090658535588151,1.0093844031563723,1.0226677107904567,1.0225143193380382,38.06620765376556,40.37548941323493,0,0,0.2608379343279777,-0.3128145130800124,1,10853.5498046875,1,93.33000183105467,38.0,0,0.0001,0,1,12.0,1,,1,,1
2020-09-14,-0.6936124667619387,-0.6981774908889115,-0.6966175089479878,-0.7038287475355893,0.4140082905151765,-0.0080466664759417,0.9947117559885904,1.0063244879491833,1.006419131811939,52.75154497186804,69.19407393210632,0,0,0.3685251980010667,-0.2585557765484944,0,11056.650390625,0,93.06999969482422,39.0,0,6.956e-05,0,1,12.0,1,,1,,1
2020-09-15,-0.6900654904906922,-0.6940109166805019,-0.684475334255557,-0.6931664565828185,0.2844809199682891,-0.0068735085007597,0.9912071415418138,1.0010909914214148,1.0012225691752712,56.61158531212969,74.53121501846036,0,0,0.326965734032089,-0.2515692973055055,0,11190.3203125,0,93.0500030517578,47.0,0,-0.0001007399999999,0,1,12.0,1,,1,,1
2020-09-16,-0.6846294286653944,-0.6891568994087103,-0.6829694290865728,-0.6895003459318808,0.2079529176931566,-0.0054423910982343,0.9859168666021502,0.9937049742279124,0.9935950208737436,62.088645831146,81.19037436793212,0,0,0.2410239225386812,-0.2816498902693747,0,11050.4697265625,0,93.20999908447266,43.0,0,-5.289e-05,0,1,12.0,1,,1,,0
2020-09-17,-0.6854210696183808,-0.6910415853273112,-0.6808005697191309,-0.6841392628539736,0.5327171966130088,-0.0043222745643203,0.9890262845734148,0.9952333691563244,0.9949490001690958,60.7990246951412,77.26761825267398,0,0,-0.7831566949754478,-0.2957781744947833,0,10910.2802734375,0,92.97000122070312,48.0,0,8.306666666666668e-06,0,1,12.0,1,,1,,0
2020-09-18,-0.685555610097635,-0.6911171101352566,-0.6790892793351139,-0.6847939819401705,0.0131388689123099,-0.0034061662689799,0.9908636647069002,0.9957659017601668,0.9953338286887574,60.55239017113454,76.43082386417085,0,0,-0.8438530219905291,-0.3076571204208682,0,10793.2802734375,0,92.93000030517578,49.0,0,6.657e-05,0,1,12.0,1,,1,,1
2020-09-19,-0.6809807863291151,-0.6881358908896377,-0.6766026696342564,-0.6853459257027572,-0.1442624886398196,-0.0022846576883157,0.9866419568820488,0.9899187226519895,0.9891304430713062,65.96871723650004,84.19236865153289,0,0,-1.045722902438909,-0.3035215548030313,1,10793.2802734375,1,92.93000030517578,48.0,0,-9.426333333333334e-05,0,1,12.0,1,,1,,0
2020-09-20,-0.6857485011705523,-0.6892847602961608,-0.6795613343081247,-0.6803933782653485,-0.0591178513467615,-0.0017602774180147,0.9945366162670628,0.9970820860241686,0.99620968629742,56.62026164253348,57.76127318195629,0,0,-0.9882662629724732,-0.3184089459628376,1,10793.2802734375,1,92.93000030517578,52.0,0,-8.099666666666666e-05,0,1,12.0,1,,1,,0
2020-09-21,-0.7002894929767031,-0.6925178854499755,-0.693064523904728,-0.6853100960471242,0.1250226681079184,-0.002489343191711,1.013189720137973,1.0168520351831798,1.0166427966935796,37.779753427497454,25.37139625871302,0,0,-0.6937629123619867,-0.2501103673966024,0,10778.7998046875,0,93.54000091552734,48.0,0,-3.192333333333333e-05,0,1,12.0,1,,1,,1
2020-09-22,-0.6979617636960547,-0.7051487858314064,-0.6929878423036695,-0.6998301758668545,-0.1065329816025774,-0.002846492180718,1.0082983205170524,1.0124617001281195,1.012736760866932,41.38250521058934,33.34873630333135,0,0,-0.7659063707625016,-0.2454985339365333,0,10963.6396484375,0,93.98999786376952,39.0,0,0.0001,0,1,12.0,1,,1,,0
2020-09-23,-0.7068900011583661,-0.7060579894560117,-0.6987366239738321,-0.6975124655284078,-0.09919133619876,-0.0038060951784353,1.0178770708419398,1.0234863258168108,1.0246592031714437,32.94098963651295,21.561644441602837,0,0,-0.671352770662633,-0.2290141859878132,0,10632.990234375,0,94.38999938964844,43.0,0,-1.263e-05,0,1,12.0,1,,1,,1
2020-09-24,-0.6911922297149561,-0.6990477726731221,-0.6976909602559532,-0.7062711009225245,0.9283464622076864,-0.0032623027090422,0.995997547717628,1.0007017755712528,1.00182995725546,52.569314100621675,57.10439750302658,0,0,-0.4437551275097516,-0.1612116215391723,0,10672.26953125,0,94.3499984741211,39.0,0,3.9966666666666665e-05,0,1,12.0,1,,1,,0
2020-09-25,-0.6932495952786465,-0.6988482028444315,-0.6868868415408035,-0.6906200450453021,0.5853697024290546,-0.0029631975690538,0.9991217046994,1.0034068587851626,1.0046223741527356,50.341034934619096,52.91444561799373,0,0,-0.4367522305384002,-0.166993783823178,0,10913.5595703125,0,94.58000183105467,46.0,0,-3.559e-05,0,1,12.0,1,,1,,1
2020-09-26,-0.6914776285542077,-0.69898938991253,-0.6841388159104763,-0.6926220606161311,0.915506246756924,-0.0025537338309987,0.9970943978635286,1.000779692851943,1.0019738004772276,52.34831314742115,56.57356433031639,0,0,-0.4360085344966373,-0.1708681055335856,1,10913.5595703125,1,94.58000183105467,45.0,0,0.0001,0,1,12.0,1,,1,,1
2020-09-27,-0.6907278114929984,-0.6980582890835999,-0.6855182951368045,-0.6910543565579629,1.218784329403259,-0.0021440120617595,0.9966244659931732,0.9997171029963172,1.0008524655376474,53.27056200752298,58.39764974196931,0,0,-0.4549550788250203,-0.1879581482128552,1,10913.5595703125,1,94.58000183105467,47.0,0,0.0001,0,1,12.0,1,,1,,0
2020-09-28,-0.6927322558127428,-0.693809057331788,-0.6830002535717508,-0.6901464133943196,0.9555360583954022,-0.0019584704838819,0.99959093985883,1.002423801092468,1.0036090101967343,50.269591094635366,50.79310586737621,0,0,-0.5551974518629534,-0.1874147452990786,0,11117.5302734375,0,94.26000213623048,43.0,0,0.0001,0,1,12.0,1,,1,,1
2020-09-29,-0.6886086945341736,-0.6963743471065221,-0.6846919256134772,-0.6921920749153494,0.903621892199988,-0.0014618393395749,0.9946138436840471,0.9967183687601988,0.9977274598541122,56.13524671245133,63.743453532890626,0,0,-0.5510835982209553,-0.1945762923474393,0,11085.25,0,93.88999938964844,45.0,0,0.0001,0,1,12.0,1,,1,,0
2020-09-30,-0.6904461117711366,-0.6967574014180992,-0.6840753751720164,-0.6880917422513071,0.7975354376466046,-0.0012026563213192,0.9976871456600784,0.999423969965535,1.0003744118151243,52.9256952546275,55.12416244758647,0,0,-0.57833976852269,-0.1942279036982871,0,11167.509765625,0,93.88999938964844,49.0,0,0.0001,0,1,12.0,1,,1,,0
2020-10-01,-0.6954876507941867,-0.6941614379456181,-0.6902005496198101,-0.6895769277187335,0.6150463129007641,-0.0013880612710052,1.0042039583567497,1.0062206261307045,1.0073756446191502,44.81377788375609,36.88008364881489,0,0,-0.5583911623731341,-0.2195267450291098,0,11326.509765625,0,93.70999908447266,45.0,0,9.137333333333331e-05,0,0,13.0,1,,1,,0
2020-10-02,-0.696815783095046,-0.7024508213066087,-0.6919316709287743,-0.694936280471889,0.9950902804796238,-0.0016234510730099,1.005174965544425,1.0075344808952782,1.008931432922714,42.81889012555907,33.03923763673127,0,0,-0.5584400540005531,-0.3009156306591251,0,11075.01953125,0,93.83999633789062,41.0,0,2.695e-05,0,1,13.0,1,,1,,0
2020-10-03,-0.6976297380787378,-0.7042211192825112,-0.6889947807927114,-0.6963024613628624,0.8190577591978647,-0.001854303297519,1.0053670871538456,1.0080608987522093,1.0097096531187617,41.51215040197172,30.44808626972812,0,0,-0.5879032654199491,-0.8760685976019914,1,11075.01953125,1,93.83999633789062,40.0,0,9.916333333333336e-05,0,1,13.0,1,,1,,1
2020-10-04,-0.6939562758580372,-0.7016043446600755,-0.6882713923819344,-0.6970558089599026,1.9889543873840472,-0.0017209990421637,1.0000619318160568,1.0025483877084698,1.0042198953166477,49.53242475140378,52.747780449871414,0,0,-0.580916384595486,-0.907630535327418,1,11075.01953125,1,93.83999633789062,42.0,0,7.129999999999999e-06,0,1,13.0,1,,1,,1
2020-10-05,-0.6901758077173622,-0.6983729513226886,-0.6851551128528212,-0.6932038972304616,0.945645218416438,-0.0012953700554677,0.995438743358951,0.9973020114906376,0.9987981948383282,56.599451008556734,67.18470939331652,0,0,-0.8014288113820311,-0.9767901001581178,0,11332.490234375,0,93.51000213623048,42.0,0,-6.478666666666667e-05,0,1,13.0,1,,1,,0
2020-10-06,-0.6959472661298561,-0.6982506087655503,-0.6884424606824342,-0.6895447973780867,0.7294583304994332,-0.0014075392406146,1.003182152311573,1.0052216621943302,1.0068681112368134,45.4005940801489,41.423065739516666,0,0,-0.7598169009486274,-0.9583360650714366,0,11154.599609375,0,93.83000183105467,47.0,0,-5.006666666666667e-06,0,1,13.0,1,,1,,1
2020-10-07,-0.6939750399293124,-0.7017694249243137,-0.6873970702851135,-0.695439297810464,0.5172154221997554,-0.0013220521618048,1.0002870523962826,1.0021968283090998,1.003856725471686,49.35192566210362,50.13490180002441,0,0,-0.8746913881610099,-0.960474051679714,0,11364.599609375,0,93.62999725341795,43.0,0,4.02e-06,0,1,13.0,1,,1,,1
2020-10-08,-0.686438446226914,-0.6937973455562846,-0.6873939726521203,-0.693422574479246,1.6397658390667122,-0.0006387992302175,0.9910364071263764,0.9919512420161064,0.9932292170910848,61.603961590579296,71.63169164088482,0,0,-1.1669970181417926,-0.9719718623969869,0,11420.98046875,0,93.61000061035156,46.0,0,4.9323333333333336e-05,0,1,13.0,1,,1,,1
2020-10-09,-0.6818938120293486,-0.6890803178992156,-0.6785546035853178,-0.685524328151288,-0.1427264601937516,0.0002663275807203,0.986832139319711,0.9864519336329648,0.987170123264228,67.13547990232551,78.93351816588114,0,0,-1.1520656771147528,-0.9685797170176949,0,11579.9404296875,0,93.05999755859376,48.0,0,8.709333333333334e-05,0,1,13.0,1,,1,,1
2020-10-10,-0.6748097337437587,-0.6788746943372527,-0.6720212704372369,-0.6815153745340434,-0.1392569616734854,0.0015375491040294,0.980111509609624,0.9779276241365538,0.9777997939965984,73.89868615730472,86.27554905698527,1,0,-1.0937253185177778,-0.9526403802804816,1,11579.9404296875,1,93.05999755859376,53.0,0,0.0001,0,1,13.0,1,,1,,1
2020-10-11,-0.672127038351659,-0.6792773856859521,-0.6648162975707367,-0.6742770680997225,-0.2672542483077203,0.0027300026466867,0.979800393753638,0.9759165478249762,0.9749099349819024,76.05210541778068,88.3293002891452,1,0,-1.0911927446329135,-0.9511745181695256,1,11579.9404296875,1,93.05999755859376,55.0,0,0.0001,0,1,13.0,1,,1,,1
2020-10-12,-0.6668978586158575,-0.6711723086868305,-0.6663071701090183,-0.671327431228704,0.0053107602949097,0.0040502925220327,0.976356682931588,0.970601270823738,0.9685661808662144,79.80029365456369,91.5972493414492,1,0,-1.0932423127747677,-0.9423123008001428,0,11876.259765625,0,93.06999969482422,52.0,0,0.0001,0,1,13.0,1,,1,,0
2020-10-13,-0.6708526625793177,-0.6756653743211153,-0.6638026123581705,-0.6665591932105299,-0.0792721741122385,0.0047230675495402,0.9848516897462604,0.9780700021064178,0.9752924853754096,70.21076893603899,71.42846118683201,1,0,-1.0599409827888897,-0.9425737339879876,0,11863.900390625,0,93.52999877929688,56.0,0,0.0001,0,1,13.0,1,,1,,1
2020-10-14,-0.6707424646790151,-0.6759360953874506,-0.6642191225199592,-0.6702150710788846,-0.0853432169199176,0.0052051370753944,0.9870147252223264,0.9795121590947016,0.9760841604596768,70.3254187773204,71.6602965961262,1,0,-1.0734341137922256,-1.0065109011324558,0,11768.73046875,0,93.37999725341795,53.0,0,0.0001,0,1,13.0,1,,1,,1
2020-10-15,-0.6687311292615529,-0.6750362846655046,-0.6643505897084669,-0.6702897733750587,-0.0684576087312122,0.0056839574827942,0.9864748933785068,0.9782724144270948,0.9741826877813068,72.55031907241403,76.33363844537126,1,0,-1.15003541057184,-1.0107259862332558,0,11713.8701171875,0,93.86000061035156,56.0,0,0.0001,0,1,13.0,1,,1,,0
2020-10-16,-0.6740227763506933,-0.675933571044861,-0.6668567873826641,-0.6679611440907656,-0.0179403060397091,0.005572201538657,0.9951564459001117,0.987036060838262,0.9825891412907,59.09911376763282,48.359400446879235,0,0,-1.0880525582375131,-1.0065076842436862,0,11671.5595703125,0,93.68000030517578,52.0,0,0.0001,0,1,13.0,1,,1,,1
2020-10-17,-0.6729237208436684,-0.6805563761471282,-0.6649183676147594,-0.6734815363785649,-0.30413082579955,0.0055088165341109,0.994523111533054,0.9864915366120118,0.9817189198579402,60.83912066803358,53.11737100140424,0,0,-1.0978440064933104,-1.0070546142564845,1,11671.5595703125,1,93.68000030517578,56.0,0,0.0001,0,1,13.0,1,,1,,1
2020-10-18,-0.6690974015463163,-0.6776378838795812,-0.662983075848799,-0.6724471601753106,-0.3413997935311444,0.0057016108302342,0.9905645767027308,0.9822732630648277,0.9770510942033916,66.55472898876693,67.16193701261881,0,0,-1.09863208112216,-1.0010828111432173,1,11671.5595703125,1,93.68000030517578,55.0,0,0.0001,0,1,13.0,1,,1,,1
2020-10-19,-0.66119543050691,-0.668147794030516,-0.661095068539412,-0.6681991234104863,-0.0960189329798198,0.0064180415345542,0.9820591467457004,0.9727859893391776,0.9668198088777148,75.18502953012259,82.00533055199739,1,0,-1.0556911605229986,-0.9822049805534148,0,11478.8798828125,0,93.43000030517578,55.0,0,0.0001,0,1,13.0,1,,1,,1
2020-10-20,-0.6558710581615076,-0.6621115331949398,-0.6525994456280078,-0.6605332179302136,0.2143689528997251,0.0073309438229333,0.9780404178223592,0.967464133908487,0.9605775157308803,79.33151968131705,87.20237790564875,1,0,-1.1589888203029204,-0.9902772394384426,0,11516.490234375,0,93.06999969482422,56.0,0,7.914e-05,0,1,13.0,1,,1,,1
2020-10-21,-0.6281536013921253,-0.6265042133261323,-0.6457750868233156,-0.6554283720814754,0.7642592370032577,0.0101737163116946,0.9459185537867576,0.9316454578684036,0.9228789249491606,89.68479312320753,95.74071435280102,1,0,-0.6071148272427298,-0.8468179683023229,0,11484.6904296875,0,92.61000061035156,61.0,0,6.592666666666666e-05,0,1,13.0,1,,1,,1
2020-10-22,-0.6238096741445427,-0.6271947090828786,-0.6203941449898919,-0.6282836340415061,0.3821636354813703,0.0126315440384606,0.9482208258138444,0.9303574447931456,0.9195079080831052,90.54156552609528,96.2618687737434,1,0,-0.6181486552793934,-0.8457832036142433,0,11506.009765625,0,92.9499969482422,73.0,0,0.0001,0,1,13.0,1,,1,,0
2020-10-23,-0.6248590600511335,-0.6315720071918868,-0.6192885025939574,-0.6230929282852643,0.1289811629491289,0.0143295316262733,0.9572061721459564,0.9366458077223624,0.9239150662048968,88.49278249402674,92.61191030606037,1,0,-0.5958474930699923,-0.9168517226615,0,11548.2802734375,0,92.7699966430664,74.0,0,0.0001,0,1,13.0,1,,1,,1
2020-10-24,-0.6194667015078995,-0.6276914762222755,-0.6151493967980528,-0.6243141198953246,-0.0660341424148493,0.0159267239321251,0.956458252350004,0.9335025795064724,0.9189712299361332,89.85401863226133,94.1354411567207,1,0,-0.6056862008695297,-1.0294626310205657,1,11548.2802734375,1,92.7699966430664,73.0,0,0.0001,0,1,13.0,1,,1,,0
2020-10-25,-0.6218154620608038,-0.6221574127979461,-0.6143932706581902,-0.6189225174687807,-0.0719909665286197,0.0168092187836904,0.966016869530232,0.9414324539312166,0.9252692917807526,84.81173812930422,84.06739074231353,1,0,-0.5784680484649654,-1.0301584701378104,1,11548.2802734375,1,92.7699966430664,76.0,0,0.0001,0,1,13.0,1,,1,,1
2020-10-26,-0.6204691026573228,-0.6252799365229469,-0.6171198861781229,-0.6212705979899371,0.1503840573995108,0.0174164759698534,0.9693048484269352,0.9436303245236104,0.9260525513906496,85.35528933414278,85.2713612018965,1,0,-0.57824930754781,-1.0295473265620587,0,11358.9404296875,0,93.0500030517578,75.0,0,0.0001,0,1,13.0,1,,1,,1
2020-10-27,-0.6027829661221769,-0.6092181903867218,-0.6097044564817871,-0.6199251809959834,0.3390536281164433,0.0191046288054643,0.9502015194314288,0.9224221069702836,0.9032101113733234,90.50549510516711,93.66114230727663,1,0,-0.518138705304704,-0.9439510869854084,0,11431.349609375,0,92.94000244140624,61.0,0,8.467e-05,0,1,13.0,1,,1,,0
2020-10-28,-0.6144806492456948,-0.6068729293567832,-0.613703227355517,-0.6022380400502358,0.432210699921755,0.0192763905921101,0.9733370407972414,0.944497936276545,0.9236087907024854,71.35489655838248,62.343703771522705,1,0,-0.3742045524636435,-0.8744373574127491,0,11004.8701171875,0,93.41000366210938,70.0,0,7.908333333333334e-05,0,1,13.0,1,,1,,1
2020-10-29,-0.6093914990020483,-0.6136552801917209,-0.6122164849945597,-0.6139358110341198,1.339926086637726,0.0195972599248202,0.9704602025394408,0.9410899404090904,0.9189881475248431,74.1053870861853,68.46099230179645,1,0,-0.3764472075355525,-0.8744703562417198,0,11185.58984375,0,93.95999908447266,67.0,0,-0.0001241566666666,0,1,13.0,1,,1,,1
2020-10-30,-0.6060728239032479,-0.6124689565858435,-0.6073609149086865,-0.6088470751054831,0.1996597812993785,0.0198900602939438,0.9703741270801916,0.9404256352704508,0.917076927419358,75.8501692806478,72.36443581738172,1,0,-0.444880832064113,-0.8847007501806273,0,10911.58984375,0,94.04000091552734,74.0,0,-9.883333333333331e-05,0,1,13.0,1,,1,,1
2020-10-31,-0.5989102586994943,-0.6011464581920409,-0.5973681938240634,-0.6055276559017656,0.1875602205807607,0.0204641676615744,0.9650071374377972,0.9342033389389566,0.9095833692974526,79.32017653647308,79.62216186189968,1,0,-0.4534446260219572,-0.9142161586323384,1,10911.58984375,1,94.04000091552734,73.0,0,-0.00010785,0,1,13.0,1,,1,,0
2020-11-01,-0.600250860605748,-0.6061413983565438,-0.5920552065995199,-0.5983650064255508,-0.0699259530078921,0.0205738143911385,0.9720773668229502,0.9407337169448488,0.9147899590358628,76.93287431912557,74.72474938199727,1,0,-0.4276534869969696,-0.9156373222531102,1,10911.58984375,1,94.04000091552734,72.0,0,-5.175e-05,0,0,23.0,1,,1,,0
2020-11-02,-0.6059516479771435,-0.6077557741483007,-0.6040346340840014,-0.5997080367646747,0.208017547104976,0.0199704968602738,0.9841393697391227,0.9532220674086224,0.9262576024033664,67.03368280420895,55.40322092162421,0,0,-0.3787572098851358,-0.8924485374979341,0,10957.6103515625,0,94.0500030517578,71.0,0,4.441e-05,0,1,23.0,1,,1,,1
2020-11-03,-0.5937383854516413,-0.6024459075693219,-0.6014758677557717,-0.6054079353288636,0.1683557717203984,0.020244505527753,0.9696285117936368,0.938597439097286,0.9108894597731402,74.98908449203046,74.34911115103088,1,0,-0.349386032393349,-0.867281002964908,0,11160.5703125,0,93.5500030517578,71.0,0,-8.704e-05,0,1,23.0,1,,1,,1
2020-11-04,-0.5881357738490317,-0.5954189596785703,-0.5935449858555686,-0.5931871289390195,0.3991723871272253,0.0206754100471798,0.9663545332006366,0.9346047328133664,0.9057646886770572,77.82192577876366,79.63959599771015,1,0,-0.7875983896330689,-0.8666618344434454,0,11590.7802734375,0,93.41000366210938,74.0,0,-0.0001141833333333,0,1,23.0,1,,1,,1
2020-11-05,-0.5439596908860449,-0.5507046042722746,-0.5773238358900433,-0.5875891405360648,0.6517024947418463,0.0243014141087676,0.9086193471255948,0.8731749122032513,0.8430958846037506,89.07739338141447,93.57380561518907,1,0,-0.0582606596983931,-0.5105628842424389,0,11890.9296875,0,92.52999877929688,72.0,0,0.0001,0,1,23.0,1,,1,,0
2020-11-06,-0.5443863721443093,-0.5447823204399055,-0.542346548519329,-0.5434151429541944,0.6068943623652492,0.0268313240383122,0.9221956942378908,0.8821019397491805,0.8489589221053122,88.57641145296583,92.7562930601261,1,0,-0.0622567214121337,-0.5038533174576,0,11895.23046875,0,92.2300033569336,90.0,0,0.00022535,0,1,23.0,1,,1,,0
2020-11-07,-0.5667510568928457,-0.549782103819842,-0.567337887081474,-0.5438382073559695,0.3951507374148336,0.0267235997121371,0.9660142465272856,0.923929475105261,0.8878808621894061,66.0947406851616,57.59208251618433,0,0,0.186874649354028,-0.3487310251947871,1,11895.23046875,1,92.2300033569336,88.0,0,0.0003291733333333,0,1,23.0,1,,1,,1
2020-11-08,-0.5470230373901808,-0.5527810815220514,-0.5573583764904985,-0.566204086763772,0.0259049837245538,0.0279084030099373,0.9421887481149808,0.8989756682928048,0.8618083886625799,73.05540610559979,70.6698001121473,1,0,0.2368057740049788,-0.305370479174781,1,11895.23046875,1,92.2300033569336,82.0,0,0.0001,0,1,23.0,1,,1,,0
2020-11-09,-0.551521223799232,-0.54833812115289,-0.553582513716479,-0.5464741482827905,0.3566181282158894,0.0281597935381477,0.9573096821685098,0.912698177522023,0.8733854620467771,69.31177884780536,64.61230668542295,0,0,0.2618334369599054,-0.2923144229831614,0,11713.7802734375,0,92.7300033569336,90.0,0,0.0001,0,1,23.0,1,,1,,0
2020-11-10,-0.5527862921149153,-0.5584015302980261,-0.5455147893234564,-0.5509723661401531,-0.0206038866222282,0.02793492547053,0.9655206533788596,0.9206022952319564,0.8796875969924386,68.17804985606756,62.60020416740909,0,0,0.1981079216933206,-0.2857320942780518,0,11553.8603515625,0,92.75,90.0,0,0.0001,0,1,23.0,1,,1,,1
2020-11-11,-0.5402484320384674,-0.5443968885498428,-0.5403821936673435,-0.5522383671946437,0.1640628732711846,0.0284405712302551,0.9518777040259896,0.9064550778050648,0.8644904192353687,73.19242754953777,73.50374457070188,1,0,0.115959728771679,-0.2753910339173875,0,11786.4296875,0,93.04000091552734,86.0,0,0.0001,0,1,23.0,1,,1,,1
2020-11-12,-0.5226834714294258,-0.5327123231113425,-0.5327705501791509,-0.5397012992066599,0.3577902805871577,0.0299138168030658,0.9322703201578374,0.8850485755088124,0.8417846330076199,78.6346064770687,82.84564448658332,1,0,0.1526035897136532,-0.2701017693624366,0,11709.58984375,0,92.95999908447266,87.0,0,0.0001,0,1,23.0,1,,1,,1
2020-11-13,-0.5214168220393743,-0.5279580467246651,-0.518547009066862,-0.5221311938471308,0.2444471261109939,0.0308282140914764,0.9401340104015136,0.8906289170475261,0.8450554568031138,78.98950866881069,83.40810830053135,1,0,0.1587274236157214,-0.272033317740015,0,11829.2900390625,0,92.76000213623048,89.0,0,0.0001,0,1,23.0,1,,1,,0
2020-11-14,-0.5290436264755344,-0.5323274489248753,-0.5261025003648143,-0.5208674302815431,0.0632847871448542,0.0305848974924294,0.9607011663855743,0.9101515820396072,0.8622373693188812,70.81676348412185,66.0273418618556,1,0,0.2078314398011808,-0.2433977924441137,1,11829.2900390625,1,92.76000213623048,90.0,0,8.092333333333333e-05,0,1,23.0,1,,1,,0
2020-11-15,-0.5324817770997035,-0.5381795501626865,-0.5247235981485535,-0.5284946122872017,-0.1051216276880339,0.0297714505631292,0.9718870576836764,0.9217975684995556,0.872362080809603,67.2001746032308,58.6778717087621,0,0,0.2159096327345225,-0.2584623854541488,1,11829.2900390625,1,92.76000213623048,86.0,0,0.0001,0,1,23.0,1,,1,,1
2020-11-16,-0.5092496493232839,-0.5173477064693669,-0.5220127441141453,-0.5319333045660406,0.2412475587175256,0.0306481339532422,0.9396779657908776,0.8893811751047508,0.8397577542763902,76.54098930523031,79.36831369080546,1,0,0.2442657095658197,-0.2133441211884792,0,11924.1298828125,0,92.56999969482422,90.0,0,0.0001,0,1,23.0,1,,1,,1
2020-11-17,-0.4808619661797544,-0.4882901750362154,-0.5007468558675021,-0.5096289113532919,0.5703347294996731,0.0332502721996438,0.9029527344520836,0.849888517911842,0.7994374195056608,83.26168056524853,88.63748905790483,1,0,0.3262218582461504,-0.1483755286500138,0,11899.33984375,0,92.41999816894533,86.0,0,0.0001,0,1,23.0,1,,1,,1
2020-11-18,-0.4760171366733788,-0.4699242911720073,-0.4762305484355574,-0.480316971395083,1.0128355543514564,0.0352965461459127,0.9086941588403674,0.8513318973326952,0.7979106045193307,84.15555738216327,89.69137673656543,1,0,0.3291165027947047,-0.1499566532454787,0,11801.599609375,0,92.31999969482422,91.0,0,0.0003339866666666,0,1,23.0,1,,1,,1
2020-11-19,-0.4756174530057408,-0.4781720815859095,-0.4753085470858013,-0.4754697351020411,0.4813856561534981,0.0365293959844714,0.9209762891436868,0.8601348207484528,0.8036305916623717,84.23569317010971,89.79548590618569,1,0,-0.1613248121739362,-0.1434894200332815,0,11904.7099609375,0,92.29000091552734,94.0,0,0.00029074,0,1,23.0,1,,1,,1
2020-11-20,-0.4510503614939278,-0.4585242426256233,-0.4633906167269211,-0.4750657937720901,0.4817296357845904,0.0390387825485643,0.8907535004831441,0.8269958781434965,0.7692970886813605,88.39753140300789,94.41669573327128,1,0,-0.0871548003356421,-0.2509896954793572,0,11854.9697265625,0,92.38999938964844,86.0,0,0.0003830466666666,0,1,23.0,1,,1,,1
2020-11-21,-0.4504113687964501,-0.4536130460588928,-0.4422887511841657,-0.4504971512890833,0.5986395012910147,0.0406109135185375,0.9048756471483732,0.8366182607884781,0.7752542359562357,88.4887373876632,94.503026948507,1,0,-0.4062684870864008,-0.245938175454003,1,11854.9697265625,1,92.38999938964844,91.0,0,0.0002647933333333,0,1,23.0,1,,1,,0
2020-11-22,-0.4587273426675836,-0.4610568040051537,-0.4663265654255056,-0.4498581841247633,0.6703613901831273,0.0407164550976736,0.9328363883823498,0.8615053129678486,0.7961377263828396,79.14613677068635,74.51114228467182,1,0,-0.4027734565875698,-0.2256345181016869,1,11854.9697265625,1,92.38999938964844,94.0,0,0.0007796166666666,0,1,23.0,1,,1,,0
2020-11-23,-0.4589069885137185,-0.4603818065377953,-0.4560825716410181,-0.4581741248811294,0.7346241062360837,0.0403208084600097,0.9428914798764346,0.8707538798337342,0.8028582213497186,78.93839680402631,74.05987505842386,1,0,-0.433553010588956,-0.2201632016135506,0,11880.6298828125,0,92.51000213623048,90.0,0,0.0009524966666666,0,1,23.0,1,,1,,1
2020-11-24,-0.4361996581011658,-0.4412399515026406,-0.4521064256357193,-0.4583269304566102,1.1186334813463088,0.0413627434809609,0.9107752941942068,0.8383698981083327,0.7702868826320296,84.76902014204279,87.16283378480018,1,0,-0.400602769546924,-0.2021286055681469,0,12036.7900390625,0,92.2300033569336,88.0,0,0.0006411433333333,0,1,23.0,1,,1,,0
2020-11-25,-0.4476654900928071,-0.439956704882447,-0.4380349722296089,-0.4357390324832615,0.7772661647682515,0.0407930507774617,0.944198987050778,0.8693968251967851,0.7970819439434217,72.99548323795868,65.04321871553887,1,0,-0.3082579312048623,-0.1640394299249446,0,12094.400390625,0,91.98999786376952,94.0,0,0.0006586866666666,0,1,23.0,1,,1,,0
2020-11-26,-0.4959763808444914,-0.4557271536249487,-0.5073865410816847,-0.4471818490649473,1.5553850064330583,0.0360279720378055,1.0387283777071457,0.9658512785494456,0.887167969388932,43.57318997490763,26.81434060262488,0,0,0.3169402156206561,0.1463449374288982,1,12094.400390625,1,91.98999786376952,93.0,0,0.0002578,0,1,23.0,1,,1,,0
2020-11-27,-0.4972661198866366,-0.4984464271535751,-0.5019323382353902,-0.4953250922943309,0.5650397170249372,0.0317811878932564,1.0348337014777431,0.9706375618475784,0.8933470121180034,43.038815687928874,26.264850344233423,0,0,0.3191521384618702,0.1042777902950491,0,12205.849609375,0,91.79000091552734,86.0,0,0.0001025766666666,0,1,23.0,1,,1,,1
2020-11-28,-0.4786623039229283,-0.4861555204955923,-0.4899836744981848,-0.4965770120853254,0.2885103811472619,0.029575821670065,0.996713524941112,0.9388914932028476,0.8646747203443379,52.69455300244958,47.1100120490473,0,0,0.3480405979532652,0.127465436804887,1,12205.849609375,1,91.79000091552734,87.0,0,0.0001,0,1,23.0,1,,1,,1
2020-11-29,-0.4646082830221756,-0.4732402206333284,-0.4698178407605078,-0.4780427876740956,0.2239658786009433,0.0286320427161139,0.9723182061666636,0.917350321958603,0.8446101063553084,58.78449949826188,58.83255669692875,0,0,0.3527151130174649,0.1363311978007336,1,12205.849609375,1,91.79000091552734,89.0,0,0.0001,0,1,23.0,1,,1,,1
2020-11-30,-0.4203646911668268,-0.4291872136327143,-0.4505619215301231,-0.464030259837117,0.9540439930907338,0.0310957270145434,0.8963115482357943,0.8405786254297964,0.7713127893170092,71.91691942764302,78.67336313954418,1,0,0.5355422000769775,0.2793413173568719,0,12198.740234375,0,91.87000274658205,88.0,0,0.0001649366666666,0,1,23.0,1,,1,,0
2020-12-01,-0.4455003728193459,-0.4262803450822083,-0.4460962887739887,-0.4195675366872062,1.037862552749637,0.0306664711391572,0.9572839449238332,0.8981029029699498,0.8233279875924169,59.49111559235892,57.6329131717578,0,0,0.5615326759393673,0.3652476496812013,0,12355.1103515625,0,91.30999755859376,95.0,0,0.0003358733333333,0,0,31.0,1,,1,,1
2020-12-02,-0.4333395840639119,-0.4424404818737903,-0.4452940625666383,-0.4449852316259299,0.4990999321155357,0.0309507755119899,0.9411212457564108,0.8818449593594121,0.8071572921329763,63.05458436769192,63.8666118723751,0,0,0.5750076405584869,0.3491933484636027,0,12349.3701171875,0,91.12000274658205,92.0,0,0.0001,0,1,31.0,1,,1,,1
2020-12-03,-0.4258766147302051,-0.4346898695387764,-0.4273174657624666,-0.4326378131973625,0.2590018238732297,0.0314161422978157,0.9357225510744602,0.8753033798443578,0.7997404063673079,65.22098029506685,67.74939967647319,0,0,0.5761662322018475,0.3393503016690632,0,12377.1796875,0,90.70999908447266,92.0,0,0.0001515166666666,0,1,31.0,1,,1,,0
2020-12-04,-0.4486538703940597,-0.4363366214918874,-0.4344261690545687,-0.4252742073844749,0.3444434666735619,0.0296057381334934,0.9879311239561416,0.927468066048832,0.8477487637300306,54.05811214653976,47.13710465527765,0,0,0.5831439798809183,0.4145938171583234,0,12464.23046875,0,90.6999969482422,92.0,0,0.00010901,0,1,31.0,1,,1,,1
2020-12-05,-0.4347710828305396,-0.4468853795291251,-0.4377536342683395,-0.4481427759658132,0.0527587301844795,0.0289574018202625,0.9636829278567104,0.9055596409983228,0.8273073113731495,58.99393695238549,57.61641312400903,0,0,0.612264170585236,0.1662663650655505,1,12464.23046875,1,90.6999969482422,93.0,0,0.0001,0,1,31.0,1,,1,,1
2020-12-06,-0.4289398419079736,-0.4399706768251528,-0.4281848030005772,-0.4342186140239095,-0.032973663072113,0.0285846173542007,0.9580154687363732,0.9005239495884784,0.8221367609902761,61.02342628041721,61.851674357933994,0,0,0.5980465464261077,0.1643942503334968,1,12464.23046875,1,90.6999969482422,95.0,0,0.0001,0,1,31.0,1,,1,,0
2020-12-07,-0.4336285925257777,-0.4393296112186514,-0.4271508616977512,-0.428446369985191,0.037532134944602,0.0275927677391514,0.973205724156406,0.9164523239683,0.836664454323387,58.34437076383374,55.866599101598695,0,0,0.6044632604174102,0.0641611741483632,0,12519.9501953125,0,90.79000091552734,94.0,0,0.0001,0,1,31.0,1,,1,,0
2020-12-08,-0.4602198172079575,-0.4431874524577761,-0.4477126458174479,-0.433077614016132,0.2485297235030977,0.0243799927927235,1.027685877994304,0.9746259546046584,0.8918892143558339,45.32355476909422,32.26097191639876,0,0,0.6370858076797079,0.1202277364027776,0,12582.76953125,0,90.97000122070312,95.0,0,0.0001,0,1,31.0,1,,1,,1
2020-12-09,-0.4531092186372108,-0.4629406680447719,-0.4581117034653035,-0.4596750921036182,0.3685521362877983,0.0221522539851518,1.0099729965834503,0.9624500890829484,0.8823266852886213,48.84592654381745,41.12978478112185,0,0,0.6308127814595086,0.1133911055722868,0,12338.9501953125,0,91.08999633789062,86.0,0,0.0001,0,1,31.0,1,,1,,0
2020-12-10,-0.4619351337394686,-0.4651346739890739,-0.4574425540008593,-0.452575032650316,-0.0218272097243799,0.019450365635049,1.0249710311512186,0.9825657462141606,0.9030718387537864,44.71985461031339,33.804931759724,0,0,0.1573914983731932,0.1271581875876438,0,12405.8095703125,0,90.79000091552734,94.0,0,0.0001,0,1,31.0,1,,1,,0
2020-12-11,-0.4682306138944412,-0.4736963634687237,-0.4679390352432478,-0.461415023140945,0.0825516100069089,0.0166096414095286,1.0327528834138588,0.9962550241803276,0.9184271086252233,41.81291562941847,28.908536836208185,0,0,0.1706978725421225,0.1212173357352672,0,12377.8701171875,0,90.9800033569336,89.0,0,0.0001,0,1,31.0,1,,1,,1
2020-12-12,-0.4454802663264374,-0.4541261333666605,-0.4546755781451616,-0.4679100655948818,-0.1887689789068238,0.0160095616495511,0.9852149272691484,0.9515248439075328,0.8781485366140003,54.22109395878736,58.12981341860544,0,0,0.1951703150956717,0.1314648970743494,1,12377.8701171875,1,90.9800033569336,90.0,0,4.0596666666666664e-05,0,1,31.0,1,,1,,1
2020-12-13,-0.4351329997028926,-0.4402401357201932,-0.4332712378513004,-0.4448318293867417,-0.026079938203955,0.0161823915209677,0.9679405467447816,0.9343080239593962,0.8625632866768089,58.828568158389814,66.48409368246789,0,0,0.176681805031994,0.1368606521368323,1,12377.8701171875,1,90.9800033569336,91.0,0,0.0001,0,1,31.0,1,,1,,1
2020-12-14,-0.4319480596303663,-0.4425375810050315,-0.4246143254415907,-0.4345145592228102,-0.1570301525204449,0.016387454115231,0.9666772589670788,0.932479263839843,0.8611040565374789,60.24946962097498,69.02089995778508,0,0,-0.250083559124131,0.1215609187852913,0,12440.0400390625,0,90.70999908447266,95.0,0,0.0001,0,1,31.0,1,,1,,1
2020-12-15,-0.4267417905571075,-0.435927736697997,-0.4225266422799426,-0.4313854757417728,0.0307403785475336,0.0167766789899111,0.9616798516257832,0.9266462094223632,0.8557345684219316,62.67885388471488,73.40777352258347,0,0,-0.4118630645661745,0.1156591497338865,0,12595.0595703125,0,90.47000122070312,91.0,0,0.0001,0,1,31.0,1,,1,,1
2020-12-16,-0.3688993482294894,-0.3777999347074625,-0.415732561319312,-0.4261341191196676,0.8080035401796499,0.0215046519521639,0.8534766926077091,0.8130264731085977,0.7473723281867916,79.07383352086745,91.41551591635654,1,0,0.1787068822240694,0.3086133272420141,0,12658.1904296875,0,90.4499969482422,92.0,0,0.00022018,0,1,31.0,1,,1,,1
2020-12-17,-0.3232440657845029,-0.3121622722182017,-0.3555160336401397,-0.368410425738696,1.9945342618754136,0.0286058538475214,0.7780313911429265,0.727912586598079,0.6638617865009849,85.05360594166542,94.98765650067016,1,0,0.3949517863888521,0.3541479924781893,0,12764.75,0,89.81999969482422,92.0,0,0.0002865766666666,0,1,31.0,1,,1,,1
2020-12-18,-0.3130778769235019,-0.3243071779454731,-0.3192828383043671,-0.3226341474368099,0.6310940706974637,0.034654458958465,0.7832580047203733,0.7207684602200002,0.6521130155674082,86.07590290157935,95.53880815877206,1,0,0.2219973010137212,0.3552156399221219,0,12755.6396484375,0,90.0199966430664,95.0,0,0.0004237066666666,0,1,31.0,1,,1,,1
2020-12-19,-0.2907210080520308,-0.2988410228441286,-0.3060146436499383,-0.3126730258398618,0.547487946695182,0.0407819259045529,0.7591728360864116,0.6861055604531079,0.6150599086023529,88.13513037748183,96.6264937099642,1,0,0.2333043459947098,0.3679408819444535,1,12755.6396484375,1,90.0199966430664,93.0,0,0.0003952533333333,0,1,31.0,1,,1,,0
2020-12-20,-0.3027120550498248,-0.295119789633056,-0.2960248379846029,-0.2904057152765319,0.5191850833684049,0.0441613458208428,0.8168139480127795,0.7298446154461794,0.6495883432463667,80.74508025404492,82.28039850137579,1,0,0.2950593012238189,0.3487584934755076,1,12755.6396484375,1,90.0199966430664,92.0,0,0.0005153666666666,0,1,31.0,1,,1,,0
2020-12-21,-0.3233076070751484,-0.2996186964786821,-0.3267601599226661,-0.3022377355945945,0.8715194134540245,0.0446628262680999,0.8898576591523829,0.7924440907151685,0.702216782284267,69.2393189807018,61.402793155705226,0,0,0.3783662274246636,0.3887937192650235,0,12742.51953125,0,90.04000091552734,92.0,0,0.0003192833333333,0,1,31.0,1,,1,,1
2020-12-22,-0.2933726189254204,-0.307736571307677,-0.3183252445441395,-0.3230238881705234,0.7975600300860508,0.0469347222399395,0.8321136417629478,0.734353368366016,0.646395258282905,75.17248059964045,74.12591503695302,1,0,0.1787236125456975,0.4098502800336678,0,12807.919921875,0,90.6500015258789,88.0,0,0.0001331866666666,0,1,31.0,1,,1,,0
2020-12-23,-0.3099197256204591,-0.3006854953982191,-0.3067555853143437,-0.292843265520622,1.1044053210395537,0.0468598319716633,0.8957149273660302,0.7888758820134366,0.6914535924365685,66.93770221261417,59.63701486475288,0,0,0.2839703962698282,0.4374453935758981,0,12771.1103515625,0,90.41000366210938,93.0,0,0.00010508,0,1,31.0,1,,1,,1
2020-12-24,-0.294810799968623,-0.3083847402968146,-0.3075345489052938,-0.3093939411027688,0.6615766848534206,0.0474724125032553,0.8718937776608756,0.7645520569472164,0.6666926794517103,70.35867818941449,67.39573404454868,1,0,0.2138282734099036,0.4115188412055099,0,12804.73046875,0,90.33000183105467,86.0,0,0.0001573866666666,0,1,31.0,1,,1,,1
2020-12-25,-0.2664369586837131,-0.280077877903071,-0.2861990853921061,-0.2943219771868225,0.7050278608248682,0.0496747986917233,0.814548464026791,0.7071559998258764,0.6120677490639252,75.78733147730307,77.98965770986516,1,0,0.1675895069472849,0.4153436699885968,1,12804.73046875,1,90.33000183105467,94.0,0,0.0002114433333333,0,1,31.0,1,,1,,1
2020-12-26,-0.2122991824218732,-0.2197237818653429,-0.2532660232142815,-0.2655004947961464,0.9806243917183926,0.0551529033709065,0.6860833712060341,0.5822967614001514,0.4976995361699498,82.74472545816819,87.95020353582521,1,0,0.2875259679371225,0.2020085239681724,1,12804.73046875,1,90.33000183105467,93.0,0,0.0001232166666666,0,1,31.0,1,,1,,0
2020-12-27,-0.2173316526410002,-0.1725107088819113,-0.2097266049296608,-0.211661917479936,1.7790148650602255,0.0584148919952832,0.7360526337617967,0.6144843482386023,0.519489907604646,80.270779942716,83.27917731789526,1,0,0.3410858423095587,0.206731611954668,1,12804.73046875,1,90.33000183105467,91.0,0,0.0003885733333333,0,1,31.0,1,,1,,1
2020-12-28,-0.1925113505775443,-0.1995541084566875,-0.2008677389963714,-0.2165055141243624,1.0124810686843098,0.0622848514297539,0.688874054539009,0.5633222816575536,0.4701140803512236,83.13953300581758,87.60734738848679,1,0,0.3237266558728255,0.2011592573091064,0,12899.419921875,0,90.33999633789062,92.0,0,0.0005029133333333,0,1,31.0,1,,1,,1
2020-12-29,-0.184030467666651,-0.2001068807781909,-0.20771988539115,-0.1920359774831649,0.8457045163337792,0.0652836097211084,0.6950399423720558,0.5575659774057934,0.4593213767647063,84.0536991127161,88.91463033984091,1,0,0.3211398722922111,0.1970074699340051,0,12850.2197265625,0,90.01000213623047,91.0,0,0.00042179,0,1,31.0,1,,1,,1
2020-12-30,-0.1388654376021663,-0.1530065226266718,-0.1650290970708766,-0.1835347726456322,1.1106209876166158,0.0704919998437399,0.5658603614994783,0.4395897023685257,0.3557086376974036,88.03880062640381,93.66202799664956,1,0,0.0522194220933943,0.1129006066523142,0,12870.0,0,89.62999725341797,91.0,0,0.0006289833333333,0,1,31.0,1,,1,,1
2020-12-31,-0.1339543819618784,-0.1437748256592014,-0.1388477815361082,-0.1382766371073052,0.9112140539015386,0.0741610848644714,0.5868513867892002,0.4429407434299679,0.352201384380191,88.40243644329178,94.03254317530252,1,0,-0.1084735843517129,0.001962257107901,0,12888.2802734375,0,89.94000244140625,95.0,0,0.00050127,0,1,31.0,1,,1,,1
2021-01-01,-0.1225775077771409,-0.1330819452717841,-0.1201395359665108,-0.1336198558696849,0.6461582254618402,0.0770981404724939,0.5781938822357001,0.4239986143539604,0.3310878783793404,89.27404948575824,94.94526941816711,1,0,-0.1075325783074455,0.0004417539416072,1,12888.2802734375,1,89.94000244140625,94.0,0,0.0002784866666666,0,0,62.0,1,,1,,1
2021-01-02,-0.0384765823428643,-0.0262436067913493,-0.1111959406601707,-0.1219364644811508,1.839971218851332,0.0852295468613144,0.2076395585168803,0.1422244516623281,0.1077121590017999,93.46391672474252,97.98418456665952,1,0,0.2352671131460336,0.1920355817440511,1,12888.2802734375,1,89.94000244140625,94.0,0,0.0004854066666666,0,1,62.0,1,,1,,1
2021-01-03,-0.0184753949536073,0.0174429008886248,-0.0191111469601287,-0.0378359989180828,2.3151104142305563,0.0922245662811991,0.1157326021603255,0.073354879382805,0.05371804809437,94.09670953561373,98.30694817018876,1,0,0.1332937926706587,0.0814996548287682,1,12888.2802734375,1,89.94000244140625,93.0,0,0.0013126933333333,0,1,62.0,1,,1,,0
2021-01-04,-0.0432222516379227,-0.0176742268726472,-0.1226531740336819,-0.0170154785126041,2.4250208036968117,0.0946798941677595,0.3049653009727647,0.1828288102515422,0.1301325660140696,82.67039572199982,77.76577307937733,1,0,0.1042322772432675,0.1440380243798043,0,12698.4501953125,0,89.87999725341797,94.0,0,0.0015224833333333,0,1,62.0,1,,1,,1
2021-01-05,0.0184995505573608,0.0123040438436881,-0.0760552379645868,-0.042490691832727,1.8259765460449011,0.1004482874828621,-0.158010521206256,-0.0850451391144926,-0.058103503984482,87.15812469751825,86.88139145514393,1,0,0.1747791776280403,0.2052674377241339,0,12818.9599609375,0,89.44000244140625,93.0,0,0.00066136,0,1,62.0,1,,1,,1
2021-01-06,0.105008183770042,0.0857072299009344,0.0263450987682966,0.0197249246034934,2.1665916071680376,0.1107239477155596,-1.266518948886174,-0.5423001234353811,-0.3479560689499163,90.9487772981782,92.57227357480556,1,0,0.1650392127253501,0.2959774250689886,0,12740.7900390625,0,89.52999877929688,95.0,0,0.0016215133333333,0,1,62.0,1,,1,,1
2021-01-07,0.1828030090026466,0.1849163593132276,0.1189281254770376,0.1058816126352133,2.5833445535107,0.1237187223014357,-4.349158737470225,-1.1028803808890375,-0.646444377610813,93.07101611339928,95.11379392573876,1,0,0.2227162228235888,0.1966820048413152,0,13067.48046875,0,89.83000183105469,91.0,0,0.0011430033333333,0,1,62.0,1,,1,,1
2021-01-08,0.2263811177069528,0.2380086848937201,0.1297329123091074,0.1837175866009074,2.730524899411013,0.1359662298958253,-306.9522396487619,-1.6559979538054423,-0.8613703541815722,93.98290048411012,96.10834744174676,1,0,0.2223701892997746,0.1939579128789662,0,13201.98046875,0,90.0999984741211,93.0,0,0.0014581766666666,0,1,62.0,1,,1,,0
2021-01-09,0.2097918888042185,0.2226678440366009,0.1963518222200186,0.2266964667767336,1.5812245361163049,0.1426890255072136,6.6281551476518565,-1.8893804251590176,-0.8588121182623321,88.84697632866332,87.10890712107987,1,0,0.2759788101228146,0.1876768054427433,1,13201.98046875,1,90.0999984741211,93.0,0,0.0009227133333333,0,1,62.0,1,,1,,0
2021-01-10,0.1518094169844454,0.2221821135578287,0.1031751432588061,0.2103703157477044,2.372986551705495,0.1417047049378383,3.027865335861896,-1.6579005313235764,-0.6636520868107418,72.80222947089598,60.64480100142211,1,0,0.5576007304715614,0.3216336357115271,1,13201.98046875,1,90.0999984741211,94.0,0,0.00106408,0,1,62.0,1,,1,,0
2021-01-11,0.0665883152761124,0.1297962234598622,-0.0658423419858354,0.1520920234506479,4.279727374387179,0.1325203806524739,1.2642948349163794,-0.833896266935591,-0.3066231026447122,55.73338974032835,38.0131029086477,0,0,1.0541626212777628,0.6053169002573314,0,13036.4296875,0,90.54000091552734,90.0,0,0.0007382766666666,0,1,62.0,1,,1,,0
2021-01-12,0.0163774504393508,0.076354247077875,0.0009674671505225,0.0656325882537623,2.143883263298137,0.1198090561039998,0.3478263854837443,-0.2252003051403662,-0.0787346884814007,48.071354502878066,29.395389011686134,0,0,1.2416885763856518,0.7320605145925068,0,13072.4296875,0,90.05000305175781,84.0,0,0.0004644199999999,0,1,62.0,1,,1,,1
2021-01-13,0.1200374590716323,0.1073563441840808,-0.0025561814861541,0.0167160688595094,1.9059153024364903,0.1167538702534514,2.058659122684579,-2.0538426201262467,-0.6151239265461151,60.88190582254621,56.52527118047536,0,0,1.4491210079356514,0.8747073326390508,0,13128.9501953125,0,90.31999969482422,78.0,0,0.0003596266666666,0,1,62.0,1,,1,,1
2021-01-14,0.1771909706170117,0.1784852736849292,0.1306635384409232,0.1208884208743048,1.653016978979865,0.1175889321718446,2.3132534415753754,-4.322704507113993,-0.9814380572282196,66.18838353927862,66.10100526472712,0,0,1.4750503753649191,0.8874583163702375,0,13112.6396484375,0,90.23999786376952,83.0,0,0.0007315366666666,0,1,62.0,1,,1,,0
2021-01-15,0.1050388506464663,0.1668021465346487,0.0619693359003369,0.176842230699835,1.835366562097281,0.1111474134815183,1.2971978312881405,-3.481132566393476,-0.6202730274236996,55.26760950050178,48.222541311043464,0,0,1.731627705001352,0.9303515928384656,0,12998.5,0,90.77999877929688,88.0,0,0.0007943199999999,0,1,62.0,1,,1,,0
2021-01-16,0.085267664830391,0.1153036791241667,0.092257505405139,0.1055081011543427,1.39301448925352,0.1032568137760598,1.0445081725499648,-3.94346177481016,-0.5350692052005243,52.52736814639861,43.88575456306935,0,0,1.5339380036290615,0.8942766325728145,1,12998.5,1,90.77999877929688,84.0,0,0.00037023,0,1,62.0,1,,1,,0
2021-01-17,0.0734499393812593,0.0809777860006626,0.043613248685541,0.0854067395154667,1.1578018723360892,0.0949552796259715,0.913838973017245,-5.037672014631194,-0.4889215763364452,50.790566284891455,40.95068083522892,0,0,1.5405500736297852,0.9112930658533968,1,12998.5,1,90.77999877929688,79.0,0,0.0002446166666666,0,1,62.0,1,,1,,1
2021-01-18,0.0990731289078298,0.0983188454790928,0.068943140312478,0.0740604631216481,1.0324970707301,0.0894131323238798,1.1900424932428402,-16.07971104739736,-0.7053881391014122,54.550186208409336,50.51782383814399,0,0,1.5059184094110427,0.9060688729682826,1,12998.5,1,90.77999877929688,79.0,0,0.0006941533333333,0,1,62.0,1,,1,,0
2021-01-19,0.0819582673566567,0.1120431677885358,0.1058239231575456,0.1000271483376065,1.372689075954867,0.082686752948371,0.9868217315783944,223.92604681751,-0.6221687426362118,51.51676798166403,44.147616471951935,0,0,1.40532448784097,0.9042481968797608,0,13197.1796875,0,90.5,80.0,0,0.0012007566666666,0,1,62.0,1,,1,,0
2021-01-20,0.0660107756578506,0.0706373742855378,0.0281003026553357,0.0819383333839963,1.7946189487748083,0.0752023338383283,0.8207139678451251,12.624987439470804,-0.5324504795874605,48.61051650185079,38.168086410104905,0,0,1.1431355674358226,0.8768385715702804,0,13457.25,0,90.47000122070312,78.0,0,0.0004087566666666,0,1,62.0,1,,1,,0
2021-01-21,-0.0782363069532511,0.0458206209918049,-0.0751359090825111,0.0666419045813033,2.1821497740936624,0.0569745762778556,-1.3965638362616857,82.00846356707378,0.6403273467363233,30.59628236340778,14.493416021127215,0,0,1.6322224664995224,1.4219726708143472,0,13530.91015625,0,90.12999725341795,75.0,0,0.0003900799999999,0,1,62.0,1,,1,,1
2021-01-22,-0.0116407386074951,-0.0065039522075678,-0.1154814855373838,-0.0779099025013939,2.250967162146394,0.047356753712157,-0.2552170017863376,6.6685681820298335,0.0987785760056673,42.03852591457997,38.120391861860014,0,0,1.8024406541930291,1.4718523821886011,0,13543.0595703125,0,90.23999786376952,40.0,0,0.0001,0,1,62.0,1,,1,,0
2021-01-23,-0.0402979800150025,-0.0200560321644948,-0.0364996793987971,-0.0116752189980873,0.9815962739652412,0.0369956967895759,-1.2439816291005528,8.757872011428397,0.3510103789628435,38.85768238016228,32.90384596074908,0,0,1.8086657444903291,1.503683987915975,1,13543.0595703125,1,90.23999786376952,74.0,0,0.0001072733333333,0,1,62.0,1,,1,,1
2021-01-24,-0.0335244784321876,-0.032588982182881,-0.0485181917231052,-0.0398226503984447,0.9943149403422152,0.0289967925259027,-1.5065153909901838,4.971156815066649,0.3003496577392901,40.09389360403606,35.67782998435254,0,0,1.7822012684302977,1.4858226235307108,1,13543.0595703125,1,90.23999786376952,70.0,0,0.0002191866666666,0,1,62.0,1,,1,,1
2021-01-25,-0.0311718994355262,0.0232795331898689,-0.0180080859250219,-0.0330583932797016,1.489401957024856,0.0225870670822924,-2.2212048125658725,3.644435027555671,0.2873955269199329,40.57539326690808,36.8862011818047,0,0,1.6210358928828728,1.403624216588497,0,13635.990234375,0,90.38999938964844,74.0,0,0.00034889,0,1,62.0,1,,1,,1
2021-01-26,-0.0249567855890039,-0.037081255291004,-0.0508946836079477,-0.0308339713119164,1.505168342102352,0.0178035925021802,-3.1059199767585484,2.554859020629207,0.2372574171575968,41.99651653412892,40.803437523437815,0,0,1.5545361242118931,1.3997723603331118,0,13626.0595703125,0,90.16999816894533,71.0,0,0.0001116866666666,0,1,62.0,1,,1,,0
2021-01-27,-0.0902461478539122,-0.0440101060546069,-0.1026142825108265,-0.0245586801014375,1.6072960115346846,0.008644697849881,12.73767001298902,5.737316679741543,0.8627519224745797,32.55866286648828,21.82777385211169,0,0,1.2480435346550842,1.5038709946818063,0,13270.599609375,0,90.6500015258789,78.0,0,0.0001,0,1,62.0,1,,1,,1
2021-01-28,0.0024213964862413,-0.0051074624046872,-0.0822119961213313,-0.089414235111319,2.2206054744452044,0.0087626933505719,-0.43066486043008,-0.1683260663337301,-0.0241161400964087,50.70215987730576,58.420889173436976,0,0,1.5741130801021268,1.6728237794892875,0,13337.16015625,0,90.45999908447266,55.0,0,0.0001408733333333,0,1,62.0,1,,1,,1
2021-01-29,0.0283956441857305,0.131591559391916,-0.0187224851263283,0.0290442150503258,4.041010046394621,0.0108272999741429,-73.01405278546427,-2.5316620281853166,-0.2977899479024068,54.6481255006781,64.61185931683286,0,0,1.5014640500226697,1.635677909026343,0,13070.6904296875,0,90.58000183105467,77.0,0,0.0008053066666666,0,1,62.0,1,,1,,0
2021-01-30,0.0269640857559191,0.0242403097206383,0.0084996958320745,0.0283495791620997,1.7201464474822812,0.0122072828389597,7.060054531375705,-3.214588419757499,-0.2977555371708099,54.37136148640858,63.91254174840573,0,0,1.4946996273194877,1.636709367147499,1,13070.6904296875,1,90.58000183105467,76.0,0,0.00041612,0,1,62.0,1,,1,,0
2021-01-31,-0.0083233462671444,0.0078177587110105,-0.0123361984385741,0.0275841789581689,1.175166235308381,0.0103343998185125,-4.26585606926513,0.9928549644781584,0.0953059454742374,47.525612694048874,47.14277404217665,0,0,1.5285792597014185,1.6669878845767938,1,13070.6904296875,1,90.58000183105467,78.0,0,0.0004843166666666,0,1,62.0,1,,1,,1
2021-02-01,0.0045926590676241,0.0183342873509982,-0.0087894086613007,-0.0077398638491579,1.555541845669111,0.0097796069965082,1.9480724181499405,-0.6187843902320231,-0.0548521338015536,50.17505024719561,53.14293544746951,0,0,1.50842004843749,1.5102116994562242,0,13403.3896484375,0,91.0199966430664,77.0,0,0.00039447,0,0,67.0,1,,1,,1
2021-02-02,0.0648664357943938,0.0561664336259588,0.0255733629876641,0.0050486680583352,1.629813747225736,0.0140416562680533,5.417141014495952,-31.37641495062307,-0.8326803934475969,60.825305675550176,72.53900574514924,0,0,1.6498048280394833,1.5680076828567766,0,13612.7802734375,0,91.1999969482422,76.0,0,0.0006774866666666,0,1,67.0,1,,1,,1
2021-02-03,0.1247946433611457,0.103756279417314,0.0863622846536679,0.0654633744263264,1.5452653541398145,0.0220014475400525,4.254662074980639,17.025601768181673,-1.7840059509964663,68.54005620239244,82.26901356017864,0,0,1.7454491364512303,1.602529611401564,0,13610.5400390625,0,91.12000274658205,78.0,0,0.0007779633333333,0,1,67.0,1,,1,,0
2021-02-04,0.108114965071915,0.1371796320065367,0.1135267038674319,0.1254706788148633,1.8827632375856689,0.0266564498692295,2.608206738015667,7.30734190959034,-1.716957974463218,64.4631379700315,72.70857756345485,0,0,0.7741751125505976,1.5406113917251143,0,13777.740234375,0,91.52999877929688,80.0,0,0.00055095,0,1,67.0,1,,1,,1
2021-02-05,0.1453292792759067,0.1261705630333486,0.1241391945023128,0.1088654085034839,1.4322527972973111,0.0329684175010202,2.530414939356572,5.9403988492851205,-2.6519772295425605,69.18223532125756,79.71957186716944,0,0,0.6258219654677202,1.4288490589979237,0,13856.2998046875,0,91.04000091552734,81.0,0,0.0007687566666666,0,1,67.0,1,,1,,1
2021-02-06,0.1795945616357407,0.2049399143798883,0.1701522853147016,0.1457333783202367,1.9922213183984168,0.0402713956628826,2.3560469531738018,4.994887539931009,-3.937752519679667,72.99251001013381,84.58209635180808,1,0,0.5462576655520742,1.3490293000089326,1,13856.2998046875,1,91.04000091552734,84.0,0,0.0006899333333333,0,1,67.0,1,,1,,0
2021-02-07,0.1685189268655285,0.1681284243901506,0.1486253151970487,0.179698101869226,1.7359324417593078,0.044650642495631,1.8636151522669009,3.681447869847492,-4.528710021003284,69.77501906856597,76.66055507702336,0,0,0.5737728440838351,1.3206797580152696,1,13856.2998046875,1,91.04000091552734,86.0,0,0.0010895766666666,0,1,67.0,1,,1,,1
2021-02-08,0.3913029253881543,0.3659683152334869,0.1682222777462002,0.1685976509228813,3.3182867234042144,0.0653447800103228,2.862188176538693,5.482750260349566,-19.175156809466586,85.05979134669937,93.35399691211056,1,0,1.630504157783513,1.9214210463683168,0,13987.6396484375,0,90.93000030517578,83.0,0,0.00122049,0,1,67.0,1,,1,,1
2021-02-09,0.3999979991285477,0.420065211753398,0.3887255209716811,0.3915505918349796,2.8934092595987746,0.0815070898713768,2.25707358422249,4.179154883338239,-102.03239346300045,85.39245649732464,93.59248834435928,1,0,1.6306896768033212,1.8650771348541768,0,14007.7001953125,0,90.44000244140624,95.0,0,0.00159619,0,1,67.0,1,,1,,0
2021-02-10,0.3522545649170791,0.3942713617605251,0.3487396951093385,0.4002500680225016,2.695045928368785,0.0894324194850042,1.7254847471838557,3.0706728850985527,35.05949211817812,74.83533235668381,74.11981098604089,1,0,1.420250478525912,1.7634387244090377,0,13972.5302734375,0,90.37000274658205,92.0,0,0.0013735333333333,0,1,67.0,1,,1,,1
2021-02-11,0.4436268215390029,0.4338839327345676,0.3582745738899787,0.3522557520545002,2.4349389093910547,0.1019115053859199,1.8408435940736845,3.1897346120013768,16.399976364118924,80.23211502729113,83.09494166163385,1,0,1.28274174396511,1.7586303736911233,0,14025.76953125,0,90.41999816894533,93.0,0,0.0011130733333333,0,1,67.0,1,,1,,0
2021-02-12,0.4312709341728544,0.442368072061636,0.4278470464910046,0.44324112013796,2.2222721633556257,0.1095415274798116,1.5957343162487927,2.6833123070324967,10.052411014657723,77.6343194256138,78.20497344809905,1,0,1.3293411198497025,1.6152951010882068,0,14095.4697265625,0,90.4800033569336,92.0,0,0.0011997833333333,0,1,67.0,1,,1,,0
2021-02-13,0.4190721996325842,0.4213884369155356,0.4268302940143961,0.4314542672625522,1.9449011510058296,0.1132980100973995,1.4295081769298843,2.329987232005037,7.268744369514581,74.8726684255428,72.58231333767314,1,0,1.3461565997143377,1.58363218576371,1,14095.4697265625,1,90.4800033569336,92.0,0,0.0011918466666666,0,1,67.0,1,,1,,1
2021-02-14,0.4683079293948756,0.4646677622652265,0.4492899553525269,0.4199465336694946,1.9888179247545057,0.1188776144073462,1.46298496078163,2.3272643250260043,6.349242646651592,78.44376404069607,80.23112222667221,1,0,1.1954720057454458,1.493731305290386,1,14095.4697265625,1,90.4800033569336,95.0,0,0.0012690733333333,0,1,67.0,1,,1,,0
2021-02-15,0.4447181804953299,0.4462705882940343,0.425436966546451,0.4682761746410889,2.2449235805243375,0.1200125652860318,1.3107867998219505,2.0282391316758734,5.036130457303524,72.72954573269453,68.09547531665633,1,0,1.26676765780495,1.4917455393704169,1,14095.4697265625,1,90.4800033569336,93.0,0,0.0007553666666666,0,1,67.0,1,,1,,1
2021-02-16,0.4830496281510091,0.4903204838956425,0.4519891477097841,0.4453008032561151,2.244029587248305,0.1225918865534205,1.336625795762308,2.0227961080554864,4.654298822813781,76.00650954442004,75.97027487279578,1,0,1.2197172064360833,1.487863393151759,0,14047.5,0,90.51000213623048,95.0,0,0.0012165466666666,0,1,67.0,1,,1,,1
2021-02-17,0.573138529691444,0.5562304818563831,0.510175450282438,0.4838789305911924,2.409933557826659,0.130402242808265,1.4547742508812482,2.174533275818995,4.690487104677114,81.90357590865958,86.45042779344791,1,0,1.2324840739224177,1.532318281532633,0,13965.490234375,0,90.9499969482422,95.0,0,0.0011487133333333,0,1,67.0,1,,1,,0
2021-02-18,0.5588052850909532,0.5544327976986646,0.5706105129323893,0.573500922103104,1.144377606279282,0.1338920096174827,1.3326148501464754,1.957712185685148,4.011126907091966,78.36767042087735,79.12945259838557,1,0,1.2146956084305571,1.5257441031418424,0,13865.3603515625,0,90.58999633789062,91.0,0,0.0013746466666666,0,1,67.0,1,,1,,1
2021-02-19,0.6873596377976681,0.6638277081660527,0.5681696996095105,0.559295791221357,1.6477158692206366,0.1453553706142147,1.4924261325400787,2.1806410560243483,4.274470900413888,85.04788692203977,89.63059606084006,1,0,1.333191936214888,1.5978722402623011,0,13874.4599609375,0,90.36000061035156,93.0,0,0.00101524,0,1,67.0,1,,1,,1
2021-02-20,0.6938169841700317,0.7056546559420398,0.6828982512281254,0.6879492551532745,1.852291581383699,0.1531952808423362,1.3975562116024904,2.0212881337483144,3.818303471393021,85.31079310397207,89.96863657196214,1,0,1.3546485936474892,1.0196023192907038,1,13874.4599609375,1,90.36000061035156,91.0,0,0.0013177266666666,0,1,67.0,1,,1,,1
2021-02-21,0.7378184628259066,0.7304622511556799,0.7154281352136126,0.6934856976948046,1.137464283122385,0.161101934949825,1.3827604138827971,1.9808174993548064,3.6253508725845056,87.09489936065438,92.26087074236,1,0,1.2993122294240471,0.9602001376042038,1,13874.4599609375,1,90.36000061035156,91.0,0,0.0010839966666666,0,1,67.0,1,,1,,0
2021-02-22,0.6360149338177817,0.7065011912942148,0.5069160115187151,0.7382149505228381,2.904081308884912,0.1573396082476387,1.1577751112487755,1.622475608519155,2.8847203476863768,65.76975198325042,54.114822467902286,0,0,0.4604366128608954,1.0557690727143891,0,13533.0498046875,0,90.01000213623047,94.0,0,0.00095565,0,1,67.0,1,,1,,0
2021-02-23,0.4715806936738152,0.6064566806016546,0.3925701086816195,0.6365531207235554,3.5222160164589305,0.1394816110962916,0.8775569127364091,1.1851815473724288,2.047463454569836,45.16137451020162,28.625656663692467,0,0,1.108294952006071,1.3909823526577507,0,13465.2001953125,0,90.16999816894533,94.0,0,0.00022616,0,1,67.0,1,,1,,1
2021-02-24,0.4984902214410598,0.5188459073931412,0.452368395168801,0.4725087876490753,1.6565159709526027,0.1260473977529218,0.9380764692173174,1.2297810767293895,2.0697926169890284,48.22475862519011,35.27757241189427,0,0,1.0428020864373604,1.3882888377546565,0,13597.9697265625,0,90.18000030517578,76.0,0,0.0003302666666666,0,1,67.0,1,,1,,0
2021-02-25,0.4187158910994995,0.5386486118360235,0.4486475913027891,0.4992086532287618,1.2522467199269514,0.1077218151033433,0.814526129450988,1.0304597537831448,1.689623030126742,40.488191901121034,25.780467585770825,0,0,1.0177057740716215,1.486438415823411,0,13119.4296875,0,90.12999725341795,79.0,0,0.0002333533333333,0,1,67.0,1,,1,,0
2021-02-26,0.3956802938502034,0.4310981152170842,0.3665802390134144,0.4219614670095902,14.295102247866083,0.0902989683454295,0.7979865100794776,0.9756648939792952,1.5601627605642436,38.43383385401285,23.359287073026067,0,0,1.0255477388756231,1.3607879296765328,0,13192.349609375,0,90.93000030517578,55.0,0,0.0001,0,1,67.0,1,,1,,0
2021-02-27,0.3910581870085975,0.4275659141720312,0.3918995622454332,0.3964317782929761,0.8740813552649271,0.0752508266833982,0.8151685469135366,0.96682677440026,1.5098498176562674,37.98758425256408,22.78675720944044,0,0,1.023461099185611,1.2100201757347877,1,13192.349609375,1,90.93000030517578,56.0,0,0.0002825733333333,0,1,67.0,1,,1,,0
2021-02-28,0.3589623773346351,0.3813726755948399,0.3288515550588213,0.3918262504678266,1.205494045662783,0.0600430633367796,0.778410950005431,0.8949346198300838,1.3652673642533382,34.75440179904919,18.57222331964276,0,0,0.976207547172596,1.229998236490232,1,13192.349609375,1,90.93000030517578,55.0,0,0.0001923533333333,0,1,67.0,1,,1,,1
2021-03-01,0.4962269582304043,0.473575991147365,0.3871125652507243,0.3602227638747431,1.2251780219931272,0.0583937786969342,1.063622006397399,1.215793521446103,1.823869539792085,54.05231132020264,60.36938196386361,0,0,1.3835150517576906,1.3877424589741023,0,13588.830078125,0,91.04000091552734,38.0,0,0.00012307,0,0,47.0,1,,1,,0
2021-03-02,0.4579736693453784,0.4839005523392521,0.4528455521255655,0.4962460985884768,0.9453513182611272,0.0533846035415898,0.9844114210608482,1.1120149821364038,1.6393444422396368,49.35797124984965,50.69939314081658,0,0,1.3856450527770874,1.3712279546301018,0,13358.7900390625,0,90.79000091552734,78.0,0,0.0001,0,1,47.0,1,,1,,1
2021-03-03,0.5239335861319442,0.5562672315880379,0.4853575791679151,0.4597004465064944,1.1956798120207353,0.054113424305515,1.104744187619074,1.247032147469517,1.8132020972830696,56.81919755500728,63.96849885043291,0,0,1.3206464961798745,1.391961499912003,0,12997.75,0,90.9499969482422,78.0,0,0.0002169266666666,0,1,47.0,1,,1,,0
2021-03-04,0.4635388124686213,0.5322199918446732,0.4661580854483291,0.5240519400163128,1.1570962936419311,0.0492499438219945,0.9808087732929516,1.0949076789942749,1.5670614216119487,49.1661793870238,48.14785021997928,0,0,1.3760582065286655,1.406680697102139,0,12723.4697265625,0,91.62999725341795,84.0,0,0.0001,0,1,47.0,1,,1,,1
2021-03-05,0.4747233922122784,0.4619262088015253,0.4315022534230418,0.4630979689895185,0.9935273520937534,0.045770488906229,1.003783421704743,1.1113386033444703,1.567686256168117,50.58829755533024,51.13213678880302,0,0,1.06358595740483,1.3634807651472172,0,12920.150390625,0,91.9800033569336,77.0,0,0.0001,0,1,47.0,1,,1,,0
2021-03-06,0.4742675654887742,0.4544356037532508,0.4537375489518183,0.4744683505971185,0.3660528431401587,0.0424864569811049,1.0023847762747626,1.1012759942624684,1.5321621086303436,50.52183300803764,50.97272133241239,0,0,1.0592502531042765,1.352765150583512,1,12920.150390625,1,91.9800033569336,77.0,0,0.0001,0,1,47.0,1,,1,,1
2021-03-07,0.5443530721021551,0.5216782197787884,0.5053957418359486,0.4750625083170082,0.7520614454634625,0.0450201879721052,1.1244752305383123,1.2397723524138595,1.7077760763561165,59.874522939930706,70.08983881465024,0,0,1.143505640021856,1.370484218670363,1,12920.150390625,1,91.9800033569336,76.0,0,0.0001253533333333,0,1,47.0,1,,1,,1
2021-03-08,0.576117393127454,0.5496225748355222,0.5236618154802347,0.5439642785926652,0.9922734542709222,0.0490261602209515,1.1562760441823638,1.282465836662877,1.751955247921877,63.48415969273873,75.79363815341144,0,0,1.038082614928813,1.3645764041597548,0,12609.16015625,0,92.30999755859376,81.0,0,0.00014919,0,1,47.0,1,,1,,1
2021-03-09,0.6548565672317371,0.6250677779309137,0.6006530583621971,0.5775332947708665,1.0941133424340437,0.0578872274644525,1.2536849350829942,1.4099365595727684,1.916873709607863,70.95697604568879,85.15204792353946,1,0,0.5506426941118098,1.387545095216063,0,13073.8203125,0,91.95999908447266,81.0,0,0.0005714433333333,0,1,47.0,1,,1,,1
2021-03-10,0.6910381117257999,0.6982313275590631,0.6413619082079057,0.6554655702589448,1.3749496391429854,0.067056252615275,1.26033278844426,1.4359475836710611,1.9447796467208456,73.79981065273103,87.9955300804516,1,0,0.5550801840236231,0.7424088764751465,0,13068.830078125,0,91.79000091552734,68.0,0,0.0004328166666666,0,1,47.0,1,,1,,1
2021-03-11,0.7459189332774986,0.7232632957349786,0.6784834560958214,0.6902662196620869,1.3519298926248446,0.0778537452348269,1.2889532015939242,1.4893132253641987,2.0124780237883293,77.63178428411851,91.3469308408379,1,0,0.3235123216514987,0.7589605604440676,0,13398.669921875,0,91.41999816894533,73.0,0,0.0009355833333333,0,1,47.0,1,,1,,0
2021-03-12,0.7314689874896813,0.7204246431400363,0.7062243994737413,0.7470277928147777,1.3043096171007178,0.0842733948284979,1.2146530577691628,1.412291363636443,1.900922356597084,74.32907512102395,83.1932139347415,1,0,0.2964569252944605,0.7180889364057069,0,13319.8603515625,0,91.68000030517578,70.0,0,0.0007344933333333,0,1,47.0,1,,1,,1
2021-03-13,0.8509403364355547,0.8312531453758096,0.7323877365895683,0.7324299378807799,1.5234002893524838,0.0978731322342814,1.328616146956905,1.568270209620745,2.1111110491658462,81.74005561350394,91.5288653028096,1,0,0.4133866131142492,0.7228464721011496,1,13319.8603515625,1,91.68000030517578,74.0,0,0.0005517166666666,0,1,47.0,1,,1,,0
2021-03-14,0.7916545820309354,0.8286698623219186,0.8283040593506557,0.8508923856892647,0.7856634349412285,0.1026834858933242,1.1927355953314638,1.411031604087952,1.892482748499001,70.14517119586715,68.91424921841578,1,0,0.4651926708585434,0.7591213565635072,1,13319.8603515625,1,91.68000030517578,78.0,0,0.0009383,0,1,47.0,1,,1,,0
2021-03-15,0.6879420697969938,0.7969015391812755,0.7067379991716027,0.7912083536974303,1.776352028611265,0.0970087365204269,1.0306942078374983,1.2059715964308635,1.604009792934399,54.53142677325321,43.71891746936765,0,0,0.3922201852208562,0.8669682007560143,0,13459.7099609375,0,91.83000183105467,76.0,0,0.0006766533333333,0,1,47.0,1,,1,,1
2021-03-16,0.7153647009440991,0.6854547491279497,0.649575980575384,0.6865271668729122,1.482923400256943,0.0936447554619953,1.0600731681578803,1.230881038120807,1.625373430495637,57.422850520537615,50.14487126389549,0,0,0.316443942073065,0.8490361436287717,0,13471.5703125,0,91.87000274658205,71.0,0,0.00033036,0,1,47.0,1,,1,,1
2021-03-17,0.7784757007087638,0.7496762554243868,0.679852852830446,0.7166194236277386,1.505295563731688,0.0949764767739439,1.126964889228499,1.3066157337917368,1.7170035662296246,63.57399350451917,63.080016933625835,0,0,0.2878224006686166,0.859563245463597,0,13525.2001953125,0,91.4000015258789,71.0,0,0.00026392,0,1,47.0,1,,1,,0
2021-03-18,0.7475624153358292,0.7841349407092376,0.6712993770675503,0.7797722197492679,1.3067775807912936,0.0924714780937385,1.0686960443316034,1.2314930912639976,1.607909709059079,58.77490064333439,53.93992327706832,0,0,0.1686470971680434,0.8637892380623332,0,13116.169921875,0,91.8499984741211,72.0,0,0.0003069033333333,0,1,47.0,1,,1,,1
2021-03-19,0.7624613862442083,0.7655632935711478,0.7456270200027268,0.7479205210538807,1.0127947932193118,0.0906435881678217,1.0751098827869667,1.2326586113362863,1.599806255450152,60.43579173398922,57.86337602815836,0,0,0.1681004278412053,0.788193596946946,0,13215.240234375,0,91.91999816894533,71.0,0,0.00026051,0,1,47.0,1,,1,,0
2021-03-20,0.7614530784395983,0.7815811278874404,0.7944379415249422,0.7626397373859761,1.0698941944595133,0.0880980705016465,1.061652551057224,1.2103160890050786,1.561100221083638,60.246254621195035,57.42201115880248,0,0,0.1685577878806329,0.7842544741449924,1,13215.240234375,1,91.91999816894533,75.0,0,0.00047556,0,1,47.0,1,,1,,0
2021-03-21,0.7373137122917646,0.7436071487823235,0.7257839474753663,0.7619570347718992,1.1394805510555517,0.0831741049963925,1.0235876223226188,1.1572078551009946,1.481879481115233,55.44308348542069,46.17843066958838,0,0,0.1225994625752081,0.6335501397093755,1,13215.240234375,1,91.91999816894533,73.0,0,0.0002791366666666,0,1,47.0,1,,1,,0
2021-03-22,0.6458458752495457,0.7346976283760692,0.6723746808815214,0.7377613667724264,1.3408920161680655,0.0710718646228526,0.9110985711742712,1.0126259665172073,1.2830478782592023,41.11253732293119,23.21395175610394,0,0,0.3377599830173228,0.7126961568368282,0,13377.5400390625,0,91.8000030517578,70.0,0,0.0004881933333333,0,1,47.0,1,,1,,1
2021-03-23,0.652254775116741,0.6599740350274832,0.6469534394502344,0.6459234855837465,1.3370894708054826,0.0612913678566605,0.9315852951727016,1.0209597243917032,1.2809222144098984,42.31790455002058,26.62298532400176,0,0,0.1981090926397028,0.6938588449001875,0,13227.7001953125,0,92.33999633789062,66.0,0,0.0003102466666666,0,1,47.0,1,,1,,0
2021-03-24,0.5922386240172084,0.69835543128545,0.6172126399167105,0.6519975221256988,1.9588373828428345,0.0481424951702891,0.8664120332596039,0.93205657452906,1.1556703051717503,34.653532042309905,17.1282151004868,0,0,0.2393259683403227,0.6334232120243553,0,12961.8896484375,0,92.52999877929688,65.0,0,0.0003214766666666,0,1,47.0,1,,1,,0
2021-03-25,0.5595495236444861,0.5820338421631988,0.5656598880301544,0.5913958213517894,1.8458838151490256,0.0346843618943075,0.8420918797700436,0.8884682293061097,1.087961960408828,31.112205432974363,13.60460911102264,0,0,0.158763253576826,0.3162267287982379,0,12977.6796875,0,92.87999725341795,60.0,0,0.0001060933333333,0,1,47.0,1,,1,,1
2021-03-26,0.6644239167178937,0.6344815797986925,0.5881524693110763,0.5595105901560429,1.346644071083861,0.0321110254486758,0.9999341598254576,1.0507107457349385,1.2772552765480378,50.01962890401138,54.044895262097,0,0,0.4637598638231692,0.4271673825912064,0,13138.73046875,0,92.7699966430664,54.0,0,0.00012,0,1,47.0,1,,1,,1
2021-03-27,0.6899677542101369,0.6774906243743603,0.6709676266477631,0.6650444094185226,0.93372096533979,0.0317666260909532,1.0322820117481468,1.0837913956190866,1.3095986892396465,53.59881080018023,60.10884600346961,0,0,0.1754760582946639,0.3239141980080091,1,13138.73046875,1,92.7699966430664,65.0,0,0.0001,0,1,47.0,1,,1,,0
2021-03-28,0.6892723201408745,0.6787559657738594,0.6967229265391066,0.6906255305467198,0.9522006201508302,0.0310793084793382,1.026308708906979,1.0761069446747742,1.292651385432635,53.47850646135727,59.82230051726736,0,0,0.1278592320451261,0.3096022922277009,1,13138.73046875,1,92.7699966430664,74.0,0,0.0001,0,1,47.0,1,,1,,1
2021-03-29,0.7442412045517214,0.730808731852527,0.6988446229257788,0.6897993899773694,1.3894684448016452,0.034571613853675,1.090018726046199,1.1481540453284609,1.37440952298792,61.38359659521977,73.25776281397687,0,0,-0.0378617151817988,0.325880105741152,0,13059.650390625,0,92.94000244140624,72.0,0,0.0001272366666666,0,1,47.0,1,,1,,1
2021-03-30,0.7799052305903292,0.7640257928170935,0.764529748333979,0.7448561755851029,1.248179391791193,0.0397587655676606,1.1177895961209845,1.185334410779923,1.415826203967405,65.74154694014412,79.2580208108506,0,0,-0.0283662150529918,0.2993863624191373,0,13045.3896484375,0,93.3000030517578,72.0,0,0.00047595,0,1,47.0,1,,1,,1
2021-03-31,0.7799400738896128,0.7785375926032407,0.779297075881338,0.7809086254464981,1.7368204869823152,0.0433724614977327,1.0979348982809451,1.1693296672859284,1.393167741149124,65.74590466460953,79.26408151527892,0,0,-0.1188931972920882,0.0417861553099755,0,13246.8701171875,0,93.2300033569336,76.0,0,0.00070019,0,1,47.0,1,,1,,1
2021-04-01,0.7853462742914663,0.7681991768799311,0.8035178934208872,0.780795140009339,1.5673661134869528,0.0461406955320086,1.0878805784189998,1.162160289219106,1.3810087128007718,66.50859142524942,80.44608367137698,0,0,-0.1445376685429594,0.0058035029479926,0,13480.1103515625,0,92.93000030517578,74.0,0,0.0008548533333333,0,0,49.0,1,,1,,1
2021-04-02,0.7941593618092275,0.7886717126937093,0.8148376161846588,0.7860592652347839,1.437963110253626,0.0484867582892597,1.083406112296559,1.1601456704598936,1.375124102467351,67.85486347455074,82.6017221756517,0,0,-0.147493670258437,-0.046290700646424,1,13480.1103515625,1,92.93000030517578,74.0,0,0.00093083,0,1,49.0,1,,1,,0
2021-04-03,0.7397718354603997,0.7839551840345941,0.775486744348031,0.7951791506705828,1.4781519478178973,0.0454336799055555,1.0077817939970322,1.074272523439544,1.2669903250724843,52.75475257375124,43.31288132796323,0,0,-0.0740691878225,-0.0751975169452322,1,13480.1103515625,1,92.93000030517578,73.0,0,0.0009080766666666,0,1,49.0,1,,1,,1
2021-04-04,0.7750439937084348,0.7479909338647308,0.7619525176835934,0.740417594265301,1.0869613005363818,0.0453376376143992,1.0468406322595556,1.11512757310275,1.3105734027988656,59.499160306444224,59.83321054732946,0,0,-0.0598496264889602,-0.0679600633029079,1,13480.1103515625,1,92.93000030517578,74.0,0,0.0004236866666666,0,1,49.0,1,,1,,1
2021-04-05,0.7841876152639203,0.7773734597298961,0.7783145795813607,0.7757335224462063,1.5250035729714675,0.0454751282782965,1.049632545894101,1.117662790845639,1.3092947306001546,61.15769587412858,63.50895692172657,0,0,-0.3274662880719864,-0.0695033497785138,0,13705.58984375,0,92.5999984741211,71.0,0,0.0004002999999999,0,1,49.0,1,,1,,0
2021-04-06,0.7577481140579017,0.7649983104761872,0.7768213990028097,0.7882910261661707,1.760454746155663,0.0429554798044791,1.0120257224017986,1.0736193212005534,1.2521310817969604,53.8061957181042,46.94563657030976,0,0,-0.2929052704561413,-0.1168996924884479,0,13698.3798828125,0,92.33999633789062,75.0,0,0.00079567,0,1,49.0,1,,1,,0
2021-04-07,0.6922718270384464,0.7425024260182993,0.7132952630530042,0.7581870748026781,2.1822481426195837,0.0352686955137028,0.9354317907904002,0.9822423149201364,1.137514894793794,40.04981791777207,25.223909730679026,0,0,-0.2858458287624769,-0.0642098736147592,0,13688.83984375,0,92.45999908447266,72.0,0,0.00055006,0,1,49.0,1,,1,,1
2021-04-08,0.7617679807231919,0.730707758148939,0.721849103243311,0.6944433429452794,1.1883345470939186,0.0343882164286731,1.0247132682656082,1.0744137807551226,1.2394736078769046,54.3448770492097,54.81285481616875,0,0,-0.2526150956421373,-0.0906429782435131,0,13829.3095703125,0,92.05999755859376,73.0,0,0.0003065066666666,0,1,49.0,1,,1,,0
2021-04-09,0.7593562755114791,0.7486912921692694,0.7818298463875851,0.762465630916139,0.9068252628401016,0.0331141071408503,1.01810635424171,1.0654080357164364,1.2242409170552593,53.83090618548247,53.82732066071576,0,0,-0.5656973801534596,-0.1050930288991073,0,13900.1904296875,0,92.16000366210938,70.0,0,0.0002256566666666,0,1,49.0,1,,1,,1
2021-04-10,0.8066509232551207,0.8190138409768116,0.7890085804804955,0.7602421039439151,1.416432331431332,0.035511297038592,1.068121289161948,1.120824756228862,1.2853433932836786,61.96947269105704,68.59274074625657,0,0,-0.5274836749490945,-0.1164510880266714,1,13900.1904296875,1,92.16000366210938,70.0,0,0.0009374499999999,0,1,49.0,1,,1,,1
2021-04-11,0.819228280359181,0.8044027112450417,0.8279147293999352,0.808890244002552,0.8903290279254051,0.0379880720603533,1.070809598004259,1.126757665978949,1.2899364518007026,63.92100736811667,71.79133661738568,0,0,-0.530105836458229,-0.1188410046256119,1,13900.1904296875,1,92.16000366210938,76.0,0,0.0009738666666666,0,1,49.0,1,,1,,0
2021-04-12,0.809712360537378,0.8183036201244807,0.837246500636861,0.8189627627136832,1.1344331653666726,0.0387365480937793,1.0489515738729416,1.1043708060757405,1.261352429804418,61.180287016569714,65.10282778915945,0,0,-0.6030635568726445,-0.2905150962300833,0,13850.0,0,92.13999938964844,74.0,0,0.0009816466666666,0,1,49.0,1,,1,,1
2021-04-13,0.919989135568882,0.8931237255478917,0.845956437234867,0.8102279640346796,1.9331543735189685,0.0476785264917825,1.1576494305810148,1.231535782426409,1.4092027010084245,75.32635240446825,85.69529126343942,1,0,-0.3346847544479657,-0.1981263738910464,0,13996.099609375,0,91.8499984741211,74.0,0,0.0009889,0,1,49.0,1,,1,,0
2021-04-14,0.9079606797549052,0.926812310225958,0.8983512593923729,0.921235576149406,2.2617242861272535,0.0531814700550087,1.1180012907034549,1.196342666348544,1.3697865239458358,72.02319367899166,78.9222735387534,1,0,-0.3254754376328576,-0.3556920136157716,0,13857.83984375,0,91.69000244140624,75.0,0,0.00101287,0,1,49.0,1,,1,,1
2021-04-15,0.9142020454022576,0.8955098750572192,0.9186944478033888,0.9075324781111164,1.5359191800662575,0.0573847231541342,1.1043326865377032,1.1865859688645346,1.3589933390501256,72.73891394555666,80.01506305748184,1,0,-0.3255504523816758,-0.3620738123911309,0,14038.759765625,0,91.66999816894533,79.0,0,0.0008958033333333,0,1,49.0,1,,1,,0
2021-04-16,0.8610119591503836,0.8886883969121411,0.8569207217971383,0.9131324056711204,2.562704963363156,0.0557808294065287,1.0337063631706966,1.1079012589941968,1.266026697177946,58.11853007835891,50.351858493083654,0,0,-0.2386547964383753,-0.3696767952290319,0,14052.33984375,0,91.55999755859376,78.0,0,0.0011506266666666,0,1,49.0,1,,1,,0
2021-04-17,0.8338561417608059,0.8579534104753109,0.8612377289074985,0.8603256389042221,1.7640065259001347,0.0517222624973384,1.000933880616326,1.0671912237728438,1.2153212470238466,51.96552372617564,40.205639890400874,0,0,-0.3091370596989016,-0.3739785494263545,1,14052.33984375,1,91.55999755859376,76.0,0,0.00065495,0,1,49.0,1,,1,,0
2021-04-18,0.6973807854590829,0.8124250719951192,0.627014765465396,0.8350298423609327,3.1423788150608036,0.0370661231057005,0.8586301238491151,0.899688867285809,1.015758591878871,32.198320570991626,17.106858538468444,0,0,0.1183426301370068,-0.1341840693512926,1,14052.33984375,1,91.55999755859376,79.0,0,0.00050024,0,1,49.0,1,,1,,0
2021-04-19,0.6823538966848408,0.7061003491732265,0.6748761106304251,0.697243843722618,1.7290790577378572,0.0239622606817631,0.8613131993445967,0.8881777196170434,0.9941103433618044,30.71399565571151,15.776224188902034,0,0,0.1148853055894604,-0.1320757849206587,0,13914.76953125,0,91.06999969482422,74.0,0,0.0001,0,1,49.0,1,,1,,1
2021-04-20,0.7052268520953578,0.6923369289064639,0.6462491227406315,0.6816700856286971,1.839263037669499,0.0152472508304373,0.9054827740238032,0.9235632364779144,1.026329429100413,35.90355871247169,27.259292197604665,0,0,0.1243566652502767,-0.1301571658963768,0,13786.26953125,0,91.23999786376952,73.0,0,0.0001,0,1,49.0,1,,1,,0
2021-04-21,0.6268130809950003,0.6831942296916911,0.6539434001442619,0.7057836527020235,1.270726719307817,0.0019902642115018,0.8297194344332424,0.8319111332922311,0.9153637219385946,27.69736601650304,16.79348315315366,0,1,0.172796466866111,-0.1569637922054343,0,13950.2197265625,0,91.16000366210938,73.0,0,0.0001,0,1,49.0,1,,1,,0
2021-04-22,0.5613247420124368,0.6426847539249627,0.5571777185640053,0.6259273754228666,2.144998665960607,-0.0136430858413899,0.7736155789202512,0.759337864541958,0.8255644304974308,22.698033840564264,11.763997883140137,0,1,0.1151164134534005,-0.0976168864500406,0,13818.41015625,0,91.33000183105467,65.0,0,0.0001,0,1,49.0,1,,1,,0
2021-04-23,0.5409000056820599,0.5438131819519902,0.4679534978263786,0.5612456882173393,2.6672224175433743,-0.0273652839565757,0.7758477335138102,0.7465445244745815,0.8019554782657096,21.313604434576902,10.461150812504217,0,1,0.1122699807416225,-0.1399542251222535,0,14016.8095703125,0,90.86000061035156,55.0,0,0.0002253933333333,0,1,49.0,1,,1,,0
2021-04-24,0.5090454739229994,0.5151616587362898,0.5018694207315915,0.543020595272945,1.0106223576796838,-0.0403455410366428,0.7617815935081441,0.7184065690130466,0.7620568233580272,19.20559296228059,8.502933854409534,0,1,0.0201628871589962,-0.1397493403775095,1,14016.8095703125,1,90.86000061035156,37.0,0,0.00018144,0,1,49.0,1,,1,,0
2021-04-25,0.4770740023238776,0.4952774708628374,0.4506886277558329,0.5097099344800743,0.8831517361251366,-0.0526059106595695,0.7468032239967781,0.6899841573336012,0.7222900089780454,17.23186350677119,6.799615466421145,0,1,-0.0068020615681248,-0.3069754091647714,1,14016.8095703125,1,90.86000061035156,31.0,0,0.0002341933333333,0,1,49.0,1,,1,,1
2021-04-26,0.6303463347339948,0.6089536663623627,0.5033469309314708,0.4799232888762094,1.4184371585200102,-0.049385263070348,0.9887511410921724,0.9176643367297684,0.9560560515447476,47.23007776661494,59.13093113611005,0,0,0.7174681895072078,0.0672372422622896,0,14138.7802734375,0,90.80999755859376,27.0,0,0.0001,0,1,49.0,1,,1,,1
2021-04-27,0.6612410051936135,0.642887170977272,0.6422418789295965,0.6312184698478887,1.0297042745711509,-0.0438346365399018,1.0313078630110302,0.965312433239654,1.0027998636512925,51.332487920165015,64.48961211758086,0,0,0.5085125800393854,0.0805205258193069,0,14090.2197265625,0,90.91000366210938,50.0,0,0.0001,0,1,49.0,1,,1,,0
2021-04-28,0.6548744661868485,0.6672408541698983,0.6599281485630281,0.6619610900438475,0.966014739336484,-0.03949418711015,1.0180299955792502,0.9591430433363364,0.9934118014626644,50.4008266799536,62.24706980558064,0,0,0.5099477740273942,0.0426359668883742,0,14051.0302734375,0,90.61000061035156,59.0,0,0.0001,0,1,49.0,1,,1,,0
2021-04-29,0.616091487556892,0.6338362873859943,0.6142177754533524,0.6565066290957225,0.8819117572602481,-0.0387372727512225,0.9640077193828284,0.9089157886972586,0.9369837872873404,44.69859044201639,48.53796888864506,0,0,0.5071623578919591,0.0403065327382293,0,14082.5498046875,0,90.61000061035156,52.0,0,0.0001,0,1,49.0,1,,1,,1
2021-04-30,0.7442404885935169,0.7175420787251614,0.6363461722749109,0.617115726458342,1.1593891130444394,-0.0274800859457083,1.1357762684292445,1.0900623020836424,1.126055744132882,61.364152361200794,73.88102518606242,0,0,0.8621593487894478,0.2448056809531685,0,13962.6796875,0,91.27999877929688,51.0,0,0.0001,0,1,49.0,1,,1,,1
2021-05-01,0.7466193790541922,0.7340020839341436,0.7583326602104205,0.7437726342923539,0.7388175039448122,-0.0181574202813261,1.1154827065868274,1.0860211286028076,1.1239403800391357,61.6119442033539,74.19555695074908,0,0,0.85803531744877,0.244495193966905,1,13962.6796875,1,91.27999877929688,68.0,0,0.0001790166666666,0,0,64.0,1,,1,,0
2021-05-02,0.710054796920745,0.7175984361411176,0.7300222382649569,0.7471696794444119,0.533843243588214,-0.0135632480901755,1.0510139002885528,1.0303288696431203,1.0660168460237889,55.31963647713749,59.50910984825008,0,0,0.5802910579194018,0.2560771851740965,1,13962.6796875,1,91.27999877929688,66.0,0,0.0003546233333333,0,1,64.0,1,,1,,1
2021-05-03,0.7274429158532857,0.7497812211116052,0.7439840597582668,0.7103398961049366,1.129349551099495,-0.0084221720929155,1.0641857339087348,1.0512335843058624,1.088190688716949,57.6905841218436,64.02432566509086,0,0,0.5790495972168238,0.2313930924191026,0,13895.1201171875,0,90.9499969482422,61.0,0,0.00047936,0,1,64.0,1,,1,,0
2021-05-04,0.6093230573446919,0.6969065760502434,0.6382687698193892,0.7284832461214088,1.870736403317813,-0.0137209511545178,0.9065346146378772,0.8883991317949589,0.9146684197794006,40.74386275131094,31.8525715208781,0,0,0.8209083852266328,0.3658057950583718,0,13633.5,0,91.29000091552734,68.0,0,0.0004319033333333,0,1,64.0,1,,1,,1
2021-05-05,0.7342768562411935,0.717862024471996,0.6313535167446107,0.607446910411679,1.9005039357444369,-0.0077482277021547,1.0771196559875424,1.0650147310311162,1.097837696353582,56.382952447709975,60.11862339575478,0,0,0.9812362484150556,0.5384357043422183,0,13582.419921875,0,91.30999755859376,48.0,0,0.0003296433333333,0,1,64.0,1,,1,,0
2021-05-06,0.7028894872105411,0.7314465099430977,0.7064066131792266,0.7354218483754721,1.9129091691861029,-0.0054842803307866,1.0261709178221683,1.0180199609746303,1.04881565830275,52.37643169642864,52.7857147939455,0,0,0.905296936875662,0.5413988590366681,0,13632.83984375,0,90.9499969482422,65.0,0,0.0007653633333333,0,1,64.0,1,,1,,1
2021-05-07,0.7322116748004378,0.7387599413649599,0.704520215424238,0.7040369793648023,1.8649869622844304,-0.0013089415815943,1.0577542177886583,1.0557578860340768,1.088616885138023,55.764700925848594,59.01293540290382,0,0,0.8897646039832237,0.5088576767360355,0,13752.240234375,0,90.2300033569336,64.0,0,0.0003836733333333,0,1,64.0,1,,1,,1
2021-05-08,0.7764254350639342,0.764548507850087,0.7559361855558764,0.7327169331240686,1.7307559528575505,0.0055042755401496,1.1010235624961815,1.1096851359782254,1.147406500876304,60.63719189619595,67.60345369852834,0,0,0.854584383149494,0.4807577517089226,1,13752.240234375,1,90.2300033569336,67.0,0,0.0005069166666666,0,1,64.0,1,,1,,0
2021-05-09,0.7589687034701331,0.7569220579471015,0.740598529110348,0.7792929794594353,1.7537966275930903,0.0093869795905559,1.063786638549794,1.0779694718598274,1.116285295395283,57.73977777584778,60.885588597020345,0,0,0.8231300752976248,0.4836145319198554,1,13752.240234375,1,90.2300033569336,73.0,0,0.00052217,0,1,64.0,1,,1,,0
2021-05-10,0.6864940443284798,0.7661939095734407,0.6656358106736529,0.7601533203842449,2.012041678914993,0.006540555771562,0.9678322476087102,0.9768396852223764,1.009306586058391,46.984991229247505,39.27904497905792,0,0,0.5140175577646042,0.5099469796295621,0,13401.8603515625,0,90.20999908447266,72.0,0,0.0007414733333333,0,1,64.0,1,,1,,1
2021-05-11,0.7122999225235542,0.6866379026291796,0.682341406144162,0.6867244238945988,1.5514941033714718,0.0062945039657288,1.0035632648967965,1.012542860651685,1.045310468094499,50.75360394365355,48.03412694073762,0,0,0.5081006246434061,0.5162263172888678,0,13389.4296875,0,90.13999938964844,61.0,0,0.0003868533333333,0,1,64.0,1,,1,,0
2021-05-12,0.4815425361306275,0.7187036285502747,0.5126059381620061,0.7132193951571432,2.1633346522244365,-0.0123780005398808,0.7137571649245075,0.7008977564349151,0.7148941637498906,29.27903927091785,17.665548730889654,0,1,1.4512866332904608,1.03289418341203,0,13031.6796875,0,90.70999908447266,68.0,0,0.00030052,0,1,64.0,1,,1,,1
2021-05-13,0.4988219487424581,0.5200694503758062,0.4451076649084223,0.5000136719028682,3.1094827869468005,-0.0254879811203705,0.7702541533735705,0.7410870594116409,0.748159281068902,31.773251628188504,22.5541520449287,0,0,1.4529078222868643,0.9327999563850886,0,13124.990234375,0,90.75,31.0,0,0.0001483366666666,0,1,64.0,1,,1,,1
2021-05-14,0.5038422476721094,0.5232937990361985,0.5038376931782448,0.498411271850111,1.3064017063657705,-0.035068392417017,0.8055169605189356,0.7627528162587589,0.7629991488551265,32.570482006618306,24.29541642629708,0,0,1.15955741721218,0.935973544750086,0,13429.98046875,0,90.31999969482422,26.0,0,0.0003010933333333,0,1,64.0,1,,1,,0
2021-05-15,0.4085232714481173,0.4992944630963966,0.4352845240457042,0.503681483045372,1.4570212204145994,-0.0497785658391867,0.6899449884884933,0.6364396322925399,0.6280440836160425,25.93207187435705,15.482803343854728,0,1,1.2695411072835976,1.010113525500758,1,13429.98046875,1,90.31999969482422,27.0,0,0.0001342533333333,0,1,64.0,1,,1,,0
2021-05-16,0.3992328784607182,0.4716531465617105,0.3512959104456915,0.4077918972848078,1.6720176608952144,-0.0614774673531099,0.7098274352869252,0.6398844731531378,0.6232008585547314,25.35098985258614,14.785824868503669,0,1,1.2707190606981835,1.0021752286734091,1,13429.98046875,1,90.31999969482422,20.0,0,0.00031042,0,1,64.0,1,,1,,0
2021-05-17,0.3100784217034668,0.3785812223357609,0.2966862199601086,0.3986045888500658,2.1496184917061116,-0.0770547119004589,0.5921909748567937,0.5162235730772977,0.494027308226045,20.311383561884668,9.381908091315964,0,1,1.3392218517954648,1.0753666671319264,0,13379.0498046875,0,90.22000122070312,27.0,0,0.0004442766666666,0,1,64.0,1,,1,,0
2021-05-18,0.2908912191294935,0.3542017086608213,0.301678754014605,0.3091614771176511,1.3261936894102375,-0.0899115924559871,0.5963219898769684,0.5035154278947197,0.4734187619318644,19.35588249917201,8.491377983787473,0,1,1.2200382444912143,0.966432387673969,0,13303.6396484375,0,89.75,21.0,0,0.0003039166666666,0,1,64.0,1,,1,,0
2021-05-19,0.110448034207505,0.2860816781156162,-0.0617406507374572,0.2925707654007338,4.4133639483345375,-0.1133543416319471,0.2570032541960366,0.2033630094368043,0.1857258008578965,12.814494837967588,3.876962999729429,0,1,1.477331391804773,1.4072265352089928,0,13299.740234375,0,90.19000244140624,23.0,0,-0.00014628,0,1,64.0,1,,1,,1
2021-05-20,0.2259268422262249,0.2535256426757022,0.0741294282738072,0.1034313534541542,2.7381986999199417,-0.1212173958551296,0.5670918424642929,0.434798367945709,0.3893798165037763,30.226767820704353,34.3288228123438,0,0,2.056652154032897,1.6498092225865717,0,13535.740234375,0,89.80999755859375,11.0,0,0.0001,0,1,64.0,1,,1,,0
2021-05-21,0.1196810312121802,0.2447846074609003,0.0295300728643778,0.2208404511534875,2.464094701515327,-0.1344719629102519,0.336640013406272,0.2442528246705196,0.2128942670075916,24.939248453082243,24.721387957984803,0,1,2.123821355024603,1.7478928589508582,0,13470.990234375,0,90.0199966430664,19.0,0,5.5150000000000006e-05,0,1,64.0,1,,1,,1
2021-05-22,0.1267662729298524,0.144359684210636,0.0844870626726158,0.1222912965832869,1.378543848490755,-0.1427589467291203,0.395743867177354,0.2737441830897321,0.2325613295614729,25.93616140834683,26.54917998105533,0,1,2.0632729234265277,1.737107698698949,1,13470.990234375,1,90.0199966430664,12.0,0,-1.482666666666666e-05,0,1,64.0,1,,1,,0
2021-05-23,0.0422701982298993,0.1280735651121353,-0.0447661078376516,0.1271919342781466,2.3064890923678782,-0.154365142896844,0.1522995056582619,0.097867692818828,0.0804580865255512,21.928562387072983,19.154165734427337,0,1,2.103423259709694,1.821135300901422,1,13470.990234375,1,90.0199966430664,14.0,0,-4.58e-06,0,1,64.0,1,,1,,1
2021-05-24,0.1624869789929797,0.1745397849228643,0.0585949810263546,0.0407045752197519,1.8177168710239957,-0.1521092269799505,0.6253225763951409,0.3944296400513624,0.3178922737468805,37.72527875734284,47.10394925028935,0,0,2.713894968220051,2.086038971249453,0,13661.169921875,0,89.83000183105469,10.0,0,-5.45e-05,0,1,64.0,1,,1,,0
2021-05-25,0.1532079220104844,0.1727727451100719,0.1217343380173165,0.1658162433841814,1.3272738013825025,-0.1493485426792221,0.6293474211261222,0.3900525653530721,0.3082021815171483,37.057492725823806,45.48560013427891,0,0,2.67205275641289,2.083003259196077,0,13657.169921875,0,89.63999938964844,22.0,0,0.0001,0,1,64.0,1,,1,,1
2021-05-26,0.1804556207029675,0.203002158561262,0.1629204662955932,0.1535001498002557,1.113229566680658,-0.1433100300957273,0.7720041792134252,0.4785865037668985,0.3723156429145998,40.61894149131674,51.94927578483681,0,0,2.2751034275539372,1.885486374880514,0,13738.0,0,90.04000091552734,22.0,0,0.0001,0,1,64.0,1,,1,,0
2021-05-27,0.1542693300485917,0.1909052740488366,0.1424601752098519,0.1817357084302051,0.7552954982603528,-0.1390347738492273,0.6964069456969707,0.4278644050667118,0.3270309239041614,38.220801585703576,45.097492649238326,0,0,2.248828183226091,1.8703556321257848,0,13736.2802734375,0,89.97000122070312,27.0,0,0.0001,0,1,64.0,1,,1,,0
2021-05-28,0.0705884930907801,0.1451385906636635,0.0656839445003624,0.1569967184587183,1.2827628832260567,-0.1407761666459064,0.3559658556107856,0.2081780694724891,0.1548006449478998,31.387861924698072,28.87214695333516,0,0,2.32076169620735,1.9404333246649963,0,13748.740234375,0,90.02999877929688,21.0,0,0.0001,0,1,64.0,1,,1,,0
2021-05-29,0.0375501244406503,0.0963715793465239,0.0319394239541095,0.0707586454973007,0.844167615288385,-0.1431717583117375,0.2163395064816747,0.1185510961014242,0.0854214743585046,29.024083341943737,24.274610793026863,0,1,2.265332048423051,1.9440107799779256,1,13748.740234375,1,90.02999877929688,18.0,0,0.00010125,0,1,64.0,1,,1,,1
2021-05-30,0.0699935318228765,0.0713088494143989,0.0265535512473719,0.0378648139704623,0.246496803986731,-0.140828981297932,0.4440214979475183,0.234512132104723,0.164654776111972,34.60428772708221,37.339022082632454,0,0,2.3422420303467635,1.823848785674256,1,13748.740234375,1,90.02999877929688,10.0,0,0.0001,0,1,64.0,1,,1,,1
2021-05-31,0.1205413743212025,0.1033974705357264,0.0489815074007483,0.0699777320369759,0.570466647520704,-0.1333562770416888,0.7934076576850475,0.4225297316818752,0.2917621606687178,42.702658202273,53.87134899889309,0,0,2.3788124820952796,1.890667915720705,1,13748.740234375,1,90.02999877929688,18.0,0,0.0001,0,1,64.0,1,,1,,0
2021-06-01,0.1007487097589935,0.1162765490171101,0.0970319903920712,0.1199317302857619,0.3781892785494933,-0.1275607665833077,0.6993774989076181,0.3709238696516823,0.2513073165800979,40.44004881351628,47.34921157241105,0,0,2.379754801595077,1.890046055942613,0,13736.48046875,0,89.83000183105469,20.0,0,0.0001,0,0,46.0,1,,1,,1
2021-06-02,0.127943785523449,0.1263338821283383,0.1026054217396551,0.1017894542639632,0.3091804552095458,-0.1193970327833283,0.9037096289237772,0.4902563321927572,0.3278976026284337,45.05548679790144,56.9071108940412,0,0,1.6941574040479812,1.9070216790239105,0,13756.330078125,0,89.9000015258789,23.0,0,0.0001,0,1,46.0,1,,1,,1
2021-06-03,0.1778458337213549,0.163833754471724,0.142337970551373,0.1292680853146277,0.41432366900294,-0.1076595049324193,1.2085517980494802,0.6979391883620303,0.4657272358882925,52.79973140171912,70.16026756661743,0,0,1.3836863349653337,1.900082785216066,0,13614.509765625,0,90.5,24.0,0,0.0001,0,1,46.0,1,,1,,0
2021-06-04,0.1071478248640612,0.156726145029385,0.094874944546535,0.1794626583702619,0.6945875684907791,-0.1028762743605521,0.759908122577884,0.4393513654402653,0.2887352768949067,42.9124894972638,44.37845500772574,0,0,1.2046721314273263,1.7991519566652605,0,13814.490234375,0,90.13999938964844,27.0,0,0.00013522,0,1,46.0,1,,1,,0
2021-06-05,0.0661392901555506,0.116907165019403,0.0694584406715907,0.1072954669564127,0.436265048923449,-0.1012276859478244,0.5107918664870489,0.2866752802876214,0.1841629342486551,38.133216274329925,34.55720748976944,0,0,1.2546775369683452,1.808610738678362,1,13814.490234375,1,90.13999938964844,24.0,0,0.0001,0,1,46.0,1,,1,,1
2021-06-06,0.0756219179208464,0.0723835148899132,0.0820270561727592,0.0663123075493018,0.126273948484732,-0.0980260160483381,0.6239566699494874,0.3449536724299184,0.2172940593676537,39.91855600159969,38.737281129983856,0,0,0.9970693265743388,1.79938877010439,1,13814.490234375,1,90.13999938964844,17.0,0,0.0001,0,1,46.0,1,,1,,0
2021-06-07,0.0053114811048987,0.0830282566512012,0.0253066021228335,0.0753749132691845,0.3361525238327638,-0.1000092893939063,0.0513838007691188,0.0261162915174231,0.015875208763009,32.01451394261004,23.743806607985363,0,0,0.5582547114432702,1.8122145699142256,0,13881.7197265625,0,89.94999694824219,15.0,0,0.0001,0,1,46.0,1,,1,,0
2021-06-08,0.0026210294989174,-0.0003261227172225,-0.0482769407770425,0.0067692075251696,1.0496704806897454,-0.1006380519506674,0.0298287858868538,0.0139041359374627,0.0081510013667836,31.73705777867771,23.284000355027004,0,0,0.5610685291502274,1.8157240460227937,0,13924.91015625,0,90.08000183105467,13.0,0,7.005000000000001e-05,0,1,46.0,1,,1,,1
2021-06-09,0.1209160591148682,0.1054750631926939,-0.0059397077833126,0.0014981610007182,1.22876885559489,-0.0905471592613796,1.3008262542218527,0.6589415459500692,0.385462506986479,52.58464137622211,64.07222920813021,0,0,1.1904552765962388,2.1044111206492846,0,13911.75,0,90.12000274658205,14.0,0,-3.4129999999999993e-05,0,1,46.0,1,,1,,0
2021-06-10,0.101288542245154,0.1294293131997309,0.0989136505907172,0.122855979116028,0.7713565407372657,-0.0831750405883093,1.0748434524738142,0.5709270246980543,0.3317006062983997,49.67995856539236,57.32909805616687,0,0,1.1836213610017774,2.0890618627681192,0,14020.330078125,0,90.08000183105467,21.0,0,-2.55333333333333e-06,0,1,46.0,1,,1,,1
2021-06-11,0.1205885082363292,0.10761887581341,0.1050354237160085,0.101701148035259,0.5568232902686312,-0.0749117019979946,1.2268655514386049,0.6962320084692875,0.4045028505843318,52.64766082384923,62.50300023575978,0,0,0.9425885028222094,1.7734491420854044,0,14069.419921875,0,90.55999755859376,21.0,0,5.796e-05,0,1,46.0,1,,1,,0
2021-06-12,0.0661563538260902,0.1016143453771298,0.06410269396416,0.1213477325963082,0.5227046990682755,-0.0719260478759381,0.7087197029324006,0.4002869160889268,0.2288997358884348,44.170367070465126,42.92914579203117,0,0,1.0164549111821752,1.794120284252486,1,14069.419921875,1,90.55999755859376,28.0,0,4.68666666666667e-06,0,1,46.0,1,,1,,1
2021-06-13,0.1744579194978652,0.159139651367708,0.0683294445524031,0.0668371329463845,0.6434662287794916,-0.0601277489759979,1.648551079341074,1.0512505493332638,0.6131521116020489,59.238398296259355,68.82726889777778,0,0,1.35550725662532,2.0040186568354,1,14069.419921875,1,90.55999755859376,23.0,0,1.9776666666666663e-05,0,1,46.0,1,,1,,1
2021-06-14,0.2086900291275594,0.2089019581328902,0.1893986686944992,0.172573340538435,0.7525654226087072,-0.0474680844089923,1.7154900147318666,1.23398717972595,0.7412121556316418,62.89111875075464,73.831819749318,0,0,1.3105023628545538,1.9629878937785084,0,14174.1396484375,0,90.5199966430664,28.0,0,5.618666666666667e-05,0,1,46.0,1,,1,,1
2021-06-15,0.2144266442407697,0.2184273007197489,0.2158997085444927,0.215653772877271,0.8964837966692327,-0.0365509752445125,1.5775520213705,1.2432358196213835,0.7687747846521341,63.52316992252846,74.73800841195052,0,0,1.2865218436479735,1.9646590105116528,0,14072.8603515625,0,90.54000091552734,38.0,0,9.334e-05,0,1,46.0,1,,1,,0
2021-06-16,0.1515229143762953,0.1950279364373137,0.1713230691103472,0.207757525372733,0.5793443122635984,-0.0325991106148695,1.0954238792997115,0.8864998834650171,0.5531567422531485,52.26102963694195,49.617078481908486,0,0,1.4054857901948012,1.9385110096134437,0,14039.6796875,0,91.12999725341795,33.0,0,0.0001,0,1,46.0,1,,1,,0
2021-06-17,0.1425554185391061,0.164877305957179,0.1484239083145855,0.1519359362247761,0.4862961585754371,-0.0298467763351829,1.0257659739097535,0.844415674577448,0.5303947504500209,50.78013117517724,46.63744746200558,0,0,1.3300589535897152,1.9366670337968253,0,14161.349609375,0,91.88999938964844,26.0,0,0.0001,0,1,46.0,1,,1,,0
2021-06-18,0.0733267945700927,0.1250090132082353,0.0805118884737463,0.144544704882233,0.4468860827814977,-0.0328727661895356,0.5689763633674866,0.4533405535904637,0.2808296117530742,40.545872440467235,28.82169757322484,0,0,1.3328853916198016,1.5797393169592275,0,14030.3798828125,0,92.2300033569336,25.0,0,5.229e-05,0,1,46.0,1,,1,,0
2021-06-19,0.0680917081791044,0.0730259894318135,0.0704737354385554,0.0759633430174825,0.2271916898788971,-0.0352865512725457,0.5696922312501105,0.4398398641227177,0.268565539169711,39.84518476419134,27.75275985391538,0,0,1.2775634681849504,1.362142183015815,1,14030.3798828125,1,92.2300033569336,23.0,0,-2.390333333333333e-05,0,1,46.0,1,,1,,1
2021-06-20,0.0706096138578116,0.0610537957021912,0.0237962934559668,0.0670617171658728,0.4672622836134879,-0.0365747089185109,0.6304517989828491,0.4752515342117124,0.2866058962601724,40.416619296429154,29.43117757716155,0,0,1.2744553162424337,1.192463306311936,1,14030.3798828125,1,92.2300033569336,21.0,0,5.2100000000000035e-06,0,1,46.0,1,,1,,0
2021-06-21,-0.0522405208444446,0.0508991286371553,-0.042632931987534,0.0694446726807303,1.177563790299415,-0.0469671541852618,-0.602328808104608,-0.3907350811522841,-0.2226270952934441,26.33371343786817,11.71944970396953,0,1,1.6690633069253733,1.4931605748679972,0,14141.48046875,0,91.86000061035156,23.0,0,-3.8236666666666666e-05,0,1,46.0,1,,1,,1
2021-06-22,-0.02691761612146,-0.0221156608951263,-0.1173396401680221,-0.0533253887637687,1.4483676248274713,-0.0525540843829025,-0.3887216023647922,-0.2209974034750583,-0.119955288630146,31.971504174348965,24.248574185164316,0,0,1.701242511603335,1.3972473063509874,0,14253.26953125,0,91.7300033569336,10.0,0,-4.9530000000000015e-05,0,1,46.0,1,,1,,1
2021-06-23,0.0102699689762319,0.0217967460938054,-0.0278086930261616,-0.0260346471145836,0.891950527462279,-0.0533658709472449,0.1706734724474492,0.0904531708693139,0.0475461668950473,39.78073065178116,40.721658739088795,0,0,1.238197407913138,1.153218207826384,0,14271.73046875,0,91.8000030517578,14.0,0,-0.0001117366666666,0,1,46.0,1,,1,,1
2021-06-24,0.0389666477481681,0.0360872256110414,-0.0087587360208773,0.009618873392003,0.3114902400564818,-0.0511045342400967,0.6846986531760656,0.3607515627406329,0.1863920520222941,45.365038563508904,51.55995564775545,0,0,1.2803060698255675,1.176372916103735,0,14369.7099609375,0,91.81999969482422,22.0,0,-5.549333333333333e-05,0,1,46.0,1,,1,,0
2021-06-25,-0.0534292501165777,0.0438538645862179,-0.0409241318574919,0.0394441828041114,0.6241871857432888,-0.0561210567722527,-1.337895846468388,-0.5562282498409332,-0.2688076738304107,33.74092548279479,28.88644149021991,0,0,1.5435752689595872,1.328788209751673,0,14360.3896484375,0,91.80999755859376,27.0,0,7.457333333333334e-05,0,1,46.0,1,,1,,1
2021-06-26,-0.0366739785735932,-0.0417991341798765,-0.077196077974631,-0.054171994898285,0.5517923832181125,-0.0580752216327949,-1.302840654635846,-0.425331471763924,-0.1934985748283878,37.11262376468853,35.72103505505254,0,0,1.5095790283818926,1.336120622496783,1,14360.3896484375,1,91.80999755859376,20.0,0,-0.00011507,0,1,46.0,1,,1,,1
2021-06-27,0.0385758538949021,0.0188727354959461,-0.0185065618853281,-0.0330057078743328,0.4165626015034848,-0.0529416009518834,1.2965219189511132,0.4664838590836683,0.2100953303865159,50.23540255417161,59.20117706389117,0,0,1.3466027864331027,1.3584449298530288,1,14360.3896484375,1,91.80999755859376,22.0,0,-0.00034195,0,1,46.0,1,,1,,0
2021-06-28,0.0319987038496595,0.0358178841272843,0.0384122621519693,0.0400556437715174,0.3453293390652934,-0.04884088331715,1.0631230136875984,0.4053564863501653,0.1801063526776588,49.200003917828816,56.78389157013621,0,0,1.2848056141073292,1.3386803668965628,0,14500.509765625,0,91.87999725341795,25.0,0,3.4660000000000004e-05,0,1,46.0,1,,1,,1
2021-06-29,0.0757868269606063,0.0755601945693093,0.0493092491190147,0.0338369759468765,0.5217029957812483,-0.0415784094427147,2.0412470727170446,0.9629089659906404,0.4363832037651113,56.14377556527976,68.28072373030277,0,0,1.3850510070661224,1.3555549525154778,0,14528.330078125,0,92.0500030517578,25.0,0,7.409666666666667e-05,0,1,46.0,1,,1,,0
2021-06-30,0.0505257929591236,0.0615128738196674,0.0441366879234988,0.0776087028571768,0.3526550707281666,-0.0374297342256234,1.2892866403508745,0.6594447789702258,0.2992504512542882,51.461500766434824,56.68197725423179,0,0,1.3103261878103545,1.3184639766672854,0,14503.9501953125,0,92.44000244140624,28.0,0,0.0001,0,1,46.0,1,,1,,0
2021-07-01,0.0056600334241018,0.0302901609122499,0.0067455852272683,0.0509575250360191,0.5189531699696888,-0.0373318329304041,0.1663216015970634,0.0793138441008977,0.0348434330048309,43.95001100600455,40.42164110853188,0,0,1.3629254679929983,1.3500404556005068,0,14522.3798828125,0,92.5999984741211,28.0,0,0.0001,0,0,31.0,1,,1,,1
2021-07-02,0.0155858393179564,-0.0026644858342705,0.0032283748081854,0.0055497462398609,0.5581096178666238,-0.0360378934633532,0.4996583471187698,0.2318255810785323,0.0994738130585183,45.96341169947801,45.06984177099552,0,0,1.243727685331083,1.3371196873105906,0,14639.330078125,0,92.2300033569336,21.0,0,2.0390000000000003e-05,0,1,31.0,1,,1,,1
2021-07-03,0.0391532741867965,0.0264812214725955,0.022882673936663,0.0148617573894623,-0.0730011796168607,-0.0327334116866582,1.207776387664221,0.6009613994207459,0.2574622656506914,50.8048196953936,55.94984545804911,0,0,1.2717907126492438,1.304125927256639,1,14639.330078125,1,92.2300033569336,24.0,0,-4.962e-05,0,1,31.0,1,,1,,1
2021-07-04,0.0580693672540155,0.0573892721409245,0.0537870901934167,0.0396415591585395,-0.049228445564905,-0.0282624238199349,1.5968885819934409,0.8985381124900901,0.3913362785095326,54.57406714626532,63.65411258714961,0,0,1.2870066350997875,1.2362990254115178,1,14639.330078125,1,92.2300033569336,27.0,0,-2.5356666666666664e-05,0,1,31.0,1,,1,,0
2021-07-05,0.0109718466693344,0.0377551703007776,0.0170040953702929,0.0585447007400924,0.0298416347218059,-0.0281945013633606,0.3380365642852171,0.1808981254726135,0.0767269833548771,44.72868212155056,40.271704125325336,0,0,0.6847502072511487,1.2501489990697072,1,14639.330078125,1,92.2300033569336,29.0,0,3.186666666666667e-05,0,1,31.0,1,,1,,1
2021-07-06,0.0259154456391246,0.030366830480207,0.029015865787498,0.0108624398910931,0.0201497543404524,-0.0266278989355387,0.8239919084693454,0.4462103257847396,0.1872407959152345,48.153007463001195,48.30521529786495,0,0,0.6650337693471005,1.2536235431613931,0,14663.6396484375,0,92.5500030517578,20.0,0,-6.678e-05,0,1,31.0,1,,1,,0
2021-07-07,0.0143114337140232,0.0291383562236457,0.0364597815597914,0.0262033798063628,-0.0548721594036206,-0.0260227281962499,0.4966795148109176,0.2609815773735753,0.1071691966353947,45.62058079181745,42.40063136522214,0,0,0.6083613568434618,1.155002838332408,0,14665.0595703125,0,92.63999938964844,28.0,0,2.2126666666666663e-05,0,1,31.0,1,,1,,0
2021-07-08,-0.0155627576515096,-0.0036168087526466,-0.0165963548728228,0.0159365873920824,0.1701351690600481,-0.0276351626468069,-0.7078165165551284,-0.3136251754694797,-0.121876009820409,39.45650494635051,29.86828694164215,0,0,0.6031390394736326,1.1750268670960882,0,14559.7802734375,0,92.36000061035156,20.0,0,-0.0001103366666666,0,1,31.0,1,,1,,1
2021-07-09,0.0125605579250241,0.0004224916247286,-0.0108215773806775,-0.0154659428643281,0.0612746891321326,-0.0263400799891802,0.6116130210016777,0.2679479755755769,0.1019704984536337,47.20501347735163,48.8461536272501,0,0,0.1316372564130491,0.889857703768643,0,14701.919921875,0,92.12999725341795,20.0,0,-0.00015698,0,1,31.0,1,,1,,0
2021-07-10,0.0040838514369901,0.0054353663627466,0.0139674432304768,0.0135426532650076,-0.1351260446106343,-0.0257014467437696,0.2268106453535271,0.0934370082688462,0.0344605609299382,45.19344594853402,44.055125215502784,0,0,0.1293217323005573,0.8853199698496543,1,14701.919921875,1,92.12999725341795,20.0,0,2.612666666666667e-05,0,1,31.0,1,,1,,1
2021-07-11,0.026067944736674,0.0167258701818658,0.0211425330492774,0.004311788379621,-0.2610904295465285,-0.0231544822370626,1.3544658667092826,0.6148041525324168,0.2269088726339438,51.39191353977189,58.22424403623747,0,0,-0.2409896765823193,0.8900960546232722,1,14701.919921875,1,92.12999725341795,20.0,0,4.804e-05,0,1,31.0,1,,1,,0
2021-07-12,-0.0070559809188884,0.0169498909102916,0.0009466947880972,0.0270690195131471,-0.0757490758461953,-0.023537492921003,-0.4642252869517251,-0.1821510869198362,-0.0640864592206359,42.9474775363527,38.58954725788421,0,0,-0.1661484247154176,0.8571130306583842,0,14733.240234375,0,92.2300033569336,25.0,0,7.438e-05,0,1,31.0,1,,1,,0
2021-07-13,-0.0209191392949696,-0.0210742228127696,-0.0126084864524711,-0.0074071641658777,-0.3045520133569098,-0.0246752319549912,-2.169412815751269,-0.6095675965642722,-0.1993002787125014,39.79014939754921,32.477791980016434,0,0,-0.3348897731205397,0.5906390033998684,0,14677.650390625,0,92.75,20.0,0,6.684e-05,0,1,31.0,1,,1,,1
2021-07-14,-0.0172435888628394,-0.0290605382988918,-0.0319604930435484,-0.0196764196487677,-0.2053133280350296,-0.0249922174091996,-3.1315520604874414,-0.565389136112033,-0.1721423716055144,41.11448676018899,36.05779052180411,0,0,-0.3553802736453635,0.5589906530425928,0,14644.9501953125,0,92.41000366210938,21.0,0,-1.4533333333333308e-06,0,1,31.0,1,,1,,0
2021-07-15,-0.0490624420380444,-0.026107644525355,-0.0463717142724871,-0.0164984097437185,-0.208657264378112,-0.0274940123356277,16.983654399029483,-1.9939860122015909,-0.5201798110065394,33.70853325734234,22.36863670507377,0,0,-0.4208919631220298,0.5726659826271558,0,14543.1298828125,0,92.62000274658205,20.0,0,2.2310000000000005e-05,0,1,31.0,1,,1,,0
2021-07-16,-0.0600348595004475,-0.0543985976902193,-0.0487051429849332,-0.0466298076377543,-0.1031150392544922,-0.0300160785589112,5.139748839007369,-3.2742285212462776,-0.6801647506152809,31.454140226567503,19.044338853536587,0,0,-0.4361959614044122,0.5141387929226708,0,14427.240234375,0,92.69000244140624,22.0,0,-1.4503333333333332e-05,0,1,31.0,1,,1,,1
2021-07-17,-0.056627912721356,-0.0628886075814498,-0.0448702733392874,-0.0602010429966948,-0.3144877725793488,-0.0313782135656142,3.045249764038094,-4.430035129602374,-0.6857083184771314,33.058119020747455,23.736560964637945,0,0,-0.507941807636905,0.5170373061881245,1,14427.240234375,1,92.69000244140624,15.0,0,2.674e-05,0,1,31.0,1,,1,,1
2021-07-18,-0.0485712350466033,-0.0489705566546574,-0.0451345439501431,-0.0560287526895327,-0.3191966709886472,-0.0314451289436421,2.092943288214806,-5.896008784040818,-0.62721294212689,37.07578429835499,35.52031390880802,0,0,-0.5468487918235716,0.4275384004630778,1,14427.240234375,1,92.69000244140624,19.0,0,5.188666666666667e-05,0,1,31.0,1,,1,,0
2021-07-19,-0.0784766302572138,-0.064394055055179,-0.0654027817903028,-0.0478987920107822,-0.2467453711107148,-0.0335248220464346,2.474811742171162,-43.24542170398181,-1.100261806818147,29.49428392288692,20.128075338128458,0,1,-0.6369969742716799,0.4494642619322692,0,14274.98046875,0,92.88999938964844,24.0,0,-1.8523333333333333e-05,0,1,31.0,1,,1,,0
2021-07-20,-0.1093444522841654,-0.090834606396149,-0.1028065787080154,-0.0772787516316417,-0.127365578191272,-0.0372345523365681,2.5048048067774578,17.033625949798576,-1.7021155589889034,23.718013959220855,12.60860545705698,0,1,-0.6232736386707798,0.4711161495193416,0,14498.8798828125,0,92.97000122070312,19.0,0,-0.0001573166666666,0,1,31.0,1,,1,,1
2021-07-21,-0.0389828841197827,-0.0383504125572086,-0.0976683344270325,-0.1091109990901657,0.0950191060106135,-0.0341038221708637,0.9079455482604172,4.414100625390092,-0.6476384762763492,49.6520002345458,59.075147625269835,0,0,-0.0334355109715906,0.2304899082830728,0,14631.9501953125,0,92.75,10.0,0,-0.0003144066666666,0,1,31.0,1,,1,,1
2021-07-22,-0.0327996900765425,-0.0436382645205795,-0.028658719962251,-0.0375468556854472,-0.2854416812015206,-0.0307690771068668,0.7927236084491796,3.092306226334166,-0.5800572667155166,51.32978341555232,61.47523881850273,0,0,-0.0821455187841422,0.2098732753533251,0,14684.599609375,0,92.81999969482422,21.0,0,-4.508333333333333e-05,0,1,31.0,1,,1,,1
2021-07-23,0.0059482066013957,-0.0134261692336676,-0.0189377402504084,-0.0324425170008604,-0.1535963984561122,-0.0247147400470124,-0.1744582155266102,-0.6340987662234867,0.1090185946891467,60.78004569915705,74.14481848395333,0,0,-0.0261701392514916,0.2142358435227654,0,14836.990234375,0,92.91000366210938,23.0,0,-5.877e-05,0,1,31.0,1,,1,,1
2021-07-24,0.0276642928798779,0.0138910921592705,0.0235719276466124,0.0068978482204982,-0.1926350038246169,-0.0179573267494469,-1.1248468321866734,-4.168503760292988,0.517025739846886,65.15525833380661,79.2452971316023,0,0,-0.0012013700453897,0.2036159445590283,1,14836.990234375,1,92.91000366210938,22.0,0,-0.0001040933333333,0,1,31.0,1,,1,,1
2021-07-25,0.0599757252997492,0.0401772476627772,0.0377828960132227,0.028177262683385,-0.2281840148432376,-0.0098808650070403,-5.1778513395098775,-35.232895451217516,1.1156137153846295,70.75606358596052,85.08315685625622,1,0,0.0306247136200406,-0.0731738778420039,1,14836.990234375,1,92.91000366210938,27.0,0,-0.0001753033333333,0,1,31.0,1,,1,,1
2021-07-26,0.120684327309359,0.1945139098392801,0.0814901331205956,0.061590072302973,1.0989483551593553,0.0014023010768885,13.767776171456058,16.389736826797197,2.140371039524631,78.31311435262788,91.24929237974092,1,0,0.1031186463507974,0.0144836826733299,0,14840.7099609375,0,92.6500015258789,26.0,0,-0.0001161366666666,0,1,31.0,1,,1,,1
2021-07-27,0.1838996183191396,0.1616692774651573,0.1173898773753298,0.1193892436429384,0.3983367260206724,0.0152692230627767,5.149895572521466,8.9969733781789,2.9958225120972832,83.45121347880621,94.44016137957368,1,0,0.1878939899907528,-0.0721955520921727,0,14660.580078125,0,92.43000030517578,32.0,0,5.917333333333334e-05,0,1,31.0,1,,1,,1
2021-07-28,0.2018910513653026,0.204023871548034,0.1926686758531403,0.1874269255374505,0.5569406565058289,0.0273948264222089,3.294792711608371,5.958833064225873,3.018011919164511,84.64581631914447,95.11597375790328,1,0,0.1812245699157456,-0.0727338325119028,0,14762.580078125,0,92.31999969482422,50.0,0,5.987666666666667e-05,0,1,31.0,1,,1,,1
2021-07-29,0.2022733730464825,0.1973210962103136,0.2078948175109116,0.202465237620296,0.0494454996235566,0.0366132498559071,2.437976397042009,4.363620569400135,2.8014026449138023,84.67294490682484,95.13273671764532,1,0,0.0399463953958299,-0.1228991678609136,0,14778.259765625,0,91.86000061035156,50.0,0,6.589666666666666e-05,0,1,31.0,1,,1,,1
2021-07-30,0.2703065854667879,0.2466894881202188,0.1782056451939418,0.2034437661005319,0.3092647397518073,0.0488455672137758,2.418004968298809,4.294430228094377,3.379971525014195,88.75307637379207,97.31733044227668,1,0,0.0644947400080667,-0.0609982780615453,0,14672.6796875,0,92.16999816894533,53.0,0,5.874333333333334e-05,0,1,31.0,1,,1,,0
2021-07-31,0.2516923881091149,0.246566323684098,0.2625888122042323,0.2696994521663412,-0.0105770806746982,0.056387753762334,1.8879853883628803,3.2719224707723753,2.9027877220637843,81.87250126805773,83.62481916842236,1,0,0.130128410063947,-0.1374473380734199,1,14672.6796875,1,92.16999816894533,60.0,0,0.0001,0,1,31.0,1,,1,,0
2021-08-01,0.201249194835007,0.255891010387896,0.2137686585209391,0.2472317222636751,0.0283846847867666,0.0576303203552946,1.3998536850382737,2.3364628646522028,2.2067045869084065,65.89822458572644,55.44009109098809,0,0,0.34738346418152,-0.0542821373689476,1,14672.6796875,1,92.16999816894533,60.0,0,0.0001,0,0,31.0,1,,1,,0
2021-08-02,0.177637489883858,0.1920944155255118,0.1890585364442598,0.1997710623156268,-0.0197095848083777,0.0560635305917927,1.192392488816571,1.9118864231547912,1.8779986654567369,59.61593192738499,45.80501406061233,0,0,0.2851666567976542,-0.0439123199602008,0,14681.0703125,0,92.0500030517578,48.0,0,0.0001,0,1,31.0,1,,1,,0
2021-08-03,0.1455941838115557,0.1719816278835872,0.1590710195535086,0.1775050047460826,0.0064483778122347,0.0516409269526055,0.9807263956867348,1.5038464367580375,1.5073588392887851,51.87240658026492,34.846740763266325,0,0,0.2470863559626548,-0.0171960035918239,0,14761.2900390625,0,92.08000183105467,48.0,0,0.0001,0,1,31.0,1,,1,,1
2021-08-04,0.1943029683353669,0.178061184129859,0.1530726658447328,0.1480228962985058,-0.0295074186513308,0.0514730245539726,1.249465108161841,1.8676531721559904,1.9348865748508384,60.802443639342144,56.122322680524505,0,0,0.0593710429829632,-0.0546171905481316,0,14780.5302734375,0,92.2699966430664,42.0,0,7.090666666666667e-05,0,1,31.0,1,,1,,1
2021-08-05,0.2285788707419004,0.2198298959093581,0.1489938727853438,0.1947993023068379,0.4021933588589978,0.053489149937286,1.370784130757251,2.018155102314683,2.1677203171985697,65.93462301356743,66.41287117407033,0,0,0.0625995072896848,-0.039149924387864,0,14895.1201171875,0,92.23999786376952,50.0,0,0.0001,0,1,31.0,1,,1,,1
2021-08-06,0.2880532801333941,0.2778322439437486,0.2259353105878068,0.2290556750760341,0.5360024236603924,0.0592035697196901,1.5535813299045738,2.282353975560131,2.5580245946231255,73.00981000741734,78.22684906526067,1,0,0.0914891146748825,0.0067297305197363,0,14835.759765625,0,92.8000030517578,52.0,0,0.0001,0,1,31.0,1,,1,,1
2021-08-07,0.3411846578125025,0.3204594670263133,0.3094760428997364,0.2891437677305612,0.6153863090371808,0.0672443951792269,1.6295201179652496,2.4004607451945903,2.8064524720321207,77.76917623786349,84.65566530788898,1,0,0.1239095342652303,-0.0120763683253427,1,14835.759765625,1,92.8000030517578,69.0,0,0.0001,0,1,31.0,1,,1,,0
2021-08-08,0.3180392803051897,0.3382681756458964,0.3316594682603514,0.3423494638522678,0.4513637956034471,0.0709315144112809,1.4066646580003168,2.049709718612309,2.460154786448897,71.43734157640611,72.26268519883254,1,0,0.1908681398205018,0.0015131726878159,1,14835.759765625,1,92.8000030517578,74.0,0,0.0001,0,1,31.0,1,,1,,1
2021-08-09,0.3964635521258792,0.373569873944425,0.3166323039689702,0.3184443710783284,0.5583341736964722,0.079268013961563,1.571364927264024,2.2912042596004047,2.8368659902722366,78.3339544927951,83.30455600490882,1,0,0.2030590566680022,0.0699598146744244,0,14860.1796875,0,92.9499969482422,65.0,0,0.0001,0,1,31.0,1,,1,,0
2021-08-10,0.3726251270766521,0.3790149396160569,0.3743767990437239,0.3944788979784564,0.3300848416367684,0.082994479543053,1.3759348691722737,1.9839323998517544,2.5027502193566775,72.21808558862807,71.73136451332519,1,0,0.1502130810938674,0.0915660173926578,0,14788.08984375,0,93.05999755859376,71.0,0,0.0001,0,1,31.0,1,,1,,1
2021-08-11,0.3728880030640552,0.3819498694632577,0.3944708405814396,0.3736704898462392,0.3641234110266019,0.084989239213665,1.3014408897006624,1.8502842781027296,2.3649805163699797,72.24565708459893,71.78899006728247,1,0,0.1549262066056875,0.031722147718326,0,14765.1396484375,0,92.91000366210938,70.0,0,0.0001,0,1,31.0,1,,1,,0
2021-08-12,0.3372894872011551,0.3667191603898196,0.3481268496798893,0.3729732286377004,0.337898433578446,0.0827437791236435,1.145956315844769,1.594098408745491,2.0477216284225523,62.54657612537713,52.47466117823067,0,0,0.2290035891813139,0.0578951503536892,0,14816.259765625,0,93.04000091552734,70.0,0,0.0001,0,1,31.0,1,,1,,1
2021-08-13,0.440082947753309,0.4149029898630961,0.3612181755641936,0.3382330809344948,0.250816184642027,0.0882416146057227,1.3893539817637062,1.9258633051484,2.5074053690321314,74.12189219063951,76.65570031347389,1,0,0.3614501349939922,0.1869710910667874,0,14822.900390625,0,92.5199966430664,70.0,0,0.0001,0,1,31.0,1,,1,,0
2021-08-14,0.4188103975824878,0.4229194800490116,0.4201551986034474,0.4412142535237152,0.2273709578301112,0.0898464775526341,1.2597518109118928,1.726282855883571,2.263175149598413,69.02779409210247,67.21872507456838,0,0,0.3618686321533239,0.1437756428847521,1,14822.900390625,1,92.5199966430664,76.0,0,0.0001,0,1,31.0,1,,1,,0
2021-08-15,0.4172848099751577,0.4006296523932134,0.4015573745393742,0.4194015410390997,0.2175866179961803,0.0899582580289443,1.207751648170588,1.6329068684087535,2.1491643557803397,68.63745014427566,66.43664292899592,0,0,0.2060741350181875,0.1299940110901061,1,14822.900390625,1,92.5199966430664,71.0,0,0.0001,0,1,31.0,1,,1,,0
2021-08-16,0.3854383924090811,0.4198961395055295,0.4053118272029992,0.4170582039944177,0.2962463026419139,0.0864802150289995,1.0960883983941192,1.4535586766168878,1.911304427468664,60.409360189965376,50.18497380417959,0,0,0.218438710976001,0.1697405745863282,0,14793.759765625,0,92.62999725341795,72.0,0,0.00011308,0,1,31.0,1,,1,,0
2021-08-17,0.3454478309409406,0.3940911354407486,0.368370670883514,0.3839580461575392,0.3259203986601953,0.0795795927890885,0.9850378651701626,1.274172738779473,1.666405987756754,51.469466057018046,35.60308989412327,0,0,0.2274649085973987,0.2250343739263265,0,14656.1796875,0,93.12999725341795,72.0,0,0.0001,0,1,31.0,1,,1,,1
2021-08-18,0.3486806208867981,0.3583978705126078,0.3637560480541943,0.3457805188356512,0.270607987526454,0.0735241188043367,0.995135481397664,1.259406977841837,1.6381871282233942,52.13024656310065,37.558649002043374,0,0,0.1673278980332775,0.1657106478984867,0,14525.91015625,0,93.13999938964844,73.0,0,0.0001,0,1,31.0,1,,1,,1
2021-08-19,0.4072216594324148,0.3890172068354446,0.3523832403642247,0.3474647811490719,0.4910318929996199,0.0726118602808415,1.1339141975586828,1.421281200547445,1.8470781876485949,62.73259643797217,63.9735525431567,0,0,0.2156643200079596,0.1170394779853957,0,14541.7900390625,0,93.56999969482422,70.0,0,0.0001,0,1,31.0,1,,1,,1
2021-08-20,0.4873050450655656,0.4602947790208774,0.434866768756928,0.4079899896356849,0.3811564926369822,0.0774580604593135,1.2862793557790346,1.6168561777859982,2.110164894970409,72.38632460635111,79.6645645301774,1,0,0.2584649549575455,0.0475468163381354,0,14714.66015625,0,93.5,70.0,0,0.0001192033333333,0,1,31.0,1,,1,,0
2021-08-21,0.4740570737766639,0.4715622702284812,0.4865355300359764,0.4875386271072748,0.6397747066128407,0.0793154097788386,1.2047316219327415,1.5088681134104476,1.9714057275180483,68.97582732678765,72.68218898381997,0,0,0.213377387655185,0.0640250740502284,1,14714.66015625,1,93.5,78.0,0,0.00015569,0,1,31.0,1,,1,,1
2021-08-22,0.4867697469813667,0.4641859063588012,0.4830445583904834,0.4735480564947308,-0.0295772541383781,0.0808808350594247,1.1935141634334694,1.4887519733520445,1.9461022814064033,70.51402478419844,75.43673682635414,1,0,0.1727311269642413,0.0422767967903792,1,14714.66015625,1,93.5,76.0,0,0.0001160433333333,0,1,31.0,1,,1,,1
2021-08-23,0.4936275526427565,0.494557857107847,0.5102446914905225,0.4864572338038727,0.363478646882905,0.0817326503598304,1.17239226012947,1.4547966347741683,1.9009468311901696,71.39674591251625,77.09773760866634,1,0,-0.0054215969388671,0.0420357942203417,0,14942.650390625,0,92.95999908447266,79.0,0,0.0002438766666666,0,1,31.0,1,,1,,0
2021-08-24,0.43741910592726,0.4764240366449667,0.4670968504589898,0.4947260381273493,0.4099425642859459,0.0769847361095122,1.03271467505531,1.262109916288729,1.64045527380949,55.64302705551368,44.33476350089409,0,0,0.0889008243073947,0.1134120738727876,0,15019.7998046875,0,92.88999938964844,79.0,0,0.0002688266666666,0,1,31.0,1,,1,,1
2021-08-25,0.4757462578337124,0.4561085971281664,0.4508170276802983,0.438665544830925,0.2905037649717194,0.0754449779616636,1.102308909306658,1.3358191541369469,1.7309620486367103,62.20445231606795,59.84774632342945,0,0,0.1208580554619699,0.0512061897925501,0,15041.8603515625,0,92.83000183105467,73.0,0,0.0001318933333333,0,1,31.0,1,,1,,0
2021-08-26,0.4140838801693987,0.4604579807045838,0.4272501143918344,0.4776274462626412,0.2913924505437836,0.068459906801818,0.9654615460995452,1.1488370866376754,1.4772600238769682,48.80317999622336,37.45609230344833,0,0,0.2052550657303694,0.0615337528720536,0,14945.8095703125,0,93.05999755859376,75.0,0,0.00013955,0,1,31.0,1,,1,,1
2021-08-27,0.4787362186218915,0.4534006232914724,0.4268924896258684,0.4132271456615525,0.3725426668398278,0.0673645543246242,1.096598171772115,1.2966842702098351,1.661776844281831,59.38814190262954,58.935023290321034,0,0,-0.0202207460462057,0.109057830152179,0,15129.5,0,92.69000244140624,71.0,0,0.0001,0,1,31.0,1,,1,,0
2021-08-28,0.473962686620043,0.4585319660142817,0.4923520344666778,0.4797642183318003,0.1110807956118326,0.065357890379956,1.0715419572318603,1.2573272755388365,1.6046069353742798,58.36020460049127,57.00769597477837,0,0,-0.0394866986337654,0.1110485273379564,1,15129.5,1,92.69000244140624,78.0,0,0.0002179233333333,0,1,31.0,1,,1,,0
2021-08-29,0.4717458413663099,0.4693709060380521,0.4745210871510908,0.47483553744269,-0.0067580883062503,0.062864056153722,1.0557243226851911,1.2285636224451846,1.5605600824670542,57.82389242294545,55.87622516982059,0,0,-0.0392350765160477,0.0301602372930474,1,15129.5,1,92.69000244140624,72.0,0,0.0001,0,1,31.0,1,,1,,0
2021-08-30,0.4175285937437753,0.4477745094210813,0.4441826266635748,0.4725016276845858,0.2553365728240472,0.0558687753267699,0.9439186669360564,1.080374400523145,1.360862659248797,45.91643561708633,33.921569611120844,0,0,0.0294640741208168,0.0785426473131343,0,15265.8896484375,0,92.6500015258789,73.0,0,0.0001418333333333,0,1,31.0,1,,1,,1
2021-08-31,0.4209408505462165,0.4256507013197874,0.4379574776293714,0.4171919759976304,0.3821902010142209,0.0500236638217826,0.9587671339285352,1.0820538983725063,1.3522580956143753,46.71329683652163,36.03075038431281,0,0,-0.0442939562430779,0.0054284101593164,0,15259.240234375,0,92.62999725341795,73.0,0,0.0002910366666666,0,1,31.0,1,,1,,1
2021-09-01,0.4722711160356464,0.4533496667945454,0.4321217800216922,0.419496410568586,0.5761662814521293,0.0489688122962709,1.0633006444822364,1.195057446460699,1.4869976427972664,57.56546554215728,60.99943006821933,0,0,0.0218048222090624,0.010644972361933,0,15309.3798828125,0,92.4499969482422,71.0,0,0.0003528033333333,0,0,30.0,1,,1,,1
2021-09-02,0.486955180156321,0.4903902261978883,0.4971125497361894,0.4716766804426503,0.5923860170317082,0.0487556908623053,1.0803453481738647,1.211377689643419,1.5018272367025198,60.238364798822936,66.05339442126615,0,0,-0.0780096078799699,-0.0343159770274421,0,15331.1796875,0,92.2300033569336,74.0,0,0.0004887166666666,0,1,30.0,1,,1,,1
2021-09-03,0.5082667500492851,0.5095923719269878,0.4888332448621473,0.486352578989584,0.7550848011151247,0.0497331632247362,1.1059121758948,1.240106451251221,1.533425121960946,64.03232357737699,72.85935328459931,0,0,-0.2894130257610857,-0.0732921796007133,0,15363.51953125,0,92.04000091552734,74.0,0,0.00035202,0,1,30.0,1,,1,,0
2021-09-04,0.5058000353821965,0.4964666123395126,0.5249905178206343,0.5083808064053343,0.5027792733076957,0.0497354544956509,1.0837805611936735,1.213053808559816,1.4951431181828911,63.22661189325608,70.67266614420834,0,0,-0.29757926399319,-0.0865285634431145,1,15363.51953125,1,92.04000091552734,72.0,0,0.00024982,0,1,30.0,1,,1,,1
2021-09-05,0.5610539904847847,0.5362353403202671,0.5246738304005006,0.5061976138997347,0.1882734519630908,0.0535781867588743,1.1659095148293157,1.3119848996850243,1.6167257229395673,72.2510365903385,84.53496802182622,1,0,-0.2071920022414982,-0.1154990142697174,1,15363.51953125,1,92.04000091552734,73.0,0,0.0001,0,1,30.0,1,,1,,1
2021-09-06,0.5879396529785473,0.5612508709165287,0.5717895570826834,0.5621375811272519,0.5649346030343342,0.0581230220157868,1.1814681479141438,1.3377108341560622,1.6492993988092048,75.61134411743718,88.16446712716773,1,0,-0.1933059047656497,-0.1554982975883481,1,15363.51953125,1,92.04000091552734,79.0,0,0.0001559433333333,0,1,30.0,1,,1,,0
2021-09-07,0.4100794066055043,0.5658443525508062,0.3302071035518291,0.5893714607251159,1.7231482738551347,0.04683313799625,0.8469832285586635,0.937685302459102,1.143619055072029,39.291806496232304,28.71706831350784,0,0,0.6317428911014474,0.3418395202425885,0,15374.330078125,0,92.5199966430664,79.0,0,0.0001432566666666,0,1,30.0,1,,1,,0
2021-09-08,0.388093165431207,0.3999368084108022,0.3698937345097646,0.4111866751147776,1.0103261696018482,0.0357001881095322,0.8268129303810953,0.894874829406568,1.0788223512748878,36.77241580955047,25.84481028190963,0,0,0.5948267513376514,0.2501391794909085,0,15286.6396484375,0,92.6500015258789,47.0,0,0.0001,0,1,30.0,1,,1,,1
2021-09-09,0.3972583850591936,0.3977695135334378,0.404360793136169,0.3790177899925042,0.5556319034923093,0.0273020803553957,0.8668309910365573,0.9217429479734258,1.09980145450417,38.66409757710773,29.75015476798606,0,0,0.5110732634660019,0.2417855249368002,0,15248.25,0,92.4800033569336,45.0,0,0.0001,0,1,30.0,1,,1,,0
2021-09-10,0.3512075953694284,0.3908501143781358,0.3631483046084987,0.3980169944309583,0.5768379758042751,0.0167376642154455,0.7949214170331638,0.8262219608980272,0.9733677469379008,32.94897543727443,21.991246902238245,0,0,0.428495042844946,0.2773876050006874,0,15115.490234375,0,92.58000183105467,46.0,0,0.0001037166666666,0,1,30.0,1,,1,,1
2021-09-11,0.3609078744288791,0.3589157716829884,0.3778818618824411,0.3513737637621315,0.3720480846337341,0.0090437688260339,0.8405578218990671,0.8586434480376284,1.000242073950919,35.27433032949716,27.3152756989261,0,0,0.4381535700272699,0.2571845206213098,1,15115.490234375,1,92.58000183105467,31.0,0,0.0001,0,1,30.0,1,,1,,1
2021-09-12,0.3872341349122262,0.3708060123369078,0.377017197112011,0.3616623940681049,0.0808947173151814,0.0050128257666077,0.9156958472660272,0.926680600170088,1.0701321880295749,41.615037322419376,41.710835882750686,0,0,0.4708434874917819,0.0880183014260014,1,15115.490234375,1,92.58000183105467,32.0,0,0.0001,0,1,30.0,1,,1,,0
2021-09-13,0.3536258635313488,0.3778334298727925,0.3397265549054049,0.3876470985280287,0.656701300748784,-0.000883448430182,0.8578366518133506,0.8560021563630489,0.978127263844002,36.3672470822874,31.194595251089535,0,0,0.4299791811632422,0.0999906374530233,0,15105.580078125,0,92.62000274658205,44.0,0,0.0001,0,1,30.0,1,,1,,1
2021-09-14,0.418674365523641,0.3964522763467455,0.3758314717925157,0.3541296340941521,0.5547298215804024,-0.0003039143977384,1.0131964692450004,1.0124518351052658,1.1509175945843548,50.349793484158525,58.31595043520487,0,0,0.5623212115257569,0.1758039009524895,0,15037.759765625,0,92.6500015258789,30.0,0,0.0001,0,1,30.0,1,,1,,1
2021-09-15,0.4517834947096447,0.4334931879839382,0.4386800157095228,0.4194422335039486,0.1953927496964216,0.0027947839889312,1.077846210729616,1.0850811837809615,1.2302609561595974,56.02486228039435,67.1134034846736,0,0,0.5213214705769447,0.1739394811576138,0,15161.5302734375,0,92.48999786376952,49.0,0,0.0001,0,1,30.0,1,,1,,0
2021-09-16,0.4397786655164148,0.4345860522083549,0.4482031113372083,0.4518520514312947,0.2516975924523819,0.0042330395529426,1.041322682895892,1.0518656725472646,1.18836309058246,53.468040409396174,60.89971758195128,0,0,0.5163021052185218,0.1452705577458796,0,15181.919921875,0,92.86000061035156,53.0,0,0.0001,0,1,30.0,1,,1,,0
2021-09-17,0.4240210220681572,0.4247901940249067,0.44052086003814,0.440001952202896,0.1181028712882268,0.0040546182006354,1.0033920040844202,1.013112555696895,1.1392698460532686,50.01126841071292,52.40772912453232,0,0,0.5026503639754563,0.1509110246711012,0,15043.9697265625,0,93.1999969482422,48.0,0,0.0001,0,1,30.0,1,,1,,1
2021-09-18,0.4548998221209104,0.443752116268493,0.4484433904768418,0.4248044502429,0.1114119491239084,0.006331889017701,1.063947026319724,1.0799402966792429,1.2116758370435587,56.3867368774034,65.11689685246543,0,0,0.5366599684235298,0.108009106013791,1,15043.9697265625,1,93.1999969482422,50.0,0,0.0001,0,1,30.0,1,,1,,0
2021-09-19,0.4237980010874689,0.4298231460923591,0.4432351153950506,0.4552109101060753,0.0406718429657866,0.0055628603273474,0.9925473313498812,1.0056493145971432,1.1231582164595473,49.10786102083283,47.928404224179936,0,0,0.4603203682509545,0.0175705170487786,1,15043.9697265625,1,93.1999969482422,53.0,0,0.0001,0,1,30.0,1,,1,,0
2021-09-20,0.2888872521152189,0.3997608088972225,0.3088648981315384,0.4244341607460498,0.7860426763577286,-0.0058651604771528,0.7120095465020071,0.7018636578092673,0.7727174494076055,29.832955114401926,18.969042709956454,0,1,0.8361365849998605,0.3226941716979223,0,14713.900390625,0,93.23999786376952,50.0,0,0.0001,0,1,30.0,1,,1,,0
2021-09-21,0.223206201049289,0.287929966536412,0.2214394910944636,0.2946254365437463,0.9968340787672308,-0.0199914126400446,0.59103403859912,0.5613200939423858,0.6066195324768647,24.44348751199432,13.625045244943422,0,1,0.3041110319560901,0.3832278183858377,0,14746.400390625,0,93.1999969482422,27.0,0,0.0001,0,1,30.0,1,,1,,1
2021-09-22,0.3112085617292019,0.2990815728074559,0.2475001811562006,0.2233150542138109,0.5321847994083732,-0.0238110354183851,0.846984157276897,0.7954366544230199,0.8509343355780086,40.938605396898815,42.54252015391658,0,0,0.6334112616379306,0.5436705373944964,0,14896.849609375,0,93.45999908447266,21.0,0,0.0001,0,1,30.0,1,,1,,1
2021-09-23,0.3515493460856891,0.3280434140447651,0.3247380199195865,0.3113682975060661,0.3607954154374709,-0.0233141982684946,0.9631805750441292,0.9053498871581992,0.9627011145947356,47.052613001538035,52.30264892405595,0,0,0.6874512012672845,0.5403463618779232,0,15052.240234375,0,93.0999984741211,27.0,0,7.526333333333333e-05,0,1,30.0,1,,1,,0
2021-09-24,0.2887635106722153,0.3322008301730818,0.2571692906998818,0.3521210253893556,0.738945897296335,-0.027667806195228,0.8174222108353089,0.7580508269866749,0.7973072366071084,39.67659572582948,38.6709521896953,0,0,0.7418593623655108,0.5708396887588775,0,15047.7001953125,0,93.33000183105467,33.0,0,-4.1379999999999993e-05,0,1,30.0,1,,1,,0
2021-09-25,0.2850013889605294,0.2695543962413364,0.2827740820704944,0.289391025170933,0.2446770034592806,-0.0310635622151652,0.8314904919426496,0.7623961824672774,0.7935505953683054,39.25118346191223,37.88214529583024,0,0,0.7358425852407884,0.5281807089502183,1,15047.7001953125,1,93.33000183105467,28.0,0,8.543e-05,0,1,30.0,1,,1,,1
2021-09-26,0.3000291130193434,0.2972985650601426,0.2544296469000069,0.285747677240435,0.2031678151943773,-0.0321712613119609,0.892450496883764,0.8145063840099069,0.840821041582757,42.11188963716956,43.96925761337029,0,0,0.7205713052471489,0.4672520551767464,1,15047.7001953125,1,93.33000183105467,27.0,0,3.590333333333334e-05,0,1,30.0,1,,1,,0
2021-09-27,0.2703121938060562,0.3091394929751003,0.2961682471333154,0.3014058035825909,0.2171937684912968,-0.0350430731192059,0.8290479678675796,0.7485914773068357,0.7648124240798835,38.026102603252475,34.941403697392545,0,0,0.7177574904967128,0.4771279772224144,0,14969.9697265625,0,93.37999725341795,26.0,0,0.0001,0,1,30.0,1,,1,,0
2021-09-28,0.2336188585221742,0.2629083305534218,0.2570170815178996,0.269839787470336,0.1835336032467233,-0.039820820533634,0.7491843184181761,0.6643471678580961,0.6698994009257682,33.40810081857116,26.114031237228943,0,0,0.5882896636792883,0.4931553667117452,0,14546.6796875,0,93.7699966430664,25.0,0,5.207666666666666e-05,0,1,30.0,1,,1,,1
2021-09-29,0.2498035710393904,0.2559985591233457,0.2538452268086134,0.2351385422408569,0.2005781665290691,-0.0418191832297911,0.8263753174724341,0.7259463968823731,0.7243675707820754,37.28436872870103,35.67165669401564,0,0,0.5571106455313003,0.4719482999949831,0,14512.4404296875,0,94.33999633789062,24.0,0,4.622e-05,0,1,30.0,1,,1,,1
2021-09-30,0.3178186458518495,0.3025075166411748,0.2729677048686809,0.2499941558964778,0.2243057066759793,-0.0374825761465295,1.0431311087197768,0.9288593495417832,0.924436592825289,51.0895506712727,62.70419936508946,0,0,0.7561240566639268,0.5616613404818332,0,14448.580078125,0,94.25,20.0,0,9.745e-05,0,1,30.0,1,,1,,1
2021-10-01,0.4499687793140814,0.4330586488246595,0.3312898173898234,0.3192024919850282,0.7394428604306499,-0.0231159066609866,1.3759248319719557,1.285089143186399,1.2931596882911205,67.25086065776675,82.14352988993475,0,0,1.2018994034116293,0.7796263855088996,0,14566.7001953125,0,94.04000091552734,27.0,0,3.1696666666666664e-05,0,0,36.0,1,,1,,0
2021-10-02,0.437583179682448,0.4284313527408082,0.4602049207385136,0.4511971533459856,0.2011055179327201,-0.0125845649359652,1.2719027697120533,1.227019651884701,1.2449897449913074,64.93067796311757,77.12035219709426,0,0,1.1856735621737224,0.7781850205157363,1,14566.7001953125,1,94.04000091552734,54.0,0,4.911333333333333e-05,0,1,36.0,1,,1,,1
2021-10-03,0.4525045839479001,0.4539388366138539,0.4506203583541777,0.437222692653543,0.0261707516805821,-0.0029997884301037,1.254429631737222,1.2440838432112,1.2730927077175829,66.53557886100825,79.1667651918946,0,0,1.1691425660754289,0.7754317482834474,1,14566.7001953125,1,94.04000091552734,49.0,0,0.0001,0,1,36.0,1,,1,,1
2021-10-04,0.4803929459070046,0.4637400957163313,0.4471285363780591,0.4533795105223947,0.3229203887141028,0.0067685501103157,1.2670736880899434,1.2901053931379225,1.3331750606307493,69.54158186726306,82.96397264766406,0,0,0.6479387036104963,0.7857850136462862,0,14255.48046875,0,93.80999755859376,54.0,0,0.0001,0,1,36.0,1,,1,,1
2021-10-05,0.5537654166370468,0.5353728370335712,0.5101897844272696,0.4828916908208276,0.4325004228278559,0.0201977469154875,1.36394797566909,1.4353538394269885,1.5051126968698705,76.06762496316362,89.60822599026396,1,0,0.4782809100601445,0.8130387818000584,0,14433.830078125,0,93.9800033569336,59.0,0,2.578e-05,0,1,36.0,1,,1,,1
2021-10-06,0.6712707443534818,0.6474408501865304,0.5542041123662872,0.553512329904938,1.0115126160774974,0.0398626680260872,1.5023545818408977,1.6495173605061009,1.7673443008044711,82.85556605646057,94.33011192517525,1,0,0.5006531426338323,0.9381759477128936,0,14501.91015625,0,94.2699966430664,68.0,0,0.0001,0,1,36.0,1,,1,,0
2021-10-07,0.6237551041773979,0.6405324876918532,0.648656773169112,0.671186584955867,0.4735899423791293,0.051024960642555,1.3158435312982006,1.47456543560362,1.6018980800360625,73.17222044772434,75.76793140120208,1,0,0.5955470696615196,0.5733221457434973,0,14654.01953125,0,94.22000122070312,76.0,0,0.0002394966666666,0,1,36.0,1,,1,,1
2021-10-08,0.6286996308637441,0.6580966286084433,0.653712839068921,0.6242483637500715,0.3852923192039179,0.0595833007399229,1.2628825605906433,1.434582367813264,1.5765975100320142,73.543475677264,76.41194877193801,1,0,0.3830843010017057,0.5613503795306143,0,14579.5400390625,0,94.06999969482422,74.0,0,0.0002338366666666,0,1,36.0,1,,1,,1
2021-10-09,0.6592586362518399,0.6423154954391666,0.6551772298820053,0.6281475610783287,0.283678426391163,0.0680472963942908,1.2613422078521803,1.4501404980679484,1.611937855359234,75.91982302815958,80.6498005591215,1,0,0.3583332274786266,0.5661430186622625,1,14579.5400390625,1,94.06999969482422,72.0,0,0.0001190566666666,0,1,36.0,1,,1,,0
2021-10-10,0.6532516275900798,0.6724737576527119,0.6716314919147482,0.6594005674096496,0.5932536908836245,0.0734239726815978,1.2035853434979455,1.391879031166544,1.5606962880537758,74.40402782206309,77.0229343024658,1,0,0.3832743145851833,0.5241703589563779,1,14579.5400390625,1,94.06999969482422,71.0,0,0.0001363533333333,0,1,36.0,1,,1,,1
2021-10-11,0.7361335745180849,0.7143055192913119,0.6795772242319484,0.652719604544468,0.7300582652377023,0.0834113932008774,1.2858109024627635,1.505096553329157,1.7078955114695622,80.57761401206047,87.42574806331683,1,0,0.3245431613744035,0.5731442674051437,0,14486.2001953125,0,94.31999969482422,71.0,0,0.0001,0,1,36.0,1,,1,,0
2021-10-12,0.6920311457553815,0.7093412528245561,0.6782775546086229,0.738034519417702,0.6617086366187129,0.0867675956642469,1.1711597320768892,1.372733648184056,1.5683292654293908,70.18425247625862,66.17065575085776,1,0,0.3033712850478401,0.5999823112069725,0,14465.919921875,0,94.5199966430664,78.0,0,0.0001,0,1,36.0,1,,1,,1
2021-10-13,0.733577007096337,0.7111681723918019,0.6749500893948521,0.6925597949535667,0.6881274384214041,0.091722494274835,1.1970022228424726,1.4076858848838845,1.620386181755975,73.85047338159785,74.08449621372242,1,0,0.2973660157481211,0.5794526373311949,0,14571.6396484375,0,94.08000183105467,70.0,0,0.0001,0,1,36.0,1,,1,,0
2021-10-14,0.7311462096658387,0.7349156611290497,0.7553721733994972,0.733329945417114,0.4651398404832874,0.0943653569892464,1.1586271133596224,1.3623505054825835,1.5769826805834637,73.24247163499939,72.7567149641682,1,0,0.268303579249165,0.5377313855145834,0,14823.4296875,0,93.95999908447266,70.0,0,0.00016693,0,1,36.0,1,,1,,1
2021-10-15,0.8616583500826408,0.8635125999142541,0.7526066552534434,0.7325072654972669,1.132294706690807,0.1057718121179547,1.29276370733091,1.5366109965871766,1.79795002787341,82.28021550868549,88.06709950706836,1,0,0.0741007399005302,0.6501018976192285,0,14897.33984375,0,93.94000244140624,71.0,0,0.00018895,0,1,36.0,1,,1,,0
2021-10-16,0.8402210101984271,0.8490053791681533,0.8564104019459755,0.8627575208430914,0.3610989733148192,0.1117930155229831,1.2120084562884696,1.4450348441594818,1.7029177790743224,77.32993757926923,78.41573812756003,1,0,0.0857214345726885,0.6533933101420769,1,14897.33984375,1,93.94000244140624,78.0,0,0.0003975433333333,0,1,36.0,1,,1,,1
2021-10-17,0.860426305339138,0.8301007536307892,0.824017299715406,0.8407048302153353,0.1315061535617909,0.1168483065150937,1.196753973114516,1.4289984399363926,1.694439798615826,78.72214582632043,81.02855164258085,1,0,0.0851172139842122,0.6430976242398168,1,14897.33984375,1,93.94000244140624,79.0,0,0.00038554,0,1,36.0,1,,1,,1
2021-10-18,0.8748588294773134,0.8592303755918511,0.8503972281891535,0.8609024933765954,0.5284827340297865,0.120628712420048,1.1775471623571965,1.4057989815080574,1.6753692404588905,79.74723312059218,82.98965371105659,1,0,0.0911535946447564,0.6386659826797321,0,15021.8095703125,0,93.9499969482422,78.0,0,0.0002354733333333,0,1,36.0,1,,1,,1
2021-10-19,0.94316052622429,0.9139308835189096,0.9004701618355608,0.8760047678088806,0.6347588678049376,0.1276644511183317,1.2189446300997429,1.459803567078695,1.7508170343914882,83.9654346218064,89.70486509686549,1,0,0.0468026924358614,0.6314711540528551,0,15129.08984375,0,93.79000091552734,75.0,0,0.00011658,0,1,36.0,1,,1,,1
2021-10-20,0.996033562317957,0.9889495314222828,0.9622845822360364,0.9444783722080636,0.6487387253847218,0.1359397085205462,1.2327927059789854,1.4821724359067554,1.7893928992949295,86.480524281972,92.68532391690934,1,0,-0.1981538941090584,0.2694365561735994,0,15121.6796875,0,93.55999755859376,82.0,0,0.0002774566666666,0,1,36.0,1,,1,,0
2021-10-21,0.880482442520587,0.9790353226653268,0.9158472979172776,0.9969511266315252,0.873957068506442,0.1316562486835106,1.074928464763406,1.2807917285521873,1.5465180913492371,61.96947464730381,50.2744586729923,0,0,0.0596508261255708,0.3032057637008333,0,15215.7001953125,0,93.7699966430664,84.0,0,0.0006274466666666,0,1,36.0,1,,1,,0
2021-10-22,0.8341141253671451,0.8923043122021456,0.8538192015781695,0.8819535049722662,0.5451357998654566,0.1231010084264871,1.0154581001090446,1.1944658728584925,1.438832979785895,54.780533392932014,40.38683564766061,0,0,0.1379272208074359,0.2474680486802017,0,15090.2001953125,0,93.61000061035156,75.0,0,0.00030406,0,1,36.0,1,,1,,1
2021-10-23,0.8555386973300461,0.8330570523315399,0.8446057477740055,0.8348081221272403,0.0369244871128532,0.1167044070321106,1.0349265013730675,1.2050490274888752,1.4487584490907728,57.41437053510541,46.829226000414955,0,0,0.1315269526207853,0.2354960024954003,1,15090.2001953125,1,93.61000061035156,74.0,0,0.0001947566666666,0,1,36.0,1,,1,,0
2021-10-24,0.8414018639303112,0.8259011868517886,0.8389092614373171,0.8553895593851393,0.056002438811617,0.1092351353888783,1.0150418499599598,1.1691040089899232,1.401471387561879,54.976404190679055,42.76333997178809,0,0,0.1388056393644751,0.1343680590905612,1,15090.2001953125,1,93.61000061035156,73.0,0,0.0003347833333333,0,1,36.0,1,,1,,1
2021-10-25,0.905826289021052,0.8927341549100947,0.8715139745178571,0.8408964785981716,0.220928187181516,0.1072775674660757,1.0773861512067209,1.2349617191426885,1.4792647191212105,63.194421705502464,62.530767839030695,0,0,0.0708256550893456,0.1425050969778722,0,15226.7099609375,0,93.80999755859376,72.0,0,0.0002888866666666,0,1,36.0,1,,1,,0
2021-10-26,0.8240800904580502,0.8776965873975896,0.8497255884707344,0.9062361665402868,0.3887279717459214,0.0980002597498392,0.9831588245417148,1.113326799988531,1.32776473179383,49.86799503244654,39.46916230415679,0,0,0.1708219622804733,0.245343012476532,0,15235.7099609375,0,93.9499969482422,76.0,0,0.0005254166666666,0,1,36.0,1,,1,,0
2021-10-27,0.7666077388589526,0.8237785082620561,0.794279051173759,0.8243410893727361,0.774922083432964,0.0850302127249414,0.9267695766678,1.0329518210249784,1.2238780130368654,42.583268237911646,29.329377094376625,0,0,0.2238021810340385,0.2675025089328936,0,15235.83984375,0,93.86000061035156,73.0,0,0.0002883366666666,0,1,36.0,1,,1,,1
2021-10-28,0.8319718590930429,0.8446217114970292,0.7942395715375704,0.7668698444063912,0.8453145643478845,0.0791137215107188,1.0048946612097636,1.1110649946183253,1.3113514206477968,51.81943220574168,49.1422409609939,0,0,0.2941462516766796,0.2319698201456895,0,15448.1201171875,0,93.3499984741211,66.0,0,0.0001311866666666,0,1,36.0,1,,1,,1
2021-10-29,0.8810259741241372,0.8686367805487857,0.8602616708251151,0.8326770780296728,0.4757466430179998,0.0774898618267203,1.053745751553246,1.1613843352780042,1.3678220525595337,57.71020982453094,60.28389658302114,0,0,0.003573176991341,0.2374514754728535,0,15498.3896484375,0,94.12000274658205,70.0,0,0.0002186999999999,0,1,36.0,1,,1,,0
2021-10-30,0.8706662975583817,0.8506786073656354,0.8785602999847812,0.8819984934158087,0.2690160476987112,0.0745081187946758,1.0347715687107628,1.135304592883038,1.3333465825830206,56.04057327933825,56.781169256766454,0,0,-0.0047284841305554,0.1959168448903024,1,15498.3896484375,1,94.12000274658205,73.0,0,0.00026212,0,1,36.0,1,,1,,0
2021-10-31,0.8532580124697489,0.8529637831713748,0.8523119298063941,0.8701186803347785,0.2726791395551068,0.0699342048588563,1.0118898878146658,1.1034014737088298,1.291158662509709,53.06393254073476,50.24069576619354,0,0,-0.0057146568425561,-0.0421258841693792,1,15498.3896484375,1,94.12000274658205,74.0,0,0.0003729233333333,0,1,36.0,1,,1,,0
2021-11-01,0.8436492567341012,0.8533494792368248,0.8405213668276483,0.8539264206417035,0.4446724930132754,0.0647871726298423,1.000418592719237,1.0836729736871185,1.2629187214025537,51.32759622962636,46.3145017719306,0,0,-0.0094593140509743,-0.0458163672867702,0,15595.919921875,0,93.87999725341795,74.0,0,0.0004026766666666,0,0,33.0,1,,1,,1
2021-11-02,0.911525793633998,0.9081676332696916,0.8709310121361074,0.8430143960941751,0.5148927968034015,0.0654309346802665,1.0676190547674145,1.1562272031230223,1.3452966458137905,61.57564961149084,69.07606606016854,0,0,-0.0074889976141635,-0.0186143329417472,0,15649.599609375,0,94.08999633789062,73.0,0,0.00032179,0,1,33.0,1,,1,,0
2021-11-03,0.9036947621200164,0.8863503860289428,0.886827700230065,0.9130050776359484,0.4435356002716538,0.0645649573091955,1.049014429194824,1.134005166807874,1.3165088237844491,59.89680897879871,64.84673881808669,0,0,-0.0697280017784659,-0.0164085514691101,0,15811.580078125,0,93.86000061035156,76.0,0,0.00052478,0,1,33.0,1,,1,,0
2021-11-04,0.8573291894730252,0.8745183813715114,0.8748682858842359,0.9034575036546412,0.2891617803278745,0.0594520238607708,0.9959295178092792,1.0698144898296795,1.236887084193977,50.49204331655864,43.71649785332796,0,0,-0.2936470685867567,-0.0408894458034536,0,15940.3095703125,0,94.3499984741211,73.0,0,0.0004770166666666,0,1,33.0,1,,1,,0
2021-11-05,0.8473537438103282,0.8570304403777455,0.8762659864811126,0.8581919694863418,0.2006988249655298,0.0539728863328068,0.9867184107893944,1.052892529619902,1.211920915726411,48.597759174710355,39.97945093084504,0,0,-0.3448066070178353,-0.2131174332578739,0,15971.58984375,0,94.31999969482422,73.0,0,0.0002603566666666,0,1,33.0,1,,1,,1
2021-11-06,0.8596278926148012,0.8284524166253544,0.855093725710138,0.8462410340913823,0.1342587838426481,0.0500441735151542,1.0008555776967551,1.0627793709920172,1.2185104753275635,51.19716570689205,47.36161297480034,0,0,-0.3525958787766713,-0.2556928688172251,1,15971.58984375,1,94.31999969482422,71.0,0,0.0004538933333333,0,1,33.0,1,,1,,1
2021-11-07,0.9145984475947918,0.8806410275587331,0.8945477305040705,0.8610893684497721,-0.0579198414562029,0.0507809336875889,1.0543369996584688,1.1198952047168351,1.2815329980717796,61.30823966725313,69.65121733026083,0,0,-0.2930038417581076,-0.2323235452458348,1,15971.58984375,1,94.31999969482422,73.0,0,0.0003031966666666,0,1,33.0,1,,1,,1
2021-11-08,1.044115167454664,1.011292663800673,0.9539936156848432,0.9157462700407653,0.6635498054028113,0.061111285450397,1.1670781143556146,1.2526439898691824,1.4369208709296124,75.24904422004232,86.9761854190154,1,0,-0.0644330544697928,-0.1021469414659048,0,15982.3603515625,0,94.0500030517578,75.0,0,0.0004131633333333,0,1,33.0,1,,1,,0
2021-11-09,1.0259393751708534,1.037039549280249,1.048468628035541,1.0442259855010705,0.7177686677929244,0.0670585202339411,1.1214410772611405,1.2101457300046814,1.389462875601582,71.10084566005014,78.58231540930478,1,0,-0.2435605441398878,-0.0969177942944841,0,15886.5400390625,0,93.95999908447266,84.0,0,0.00048591,0,1,33.0,1,,1,,0
2021-11-10,0.9655591593243544,1.0448330754392878,0.9497657718143672,1.0260065011955262,0.9981424185785284,0.0661371796095446,1.0465142426904266,1.1273233739344115,1.2920972973632914,58.69777059813688,55.05020527026134,0,0,-0.2546770728665278,-0.1197381672125211,0,15622.7099609375,0,94.8499984741211,75.0,0,0.0005447533333333,0,1,33.0,1,,1,,0
2021-11-11,0.9641762860524462,0.9483308631621394,0.980004500667081,0.965688812346368,0.4327964660297421,0.0645513168125059,1.037827999580092,1.1153231950070128,1.2757261532994577,58.42842220259838,54.55135745849741,0,0,-0.3275832535720835,-0.1535653367639147,0,15704.2802734375,0,95.18000030517578,77.0,0,0.00018341,0,1,33.0,1,,1,,0
2021-11-12,0.9399209346754904,0.9447781151425192,0.9225800943349634,0.9621784010898924,0.4417829390779528,0.0606383043481456,1.009898926743275,1.080282442061762,1.2318637516015865,53.463386818476934,45.01232187341872,0,0,-0.3509542833538688,-0.1579144899945361,0,15860.9599609375,0,95.12999725341795,74.0,0,0.0003013933333333,0,1,33.0,1,,1,,1
2021-11-13,0.949500216798388,0.9283926660983955,0.9527393780120854,0.940614974702254,0.1949410214266145,0.0576456782921612,1.017032118816658,1.0839620587368428,1.2326038421452814,55.198254759088584,49.64864991708762,0,0,-0.356309756651977,-0.158933529522012,1,15860.9599609375,1,95.12999725341795,72.0,0,0.0002300533333333,0,1,33.0,1,,1,,1
2021-11-14,0.9799656703144348,0.9458109822011992,0.9634393312255992,0.9496957189988436,-0.0405269012739307,0.0570743900297252,1.0417050564361356,1.1089875138954224,1.2587190125330068,60.58968668641681,62.90980405203687,0,0,-0.3596649861149679,-0.3486776599196066,1,15860.9599609375,1,95.12999725341795,74.0,0,0.0001234033333333,0,1,33.0,1,,1,,0
2021-11-15,0.921651351866896,0.9694477520983498,0.9603399975710962,0.9822586408335242,0.198660139315983,0.051324524648472,0.982783605823388,1.0396843132627345,1.1753445751098834,47.86741577893952,37.62174727308311,0,0,-0.2678402435596219,-0.3139465516564074,0,15853.849609375,0,95.41000366210938,72.0,0,0.0002595333333333,0,1,33.0,1,,1,,0
2021-11-16,0.8178927796551343,0.892489822029668,0.8194106942891277,0.9272672495681284,0.9151459310316792,0.0379577123967117,0.8896423898869976,0.9279553957494122,1.0412685727268034,33.44834540866009,19.257252828622157,0,0,-0.1292499496818294,-0.1924575307446406,0,15973.8603515625,0,95.91999816894533,71.0,0,0.0001866599999999,0,1,33.0,1,,1,,1
2021-11-17,0.8242089629348524,0.8053962455238356,0.8038330016555733,0.8178530875505473,0.5778818188107158,0.0275564272485955,0.9110170807457176,0.9396372584105096,1.0472846254571897,34.827274103163305,22.334331320039524,0,0,-0.1257354439865927,-0.1946076775707421,0,15921.5703125,0,95.83000183105467,52.0,0,0.0001105166666666,0,1,33.0,1,,1,,0
2021-11-18,0.7195568748839286,0.8091501190716495,0.7427377180127467,0.8245896594732642,0.6751086610532073,0.0107449241427487,0.8211987727239389,0.8313939166451191,0.9173908693913052,24.945804365670867,12.125620068474944,0,1,0.0636489553648573,-0.1278049904485998,0,15993.7099609375,0,95.54000091552734,54.0,0,0.0001041166666666,0,1,33.0,1,,1,,1
2021-11-19,0.7555248251803284,0.7310797170942497,0.7164410004645041,0.7187670549763734,0.5569407918788312,0.0003203074977923,0.8809164218662043,0.8812455386294296,0.9646380962982584,32.53657933832163,27.344218926989186,0,0,0.107518841858937,-0.140941040773491,0,16057.4404296875,0,96.06999969482422,34.0,0,0.0001,0,1,33.0,1,,1,,1
2021-11-20,0.8037171651859913,0.7764291207787806,0.7713145363956299,0.7560050756244935,0.2015418779131534,-0.0040063742321096,0.9462629478542486,0.9418204398727992,1.0251170418847886,41.658730212356566,44.51195057013509,0,0,0.1617525113202846,-0.2321066436013401,1,16057.4404296875,1,96.06999969482422,43.0,0,0.0001,0,1,33.0,1,,1,,0
2021-11-21,0.7741862757794955,0.7807738079038683,0.8070522319282857,0.8053550115358461,0.0035278561917682,-0.0097063083693645,0.9240769577908388,0.913493629194903,0.9879374522498244,38.023534501614805,37.30923404486332,0,0,0.0995738017638042,-0.2453368127889689,1,16057.4404296875,1,96.06999969482422,49.0,0,0.0001,0,1,33.0,1,,1,,0
2021-11-22,0.6996139784251512,0.7585895329917047,0.7156529869261816,0.7740830312986279,0.3956420783680202,-0.0200102427858582,0.8568076152855183,0.8363127109613889,0.8965457582116162,30.31561664337822,24.15106001797065,0,0,-0.2345223979337208,-0.1864219047467563,0,15854.759765625,0,96.5,50.0,0,0.0001,0,1,33.0,1,,1,,1
2021-11-23,0.738708279547679,0.7167845411256839,0.7141889605405082,0.7006949466065721,0.5034161513690779,-0.0247364552130991,0.918149346217743,0.8907626389153581,0.9486294547436872,37.92711818579128,39.15149555823019,0,0,-0.1383729289269975,-0.1629517124379083,0,15775.1396484375,0,96.48999786376952,33.0,0,0.0001096566666666,0,1,33.0,1,,1,,0
2021-11-24,0.6993432268974991,0.7146069140553942,0.7244966683840138,0.7392265341724674,0.4660098627070316,-0.0312976633921415,0.887069612539777,0.8531985100528257,0.9016818776641538,33.65599059100283,30.937182773811685,0,0,-0.1568222031452166,-0.2014289073237473,0,15845.23046875,0,96.83999633789062,42.0,0,0.0001067,0,1,33.0,1,,1,,1
2021-11-25,0.7297152478678642,0.7616436352913962,0.7612686089090049,0.7269936155093618,0.3625531006985642,-0.0336587033023919,0.936312441297548,0.8975489490289031,0.9430291126756148,39.701209888031286,43.19727277010014,0,0,-0.1047793580929708,-0.2518310985630567,1,15845.23046875,1,96.83999633789062,32.0,0,0.00014404,0,1,33.0,1,,1,,0
2021-11-26,0.6165392000874124,0.7560984177951589,0.6500343087825816,0.781825339566641,0.6936926211364469,-0.0441532346413149,0.8173635238748307,0.7721647105259859,0.8031700416392429,28.525551182048815,22.95284609489657,0,1,0.1241696560040671,-0.1200505763187087,0,15491.66015625,0,96.08999633789062,47.0,0,0.0001920133333333,0,1,33.0,1,,1,,1
2021-11-27,0.6545804460175516,0.6402509354346388,0.6531002365910791,0.6222408290399485,0.1987522724127167,-0.0488376457341771,0.8858125083533748,0.830898698002498,0.8576801135146724,35.560627402748054,36.3264170703464,0,0,0.1884261124216771,-0.1529076911298315,1,15491.66015625,1,96.08999633789062,21.0,0,0.0001027466666666,0,1,33.0,1,,1,,1
2021-11-28,0.7289142099634445,0.7023067906116769,0.6502510216163057,0.6551298872571272,0.0912294449725983,-0.0460214550706882,0.9884722980954568,0.9304064033666756,0.956763242601568,47.26385542649255,56.154663947266904,0,0,0.3331669280387127,-0.1021956887784955,1,15491.66015625,1,96.08999633789062,27.0,0,0.0001,0,1,33.0,1,,1,,1
2021-11-29,0.74596308403344,0.7467625770194528,0.7502551266462525,0.7308577290116204,0.2783826865450113,-0.0419305527154115,1.0097912239532931,0.955553689735276,0.9799429504138226,49.68228136031463,59.96700244337238,0,0,0.3244947538810025,-0.096811091244881,0,15782.830078125,0,96.33999633789062,33.0,0,0.0001359133333333,0,1,33.0,1,,1,,0
2021-11-30,0.7214902006886968,0.753992059373797,0.727390586454533,0.7472995134671554,0.4692227312348904,-0.0401998415333321,0.9801820747380252,0.9294229580130154,0.9497382653914092,46.175014591800405,51.41131454266849,0,0,0.1696550594558424,-0.0934919006063454,0,15537.6904296875,0,95.98999786376952,40.0,0,0.0001593666666666,0,1,33.0,1,,1,,1
2021-12-01,0.7283451425172687,0.7518363882134734,0.7428089028336896,0.7191286331830947,0.4758044323756168,-0.0378389204153686,0.9910966551758364,0.9425646040902292,0.9603148177517408,47.3756754297193,53.86935749236777,0,0,0.1701588590134319,-0.0923356558073741,0,15254.0498046875,0,96.0500030517578,34.0,0,0.0001727833333333,0,0,35.0,1,,1,,0
2021-12-02,0.7053730268954345,0.700965953757053,0.7223481258447336,0.728580740971208,0.278784288572218,-0.0373905165643997,0.9658049043006264,0.9187680873210072,0.932585418560966,43.61379147848108,43.937590710704555,0,0,-0.0462357706041947,-0.1460990915401459,0,15381.3203125,0,96.12999725341795,32.0,0,0.0001198366666666,0,1,35.0,1,,1,,0
2021-12-03,0.6174092086321947,0.7049615771370622,0.6166607753406971,0.7069455956059328,0.604751458509857,-0.0436301569806295,0.8659652979304707,0.8160286302796702,0.8222105502223617,32.286579988445766,22.633114695139582,0,0,0.088782758754649,-0.0588097161088383,0,15085.4697265625,0,96.12000274658205,31.0,0,0.0001629466666666,0,1,35.0,1,,1,,0
2021-12-04,0.4830750446672673,0.5974319797265399,0.3174386603536449,0.621979609668822,1.5548940970280616,-0.0587376700221071,0.712917057858647,0.6560479155276584,0.652442385706734,22.149811753323277,11.38879044241706,0,1,0.3768107610802403,0.1535201642047943,1,15085.4697265625,1,96.12000274658205,25.0,0,6.392666666666667e-05,0,1,35.0,1,,1,,1
2021-12-05,0.4882114481524079,0.4730990665148359,0.4723952605870944,0.4837030341302329,0.4907630327141855,-0.0694949238931441,0.7528710760469773,0.6799970496410395,0.6683066393710649,23.21342401915281,13.577692287697973,0,1,0.3927904753264189,0.157271383593915,1,15085.4697265625,1,96.12000274658205,18.0,0,9.091e-05,0,1,35.0,1,,1,,1
2021-12-06,0.5252893723184506,0.5080067325468043,0.4544685903382258,0.490178267349082,0.5131612522142285,-0.0741732237287948,0.8344338155485082,0.7464792883144686,0.7270724341178179,31.058685392488215,30.17827130654412,0,0,0.4003564519749247,0.1839436345205025,0,15225.150390625,0,96.29000091552734,16.0,0,0.0001,0,1,35.0,1,,1,,1
2021-12-07,0.5288775161864534,0.5382221740552885,0.544489692347842,0.5258703323311708,0.3358391988614949,-0.0767070457561016,0.8613176144424577,0.7656678523242384,0.7398130779851878,31.83632337553449,31.8669551483152,0,0,0.349182716166306,0.1434240499833725,0,15686.919921875,0,96.37000274658205,25.0,0,7.992333333333333e-05,0,1,35.0,1,,1,,0
2021-12-08,0.5229119137741843,0.515276252148734,0.5006473741468026,0.5284920726617541,0.1071914524854234,-0.0782939680980632,0.8714988714340196,0.7709058325211378,0.7392529984531779,31.162019183255396,30.245369685803567,0,0,0.3378993331745585,-0.0477784424921513,0,15786.990234375,0,95.88999938964844,28.0,0,0.0001,0,1,35.0,1,,1,,0
2021-12-09,0.4363806085516953,0.5040284860367149,0.4568729609200075,0.5218455969588638,0.1566365979633678,-0.0855478265535528,0.7591340206811263,0.6607944361655713,0.6263308038469902,23.006517350663657,15.24356502254139,0,1,0.4266886692918903,0.0336261611717194,0,15517.3701171875,0,96.2699966430664,29.0,0,0.0001,0,1,35.0,1,,1,,0
2021-12-10,0.4232813179165859,0.4805263868814429,0.4464660073449142,0.4360654037265518,0.2165767836179826,-0.0913011026413833,0.7674767803646318,0.6584711526356442,0.6170262293653849,22.00077772257157,13.856341491165152,0,1,0.2323761097016779,0.020796977038625,0,15630.599609375,0,96.0500030517578,24.0,0,0.0001,0,1,35.0,1,,1,,1
2021-12-11,0.4880177814581024,0.4637831856572811,0.4439361522579548,0.4245327295905223,-0.0117638967973949,-0.0896040243918829,0.9008119783030408,0.7729661661486764,0.7195375998401952,37.56455456034461,46.14852594517656,0,0,0.3432001967720503,0.1199128172595217,1,15630.599609375,1,96.0500030517578,16.0,0,0.0001,0,1,35.0,1,,1,,1
2021-12-12,0.5104955279397593,0.5018554380064716,0.4993992102642276,0.4883873215647673,-0.1805576055626589,-0.0854601796122063,0.9507419919104348,0.8201989458648897,0.7600506089872038,42.18631153279986,54.11220635987591,0,0,0.205176463381507,0.1384563916489791,1,15630.599609375,1,96.0500030517578,27.0,0,0.0001,0,1,35.0,1,,1,,0
2021-12-13,0.4078296272743661,0.4862296399649241,0.4113612007493109,0.511601239099984,0.2694027278990813,-0.0894295448138333,0.7887158762868679,0.6724201968724594,0.6166962374034063,30.347263437632364,28.471227246792186,0,0,0.3811569392072525,0.2518137594080941,0,15413.2802734375,0,96.31999969482422,28.0,0,0.0001,0,1,35.0,1,,1,,0
2021-12-14,0.404015837245592,0.4329199860991506,0.4278321049671548,0.4075837809836454,0.3781538968773675,-0.0918245401756504,0.8085394920857468,0.6830239411615265,0.6203950327759512,29.98655995118419,27.818337528917468,0,1,0.3900312361684336,0.231281396517557,0,15237.6396484375,0,96.56999969482422,21.0,0,6.115000000000001e-05,0,1,35.0,1,,1,,1
2021-12-15,0.4737891860818297,0.4642564705400296,0.435527840080429,0.4585987666370385,0.461885835764836,-0.0870885623875662,0.955794677383946,0.8129666843742961,0.7353945306070632,44.02982689126043,53.71123916972118,0,0,0.5876236908722815,0.3271021084999923,0,15565.580078125,0,96.51000213623048,28.0,0,0.0001,0,1,35.0,1,,1,,0
2021-12-16,0.4361760831579555,0.462802214385794,0.4622070849343872,0.4745060597434301,0.0538892237910502,-0.0853860516770108,0.8964781201767644,0.7626388123853521,0.6856983012911443,39.145886365489574,42.701333260539855,0,0,0.5981298517001248,0.2667931878491402,0,15180.4296875,0,96.04000091552734,29.0,0,0.0001,0,1,35.0,1,,1,,0
2021-12-17,0.3914764259263678,0.4201004351383706,0.402758527285934,0.4364193446378176,0.3017830328731581,-0.0866448999686736,0.8295428832530066,0.7008633237114634,0.6248509680967589,33.97778121240874,32.23217409338291,0,0,0.5256355287467466,0.2792054163804813,0,15169.6796875,0,96.56999969482422,23.0,0,8.226e-05,0,1,35.0,1,,1,,1
2021-12-18,0.4112294741345967,0.3993288527861751,0.4021436167678226,0.3925972593106076,0.0024211625404417,-0.0850680291154035,0.8889881251836241,0.7508989612804097,0.6653453223137162,38.14186868674045,40.78605209855728,0,0,0.1709192433395437,0.2102357942811631,1,15169.6796875,1,96.56999969482422,24.0,0,8.913999999999999e-05,0,1,35.0,1,,1,,0
2021-12-19,0.4068990009349396,0.4226483773960057,0.4302719464836044,0.4119841758261698,-0.039120743579707,-0.0832086036124961,0.8962237449980204,0.7574109129623198,0.6672793958464558,37.54289651806053,39.33475632250843,0,0,0.1675158468164195,0.1857208933908606,1,15169.6796875,1,96.56999969482422,29.0,0,9.026666666666667e-05,0,1,35.0,1,,1,,1
2021-12-20,0.4121917219613867,0.4019706066591205,0.401564177184379,0.4074994127354105,0.2163962719245606,-0.0803813312008435,0.9209328912811042,0.7807223885411507,0.6846593048245119,38.89610626531448,42.659716746605554,0,0,0.1149245364657811,0.1499270249011634,0,14980.9404296875,0,96.5500030517578,25.0,0,0.0001,0,1,35.0,1,,1,,1
2021-12-21,0.4750077469458152,0.4590553855149746,0.4363615285209266,0.4129681936125144,0.0445469899649602,-0.0722392402106104,1.0513668715427609,0.9064351348344324,0.7955811761313206,52.87751213595769,69.29265184808122,0,0,0.2592579397477235,0.2308398888175617,0,15341.08984375,0,96.48999786376952,27.0,0,9.728e-05,0,1,35.0,1,,1,,0
2021-12-22,0.4655959990427606,0.4663857241616237,0.4908501076302634,0.4756251621931438,-0.0701845713600127,-0.0657876645927442,1.025716676700251,0.8958760578481898,0.7866096861683902,50.86540007560386,63.408978844660446,0,0,0.2600409462872086,0.1853794170031054,0,15521.8896484375,0,96.08000183105467,45.0,0,0.0001,0,1,35.0,1,,1,,1
2021-12-23,0.5314573522498462,0.5201144188972879,0.4788741725751371,0.4661318846092158,0.0959365605234165,-0.0547293972335346,1.1408310990285626,1.020893824963272,0.901490547274834,62.41371916713123,79.58371417934494,0,0,0.1519555372072958,0.2374005356546644,0,15653.3701171875,0,96.0199966430664,34.0,0,7.912666666666667e-05,0,1,35.0,1,,1,,1
2021-12-24,0.5326076584316735,0.534592639056428,0.555022130428113,0.5327201510255638,-0.0737071436643263,-0.0453500533993239,1.1186386161602262,1.0213555691811451,0.906875740442242,62.590909170138126,79.79173804243558,0,0,0.1399375420578443,0.226374844015532,1,15653.3701171875,1,96.0199966430664,41.0,0,0.0001,0,1,35.0,1,,1,,0
2021-12-25,0.520622756741801,0.5154332310344286,0.5463835001268537,0.5342130036216312,-0.3085206269010866,-0.0384408154486436,1.077966066241833,0.9984930696160192,0.8904333287787745,59.23392494213696,69.89798960267595,0,0,0.0333046928762664,0.2118149664955834,1,15653.3701171875,1,96.0199966430664,39.0,0,0.0001,0,1,35.0,1,,1,,1
2021-12-26,0.5322203250430624,0.5160278017727662,0.5273018379368148,0.5211921308664526,-0.2234462836122775,-0.0316643607173987,1.0849571916736789,1.0191704048071368,0.9134833475433736,61.53726756543601,74.04961321624171,0,0,0.0228534146553083,0.076109311296669,1,15653.3701171875,1,96.0199966430664,37.0,0,0.0001,0,1,35.0,1,,1,,0
2021-12-27,0.5270548059242738,0.5388698146936515,0.5545548130114447,0.5326150188803093,-0.0756238559950858,-0.0264063893252737,1.0622637763603189,1.008585526446248,0.908013859980238,59.80081980119456,68.44375545623873,0,0,-0.4092866622437611,0.0537060782577381,0,15871.259765625,0,96.08999633789062,40.0,0,0.0001,0,1,35.0,1,,1,,0
2021-12-28,0.4338370477039951,0.500502625200957,0.4586100649123017,0.5288651068116588,0.3249971293995981,-0.0294221430005794,0.8916167603645734,0.8407766448240693,0.7548950061945434,37.66825948716365,24.257444528263235,0,0,-0.0491765899732611,0.0906468994276545,0,15781.7197265625,0,96.1999969482422,41.0,0,0.0001,0,1,35.0,1,,1,,0
2021-12-29,0.3988862353633937,0.4235524442769693,0.4208972942879877,0.4355071651618513,0.1762429839178154,-0.0342377168873134,0.8431631227240438,0.7862603137886566,0.7025070037720172,32.46942859291599,18.338800754721305,0,0,-0.1953651100993551,0.0920515902766818,0,15766.2197265625,0,95.93000030517578,27.0,0,0.0001,0,1,35.0,1,,1,,1
2021-12-30,0.4212902381499914,0.4163453874777243,0.4165067943164151,0.4008868275311039,0.0282990220091974,-0.0358332151017802,0.9057765439834174,0.8409856412057807,0.7495490132706089,38.72451280632273,32.42973685614557,0,0,-0.2138645784612906,0.1078624194523621,0,15741.5595703125,0,95.97000122070312,22.0,0,0.0001,0,1,35.0,1,,1,,0
2021-12-31,0.394662559262568,0.4341562095004059,0.4090321451657965,0.4216225620237523,0.480906859178586,-0.038799038912091,0.8687723612729504,0.8004105094851611,0.7104716422478,34.35994900058192,25.46613970641488,0,0,-0.2660911782621357,0.1089234589297012,0,15644.9697265625,0,95.66999816894533,28.0,0,5.6326666666666664e-05,0,1,35.0,1,,1,,1
2022-01-01,0.4368293950195224,0.4147628007909051,0.423602438959624,0.3954228199636596,-0.0642589802659901,-0.037316799570189,0.9673097979465154,0.8934782291755035,0.7930237408500904,45.569384399978695,48.717038621238466,0,0,-0.2113417827674554,0.1511923903924477,1,15644.9697265625,1,95.66999816894533,21.0,0,0.0001,0,0,41.0,1,,1,,0
2022-01-02,0.426394542842299,0.4163887122412406,0.4412800838109959,0.4372501391840862,0.0839563111105058,-0.0365626481276205,0.9523783501967892,0.8804744761094891,0.780999565901386,43.45066030845016,44.17057983280604,0,0,-0.2070417301191771,0.0733475384547578,1,15644.9697265625,1,95.66999816894533,29.0,0,0.0001,0,1,41.0,1,,1,,0
2022-01-03,0.399295763456343,0.4052470859292724,0.4095300744849863,0.426943370301406,0.309213943067484,-0.0377168463714664,0.9069414573942006,0.8353762325850501,0.7391512240357687,38.13737243995006,33.38307729736755,0,0,-0.1781652967210353,-0.1716485549581723,0,15832.7998046875,0,96.23999786376952,29.0,0,0.0001,0,1,41.0,1,,1,,0
2022-01-04,0.3821725490594513,0.4021157270052077,0.4069334077060156,0.3999167716755139,0.7237821936608055,-0.0395572655586025,0.886035307948412,0.8116030061907341,0.7156641913432837,35.01552893560509,27.686324035498316,0,0,-0.3484630818608336,-0.1689507287302593,0,15622.7197265625,0,96.29000091552734,23.0,0,0.0001,0,1,41.0,1,,1,,0
2022-01-05,0.311040430877522,0.3877633717417031,0.3150629580615262,0.3828247431115879,0.4754916073209631,-0.0462227513800327,0.7534476187970087,0.677580606729372,0.5921567484382999,25.14826504892187,14.23320587963552,0,1,-0.1684842315362299,-0.1083690510645001,0,15100.169921875,0,96.19000244140624,24.0,0,0.0001,0,1,41.0,1,,1,,0
2022-01-06,0.2985747632533568,0.2921713317322468,0.3103148333239875,0.3115276067159582,0.1832303773565946,-0.0519126553368698,0.7554145120721035,0.667715102412672,0.5782106299972909,23.792531293207347,12.781952042539372,0,1,-0.4151773162364818,-0.1098329052103683,0,15080.8603515625,0,96.25,15.0,0,0.0001,0,1,41.0,1,,1,,0
2022-01-07,0.2496062052276951,0.2742827834400591,0.2615505585103765,0.2989431337964166,2.558463835518366,-0.0596852838026853,0.6694725293607653,0.5770903031388768,0.49337523442524,19.120417335625778,8.332166380004665,0,1,-0.3749964803853848,-0.0712445070807688,0,14935.900390625,0,95.73999786376952,18.0,0,0.0001,0,1,41.0,1,,1,,1
2022-01-08,0.2549837673013704,0.2464909456402566,0.2489507237276681,0.2503056143517724,0.089006348737581,-0.0646657964944962,0.7188546935227254,0.6080102103162333,0.5140023584221843,21.084020629348245,12.778210368257705,0,1,-0.3482678813504145,-0.1731035123317126,1,14935.900390625,1,95.73999786376952,10.0,0,0.0001,0,1,41.0,1,,1,,1
2022-01-09,0.2604108498175205,0.2595661009646545,0.2696582180738514,0.2555986181006583,-0.2089273885115269,-0.0673980457646323,0.76546163263482,0.6388896679151437,0.5349075736238013,23.253727387317213,18.121935194989817,0,1,-0.3598290102772372,-0.1711897589242461,1,14935.900390625,1,95.73999786376952,23.0,0,0.0001,0,1,41.0,1,,1,,0
2022-01-10,0.2576511889184417,0.2456055471533285,0.2217181565880526,0.2609601188431609,0.2666532329308682,-0.068990771893986,0.7867186174505032,0.6498272139933984,0.539193140409845,22.88456624734539,17.399204472175413,0,1,-0.3574728060846613,-0.2668487206415273,0,14942.830078125,0,95.98999786376952,23.0,0,8.174e-05,0,1,41.0,1,,1,,1
2022-01-11,0.2855897872782256,0.2697016299905219,0.2718224309918033,0.2581886159220048,0.0125117178652886,-0.0672236945262435,0.8895404401484657,0.7355312814767587,0.6072420154601648,34.948232265531416,46.30536754431501,0,0,-0.512185361102027,-0.253465858920915,0,15153.4501953125,0,95.62000274658205,21.0,0,9.131333333333336e-05,0,1,41.0,1,,1,,1
2022-01-12,0.3226514830583005,0.3037929353701085,0.3066903597702756,0.2863754867934254,0.3280575098093514,-0.0621166616599292,1.0042091937855309,0.8415186281988328,0.6945971638540404,47.51542471901772,66.8339621796933,0,0,-0.4329991322843927,-0.3959060133760966,0,15188.3896484375,0,95.0,22.0,0,-1.6300000000000007e-06,0,1,41.0,1,,1,,0
2022-01-13,0.2811822292452219,0.3080927713849977,0.3041420403611604,0.3231738856218882,0.95240098116918,-0.060715631522864,0.8922815416910421,0.7481376990474843,0.6148392386167211,38.030042867255624,42.558969080794654,0,0,-0.4129651312419563,-0.35917865916461,0,14806.8095703125,0,94.79000091552734,21.0,0,-1.1956666666666669e-05,0,1,41.0,1,,1,,1
2022-01-14,0.2967043224442133,0.2800873624609781,0.2896994176369763,0.2819975265063015,-0.1084856790866042,-0.0576878126529034,0.950083306251805,0.8019452604768655,0.6578408449206778,42.94881647626201,51.373474483810305,0,0,-0.3967291145365548,-0.4676032238320307,0,14893.75,0,95.16999816894533,21.0,0,-5.0776666666666664e-05,0,1,41.0,1,,1,,1
2022-01-15,0.2990778432183551,0.2914485478726089,0.311045510282984,0.297364600291958,-0.3375267284693166,-0.0544688382325992,0.9639591889970176,0.820000851323831,0.671981290580849,43.73675274181323,52.84867518218075,0,0,-0.5136962868829762,-0.4882853918089168,1,14893.75,1,95.16999816894533,23.0,0,4.9810000000000006e-05,0,1,41.0,1,,1,,0
2022-01-16,0.2971374771579097,0.2827961581766547,0.3117292975817689,0.2995073389981917,-0.3581714612071219,-0.0514809092615977,0.963977687170075,0.8260198865875243,0.6764385938169224,43.174294582686095,51.15701761108289,0,0,-0.5107114718122042,-0.5265236267702745,1,14893.75,1,95.16999816894533,21.0,0,3.453333333333333e-05,0,1,41.0,1,,1,,0
2022-01-17,0.2707649180440077,0.2750588720222888,0.2802986481435733,0.297860189167375,-0.1914824460904927,-0.0506570561308781,0.8951632098821979,0.7667515546593463,0.6258152072616141,35.92831581940753,32.37628012066075,0,0,-0.5072833556495978,-0.5255723395421075,1,14893.75,1,95.16999816894533,22.0,0,6.132666666666667e-05,0,1,41.0,1,,1,,1
2022-01-18,0.2745858676548264,0.2556722731672161,0.2713392002448561,0.2713420673529811,-0.1595285677013528,-0.0491294936677034,0.92085813223487,0.7905977343985486,0.6438716425966087,37.67690490119199,36.85452108770467,0,0,-0.502231982674281,-0.5236687468238741,0,14506.900390625,0,95.7300033569336,24.0,0,9.999333333333336e-05,0,1,41.0,1,,1,,0
2022-01-19,0.2553010561123122,0.2539861297285775,0.2666962735532843,0.2751290919042357,-0.1298611571384014,-0.0489111947251009,0.8755562388811274,0.749786211279078,0.6082239660139229,32.509998777598355,25.493439836028372,0,0,-0.7424418090240298,-0.5199004846496833,0,14340.259765625,0,95.51000213623048,24.0,0,8.324333333333332e-05,0,1,41.0,1,,1,,0
2022-01-20,0.2228012073583012,0.2820812408729941,0.2489677303401801,0.2558827493581513,-0.2490663605923088,-0.0507753507849192,0.7928733111771918,0.6715326576283994,0.5407468020565412,25.66578269528347,15.060978843189588,0,1,-0.6872968301179083,-0.6119149681759863,0,14154.01953125,0,95.73999786376952,24.0,0,0.0001,0,1,41.0,1,,1,,0
2022-01-21,0.0937958009827785,0.2113715870646029,0.0971669500099341,0.2239765155999021,0.7465414937413563,-0.0619482650066429,0.3719053540046359,0.2985685146174004,0.2347562826324558,13.06657843237511,4.757360969993357,0,1,0.1423617837510149,-0.1539329977728864,0,13768.919921875,0,95.63999938964844,19.0,0,7.583e-05,0,1,41.0,1,,1,,0
2022-01-22,0.0502024185034439,0.0799696927227466,0.0523184477272044,0.0948140975255203,0.6014628752063071,-0.073473544380913,0.2270304771651254,0.1704088193867778,0.1301100864755197,10.96738582013107,3.636460969582828,0,1,0.1836836264038983,-0.238871347760276,1,13768.919921875,1,95.63999938964844,13.0,0,4.357e-05,0,1,41.0,1,,1,,1
2022-01-23,0.0882816102184194,0.0722900555084525,0.0658683447703136,0.0513050219792444,-0.0011123825002213,-0.078628360000233,0.4398933019598779,0.31606237581243,0.2359357243530331,23.374696999161387,24.386015524855736,0,1,0.3074144084906491,-0.157407531052642,1,13768.919921875,1,95.63999938964844,11.0,0,2.3903333333333335e-05,0,1,41.0,1,,1,,1
2022-01-24,0.0998140263230752,0.0967629111535695,0.0160835517301806,0.0888308731998436,0.6957124539066716,-0.0808510187021751,0.5390413686418636,0.3752117427010376,0.2746540955297742,26.932901466866056,30.434688308148708,0,1,0.3293355778929612,-0.1400644594495017,0,13855.1298828125,0,95.91999816894533,13.0,0,4.6979999999999994e-05,0,1,41.0,1,,1,,1
2022-01-25,0.1089683872516275,0.1026857233367132,0.0967938978169036,0.1004111610997284,0.0169350183514864,-0.0809407764293145,0.6282544623050926,0.4283566823354723,0.3083090433244404,29.91379769738738,35.864709187914045,0,1,0.2871739105121033,-0.139141205008068,0,13539.2900390625,0,95.9499969482422,12.0,0,2.706e-05,0,1,41.0,1,,1,,0
2022-01-26,0.1058561169368537,0.1441900249063512,0.1153119122779743,0.10944488829617,0.2323531239125573,-0.08033696970014,0.6492337329509874,0.4349332419340145,0.3079632513369728,29.442605146182203,34.63906900537124,0,1,0.1906245155928267,-0.1388039884454716,0,13542.1201171875,0,96.48999786376952,23.0,0,-1.7863333333333332e-05,0,1,41.0,1,,1,,1
2022-01-27,0.1145961767177604,0.0937813690269216,0.0921246108759383,0.1061261254225307,-0.0440757928263803,-0.078251167981653,0.736509177423295,0.4900521666916814,0.3423396720656407,32.868981767452226,42.05381616662968,0,0,0.1872948255323305,-0.2380149276239125,0,13352.7802734375,0,97.26000213623048,20.0,0,-7.536333333333334e-05,0,1,41.0,1,,1,,1
2022-01-28,0.1343328772136543,0.1179641013911476,0.1102181888790316,0.1148804946711391,-0.1673763612338955,-0.07415080399762,0.8818961110984999,0.5931502835072872,0.4109486654244182,40.40913704964662,56.80711689234298,0,0,0.2046010939152052,-0.2243462749341863,0,13770.5703125,0,97.2699966430664,24.0,0,3.184e-05,0,1,41.0,1,,1,,1
2022-01-29,0.1451420562054412,0.1367012984386087,0.1473913639835015,0.1348067951782461,-0.3893162606087219,-0.0692309740165101,0.959819571520087,0.6583927892226251,0.4539127006145143,44.358456707945045,63.5785222415353,0,0,0.2191860561240868,-0.2344257998036136,1,13770.5703125,1,97.2699966430664,24.0,0,3.7233333333333334e-06,0,1,41.0,1,,1,,0
2022-01-30,0.1384039348905632,0.1273858872261868,0.1483628059853461,0.1461467469367656,-0.5015317522127029,-0.0651249633496876,0.9273503092554184,0.6456261967586344,0.4426861443008492,42.340141726240496,56.24914018628554,0,0,0.2161197281783001,-0.2400516986257528,1,13770.5703125,1,97.2699966430664,29.0,0,8.392000000000001e-05,0,1,41.0,1,,1,,1
2022-01-31,0.155679290405902,0.1388353659228157,0.1264656990939505,0.1390704346990204,-0.2335494325858958,-0.0597877475627804,1.0362295694343266,0.7412450933351318,0.5079421674791949,49.18050179232995,68.61666781608335,0,0,0.2400248819747979,-0.2750005805040676,0,14239.8798828125,0,96.54000091552734,20.0,0,-1.363333333333333e-05,0,1,41.0,1,,1,,1
2022-02-01,0.1636261878226379,0.1528983023731286,0.1693834649533569,0.1562233229611074,-0.2531813836240321,-0.0542908858553184,1.0743938735088474,0.7920443116132035,0.5438115272957608,52.19096869308472,73.2539661516018,0,0,0.2456214423970819,-0.2672374450494353,0,14346.0,0,96.38999938964844,26.0,0,-1.3809999999999998e-05,0,0,35.0,1,,1,,0
2022-02-02,0.1089372430697337,0.1444667633009527,0.1295492408939781,0.164225657272832,-0.3030415398316563,-0.0537281791319792,0.7480635298899396,0.5464517018864612,0.3713429405249069,35.49476766118141,31.094700634718947,0,0,0.3423886833191911,-0.206904100077281,0,14417.5498046875,0,95.94000244140624,28.0,0,3.216e-05,0,1,35.0,1,,1,,1
2022-02-03,0.1150961541972061,0.0939700489590916,0.1153315913581667,0.1092704238281084,-0.3278395969658431,-0.0521837159495992,0.816697123962711,0.5960056363460717,0.4019149005938943,38.06919895271897,36.575711082200954,0,0,0.3322961983868284,-0.2012608989154528,0,13878.8203125,0,95.37999725341795,20.0,0,-2.693666666666667e-05,0,1,35.0,1,,1,,1
2022-02-04,0.2478641595898842,0.2254160899434469,0.1376626098202249,0.1155165381832925,0.1482174065150109,-0.039787800308722,1.5749366212295826,1.2571203463660348,0.8701279130852865,68.92136634748023,80.70048927079206,0,0,0.3080351331686584,0.1978049046431405,0,14098.009765625,0,95.4800033569336,20.0,0,9.636666666666669e-06,0,1,35.0,1,,1,,0
2022-02-05,0.2460401367376631,0.2350157538725977,0.2603269327401402,0.2484731407734184,-0.2811470663264667,-0.029767984460819,1.438659901309821,1.2253706024153077,0.8683653326782549,68.38135679013354,79.68499134859587,0,0,0.1502754092284167,0.1957071017359693,1,14098.009765625,1,95.4800033569336,33.0,0,9.152333333333336e-05,0,1,35.0,1,,1,,1
2022-02-06,0.275710041362191,0.2546618316636353,0.2667582262131494,0.2466292112518811,-0.4356029051955112,-0.0192116351004106,1.473388809302346,1.3362051870143383,0.9741095484464076,72.4349497584896,84.04056211253653,1,0,0.1220032283697568,0.1669572935498912,1,14098.009765625,1,95.4800033569336,37.0,0,0.0001,0,1,35.0,1,,1,,1
2022-02-07,0.3193274084413749,0.3118030853467288,0.2824081969498797,0.2761293389434232,0.1143255472314188,-0.0072426069159914,1.5391863515381548,1.4872658905163714,1.122569543632503,77.35863904993212,88.76295575759926,1,0,0.1524204341669431,0.2009530176181147,0,14015.669921875,0,95.4000015258789,45.0,0,-9.586666666666667e-06,0,1,35.0,1,,1,,1
2022-02-08,0.3278245197382359,0.3386143041088939,0.3153619100143259,0.3203606162412099,0.3095558074569202,0.0028952058893969,1.450667084891915,1.4694937554007628,1.1455920333876402,78.23261189412796,89.56498168427214,1,0,0.1537760399297575,0.2014533871353098,0,14194.4501953125,0,95.63999938964844,48.0,0,0.0001,0,1,35.0,1,,1,,1
2022-02-09,0.3345557201238042,0.321599882820443,0.3285826076295249,0.3277550695677733,-0.1230707715854596,0.0113419047746395,1.3785562732677834,1.4461416714210047,1.161411991454267,78.97445454900483,90.29649917314131,1,0,0.1413020712769619,0.2012545534094002,0,14490.3701171875,0,95.48999786376952,54.0,0,6.387333333333332e-05,0,1,35.0,1,,1,,0
2022-02-10,0.3109215818155821,0.3496544870721411,0.3338642540967248,0.3354258975236326,0.2683169616732415,0.0159450919590068,1.2280487419376396,1.3105874707661254,1.0760169677527074,69.3932934962469,67.98492895336732,0,0,0.2001366997035497,0.1993675355791311,0,14185.6396484375,0,95.5500030517578,50.0,0,6.067000000000001e-05,0,1,35.0,1,,1,,0
2022-02-11,0.2755726967133027,0.2940382885470782,0.2938018984780783,0.311699207198224,0.0401088431915567,0.0165500131128563,1.0738219413559855,1.147846940427547,0.9554192162178335,57.3796839701215,45.543160645444715,0,0,0.2843549693116577,0.1963914031370097,0,13791.150390625,0,96.08000183105467,50.0,0,-2.9953333333333337e-05,0,1,35.0,1,,1,,0
2022-02-12,0.2705791268899511,0.2694429729335397,0.2856553666574332,0.2762979561071517,-0.3471598129725637,0.0164370025994754,1.0456183814323727,1.1165395099754172,0.9403888660227284,55.8049328897368,42.87725055755664,0,0,0.2928179568129961,0.1651165102250083,1,13791.150390625,1,96.08000183105467,44.0,0,0.0001,0,1,35.0,1,,1,,0
2022-02-13,0.2691448239536893,0.2604409324360908,0.2887143703451222,0.2709294147329011,-0.4972184449525458,0.0160467280017747,1.0337024169057394,1.1015942693729053,0.9377795546388716,55.301928578488166,41.93711732862443,0,0,0.2863022683897659,0.1599576241051146,1,13791.150390625,1,96.08000183105467,44.0,0,7.599333333333332e-05,0,1,35.0,1,,1,,1
2022-02-14,0.2810401115416372,0.262927351181307,0.2803495465053056,0.268510898061079,-0.2294555740693926,0.0165070004407711,1.066364381361069,1.1376171273304585,0.9800246122331052,58.8511928165499,53.26770381131784,0,0,0.2830387177158602,0.1630024713414827,0,13790.919921875,0,96.37000274658205,46.0,0,6.343e-05,0,1,35.0,1,,1,,1
2022-02-15,0.3417773518794254,0.3197789512286425,0.3055101008619448,0.2816185257193224,-0.1461342593775804,0.0215246347667512,1.2401894072114124,1.3452614629851771,1.1829249834094642,71.96601487586422,79.93059233297339,1,0,0.3684324003760545,0.2314898430544786,0,14139.759765625,0,95.98999786376952,46.0,0,2.5673333333333337e-05,0,1,35.0,1,,1,,0
2022-02-16,0.3230412029742598,0.3171056137205049,0.3355398913323686,0.3424667679371546,-0.2750008838033866,0.0237159132033121,1.1419492189424074,1.2464458111262462,1.1129239557027228,64.6337569531354,64.73852470367999,0,0,0.1897331678204435,0.2238115550061334,0,14124.08984375,0,95.6999969482422,51.0,0,0.0001,0,1,35.0,1,,1,,0
2022-02-17,0.2184510453080216,0.3037209622534811,0.2357992673205536,0.3228784177539536,0.0089487247751239,0.016819085575353,0.8002668609784667,0.8528124955639433,0.759968960714286,39.02417800032143,26.810580765515212,0,0,0.6757472906955112,0.4313748589473449,0,13716.7197265625,0,95.8000030517578,52.0,0,0.0001,0,1,35.0,1,,1,,0
2022-02-18,0.2029623634919048,0.2074228107866073,0.2167750631856446,0.2194713466103476,-0.1202497863415304,0.0099883532937534,0.7740689422219174,0.804724208489697,0.7143186942832528,36.549620996923856,24.03070497789361,0,0,-0.056979942846967,0.4295521985901898,0,13548.0703125,0,96.04000091552734,30.0,0,-1.4323333333333334e-05,0,1,35.0,1,,1,,1
2022-02-19,0.2057476795599767,0.1920853748567021,0.219121125381671,0.2033991356552138,-0.5414349169741692,0.0047450030353235,0.8115746132811354,0.8270543675259593,0.732041295547278,37.37362422180888,25.87355960621467,0,0,-0.05536660836094,0.4109469599522882,1,13548.0703125,1,96.04000091552734,25.0,0,6.223666666666667e-05,0,1,35.0,1,,1,,0
2022-02-20,0.1540985740168287,0.1830985978260747,0.1693569832281596,0.2062120470376677,-0.3388805397069136,-0.0035372655926469,0.6468708017742149,0.6374061884852468,0.5581637078318751,29.246969766025956,16.173365294401705,0,1,-0.0031915905852906,0.0750174192299041,1,13548.0703125,1,96.04000091552734,27.0,0,6.956666666666665e-06,0,1,35.0,1,,1,,0
2022-02-21,0.1126731129805894,0.1612934439474996,0.1332108860436091,0.1544345251661395,0.1424184972301301,-0.0132905069582766,0.5147090442984836,0.4852480850351299,0.4178136025810105,24.347459387940432,11.544742534806376,0,1,-0.0875687780976325,0.0637646529596684,1,13548.0703125,1,96.04000091552734,25.0,0,-4.903333333333335e-06,0,1,35.0,1,,1,,1
2022-02-22,0.1496584398855223,0.1301967133470008,0.1188579124625239,0.113057448379363,-0.02420214646925,-0.0178300801616297,0.7186380234274111,0.661962485335196,0.5648198118432555,35.48179045425357,34.02231134189742,0,0,0.0292983357444164,0.0573950400696635,0,13381.51953125,0,96.02999877929688,20.0,0,-1.9883333333333333e-05,0,1,35.0,1,,1,,0
2022-02-23,0.1194329516943359,0.1531165699486756,0.1410270036783074,0.1502208860640504,-0.184523755423783,-0.0235946840921961,0.6137725922916494,0.5473981591368583,0.4606695444039466,31.157673740249464,26.644655482997138,0,0,0.0264048454687424,0.080898231738603,0,13037.490234375,0,96.19000244140624,25.0,0,-6.186000000000001e-05,0,1,35.0,1,,1,,1
2022-02-24,0.1510814068168803,0.1485011324044317,0.0557382345517544,0.1194665712594253,0.8948847017821865,-0.0253175632976255,0.8040739601643576,0.7085955260088359,0.592436113675593,39.992969902954336,43.6915742620005,0,0,0.1259111519277954,0.1036217294391355,0,13473.58984375,0,97.13999938964844,23.0,0,-6.26e-05,0,1,35.0,1,,1,,1
2022-02-25,0.1780124133302585,0.1683835591086355,0.1693113083259846,0.151701447387744,0.022100466940381,-0.0242305357931468,0.9551327362074032,0.8452427958414463,0.7064057054073384,46.70837909456305,55.44039482719198,0,0,0.1616703618442056,0.118378964659748,0,13694.6201171875,0,96.62000274658205,27.0,0,5.739333333333333e-05,0,1,35.0,1,,1,,0
2022-02-26,0.1746805824994513,0.1796557467675689,0.1876960638304436,0.1785644408250503,-0.3772892666825548,-0.0233685316802078,0.946391154264686,0.8400366907035473,0.7016259822814543,45.97393242573642,53.595718899676314,0,0,0.1619952938085062,0.1179579967965046,1,13694.6201171875,1,96.62000274658205,26.0,0,8.982e-05,0,1,35.0,1,,1,,0
2022-02-27,0.132055652818012,0.1728505887908614,0.1431155371705811,0.175070139488676,-0.1140851933541138,-0.0258271435699549,0.7482097880353045,0.6526983698662928,0.5403686078841141,37.313167897246885,34.19049597390152,0,0,0.2181448890444461,0.1560699926303426,1,13694.6201171875,1,96.62000274658205,26.0,0,2.2496666666666664e-05,0,1,35.0,1,,1,,1
2022-02-28,0.2995615923118331,0.2925241526383891,0.1508663008229119,0.132524317831725,0.424410153326806,-0.0140967828564894,1.532843113344826,1.4297141168034977,1.2150399408171508,66.19195961938462,77.2844746712417,0,0,1.2334829973809052,0.6990823367713734,0,13751.400390625,0,96.70999908447266,20.0,0,-0.0001184633333333,0,1,35.0,1,,1,,1
2022-03-01,0.3350395885436495,0.3235776758866548,0.3198633173946373,0.3001936215945133,0.2831432798431225,-0.0019155286624159,1.5446208774770729,1.5310995954790554,1.3400777560913315,69.61306442786136,80.82956669399493,0,0,1.1727027766289426,0.709190733492846,0,13532.4599609375,0,97.41000366210938,51.0,0,8.123e-05,0,0,30.0,1,,1,,0
2022-03-02,0.3218882716123495,0.3321132413557832,0.3347985245026503,0.3357257807030025,0.138138204044401,0.0066009104941182,1.381149481601622,1.4214080327510283,1.2731230296092817,66.72508825872143,75.04123267085654,0,0,1.1684230704001597,0.7122825223456667,0,13752.01953125,0,97.38999938964844,52.0,0,6.497666666666666e-05,0,1,30.0,1,,1,,0
2022-03-03,0.2769122545138414,0.3003727446892684,0.2875888970242407,0.3225156462198174,-0.0473157714587575,0.0096102798596799,1.1547392183952578,1.202947823565231,1.0911600381503166,57.33848015178351,56.56922664197945,0,0,0.9065441102325844,0.7510389577930165,0,13537.9404296875,0,97.79000091552734,39.0,0,0.0001,0,1,30.0,1,,1,,0
2022-03-04,0.1756720652862566,0.2540254625084636,0.1909088558855622,0.2776983258285625,0.1088004413923283,0.0037823885711284,0.7639961845046832,0.7767737814145418,0.7006846300242388,41.99466100678309,32.53355330145554,0,0,1.2131396168589133,0.8714547629941091,0,13313.4404296875,0,98.6500015258789,33.0,0,0.0001,0,1,30.0,1,,1,,1
2022-03-05,0.1837054743193644,0.166460244877848,0.1900128503577887,0.1765899612843205,-0.3989188842506751,-0.0001858855192111,0.824435948770774,0.8237487614215733,0.7404879230940885,43.381856775147625,35.43592258880652,0,0,1.2154691395005963,0.8717247823924458,1,13313.4404296875,1,98.6500015258789,22.0,0,7.218666666666667e-05,0,1,30.0,1,,1,,0
2022-03-06,0.1537504990030953,0.1686796703649719,0.1724305640122874,0.184402914535297,-0.2770826343898436,-0.0056823844981913,0.7245590934456478,0.7056624400891722,0.629125639425289,39.334593595277774,29.192248777708546,0,0,1.162031869329761,0.5508300271399552,1,13313.4404296875,1,98.6500015258789,22.0,0,1.704e-05,0,1,30.0,1,,1,,0
2022-03-07,0.1428161466518958,0.162369166124563,0.1428427025155676,0.1546206842428673,0.1101146671355337,-0.0107962578516397,0.7086789606092666,0.6726434725110257,0.5940662849046763,37.84742023453668,26.88659006586765,0,0,1.1049968276985345,0.5520719473192657,0,12830.9599609375,0,99.29000091552734,23.0,0,-3.9473333333333334e-05,0,1,30.0,1,,1,,1
2022-03-08,0.1634427831959296,0.1585884053928867,0.1645235824764538,0.1433357448781756,-0.0117324748185815,-0.0130343898104967,0.8353162949642056,0.7831465235528149,0.68850977235172,42.57331388011362,39.00383972797682,0,0,1.0733735983996489,0.5444996955211318,0,12795.5498046875,0,99.05999755859376,21.0,0,7.792666666666667e-05,0,1,30.0,1,,1,,1
2022-03-09,0.26258962996005,0.2536064216385728,0.1878067282875751,0.1641982107422888,0.2745674590594585,-0.0067302217764463,1.2749438254534389,1.2346007150749283,1.1015836578519351,59.60756971399685,70.4214491560735,0,0,1.288465026472967,0.702776812765528,0,13255.5498046875,0,97.97000122070312,22.0,0,8.925333333333334e-05,0,1,30.0,1,,1,,0
2022-03-10,0.1848319152277098,0.2397516553934479,0.1917514120597268,0.2629103738373677,0.2215068593394296,-0.0079172557252665,0.911800191582203,0.8775267472798693,0.7822747162827326,46.993397792693386,45.76954195973428,0,0,1.4613814962437552,0.7980063393854664,0,13129.9599609375,0,98.51000213623048,28.0,0,3.120333333333333e-05,0,1,30.0,1,,1,,0
2022-03-11,0.1652054722953023,0.1819500806534012,0.1766531844232062,0.185495644449141,0.0141501652045447,-0.0103226851131066,0.8388580886458468,0.7970790774763885,0.7075547286945948,44.26525963176949,40.94572345452959,0,0,1.4532555497588096,0.799861667727209,0,12843.8095703125,0,99.12000274658205,22.0,0,-4.424e-05,0,1,30.0,1,,1,,1
2022-03-12,0.1685363485151702,0.1587133309982562,0.1898729102319759,0.1657760282502985,-0.5027239227621918,-0.0118239324266317,0.8751908175445242,0.8245623686852789,0.7297816511891675,44.891745064375925,42.32130225515723,0,0,1.453521759082692,0.7962860320854642,1,12843.8095703125,1,99.12000274658205,22.0,0,-2.3466666666666657e-06,0,1,30.0,1,,1,,0
2022-03-13,0.1363286107085777,0.1557302625249262,0.1573946534630429,0.1685334499079585,-0.3846280416683809,-0.0154346559026929,0.7412454793354138,0.6838554663020957,0.5999573456824281,39.889210785015955,32.54700372884514,0,0,1.4302291518900985,0.7969781480941625,1,12843.8095703125,1,99.12000274658205,21.0,0,-3.661e-05,0,1,30.0,1,,1,,1
2022-03-14,0.1918362536682784,0.1717552589294966,0.1559203016340587,0.1368108692388658,-0.075720059608854,-0.0136597166703124,1.0361884674136863,0.964989705544012,0.8494249651727982,50.79327740057044,55.93354480017627,0,0,0.6413646120024247,0.8624591484913546,0,12581.2197265625,0,99.05999755859376,23.0,0,-4e-05,0,1,30.0,1,,1,,0
2022-03-15,0.1818176118605792,0.1733221125043614,0.1754956414901592,0.1923472531346564,-0.0927971285579533,-0.0129126363712516,0.9847895246902864,0.9204161021065408,0.8112655416745659,48.944256697919954,51.6260162791854,0,0,0.5780313241437864,0.8633927567042746,0,12948.6201171875,0,99.06999969482422,21.0,0,6.421e-05,0,1,30.0,1,,1,,1
2022-03-16,0.2369603547887416,0.223542558096754,0.1976415308274443,0.1823063576000208,0.5971747049132692,-0.0077813132096697,1.2298300339491224,1.182091043895824,1.0549400829593336,58.531276540300965,69.0933342298394,0,0,0.721682860927585,0.9164724250383296,0,13436.5498046875,0,98.37999725341795,24.0,0,8.623666666666666e-05,0,1,30.0,1,,1,,0
2022-03-17,0.2310784001600266,0.2181948263789297,0.2486582099924622,0.2374559840806351,-0.1774613388566863,-0.0041415855952261,1.1636236001506342,1.1398514713649264,1.0275950886246137,57.20911219046583,65.71834027033157,0,0,0.6721688773678322,0.8579829052339335,0,13614.7802734375,0,98.01000213623048,27.0,0,0.0001,0,1,30.0,1,,1,,1
2022-03-18,0.2570370161053851,0.2454931845552659,0.2374483013551965,0.2314682251107817,0.3686045728024476,0.0008280231877451,1.2382685180159876,1.2432277262737514,1.136656257314688,61.62350088082194,73.3720663436933,0,0,0.2993651870427231,0.8680216796987503,0,13893.83984375,0,98.2300033569336,25.0,0,7.220666666666666e-05,0,1,30.0,1,,1,,1
2022-03-19,0.2689351675261509,0.2491243633120919,0.2778838306426771,0.2574291823551485,-0.2806188180821751,0.0056612954451455,1.23923338159371,1.2724269690536485,1.1805094334830872,63.60895417556064,76.56903219446535,0,0,0.3004062091109507,0.6949438416021012,1,13893.83984375,1,98.2300033569336,28.0,0,0.0001,0,1,30.0,1,,1,,0
2022-03-20,0.2401340781827313,0.2468583255455209,0.2592901367559282,0.26954980890851,-0.2602449614864709,0.007086008229729,1.0886791361195216,1.124814175881083,1.0518541041420522,55.57788015237861,55.18499511390327,0,0,0.2908738852760972,0.705299663738427,1,13893.83984375,1,98.2300033569336,31.0,0,0.0001,0,1,30.0,1,,1,,0
2022-03-21,0.2349462450332372,0.2232106363990288,0.248819043956504,0.2406724787948156,-0.0628125847616437,0.0077076397244746,1.0545876769874574,1.092380517624811,1.0279556647077908,54.15675285093343,51.716197599586486,0,0,0.2828733572916423,0.7059395501142254,0,13838.4599609375,0,98.5,30.0,0,2.9843333333333336e-05,0,1,30.0,1,,1,,1
2022-03-22,0.2740719289903938,0.2734152314681838,0.2575338395866562,0.2354171841922411,0.2622722002778903,0.0112279737784846,1.188128941932396,1.24891931233448,1.189849403057559,62.500801689148,70.41580204370342,0,0,0.3131667759136841,0.6725121012948717,0,14108.8203125,0,98.48999786376952,26.0,0,0.0001,0,1,30.0,1,,1,,1
2022-03-23,0.2903888551226997,0.2664660098469383,0.2864307467121755,0.2748339820345256,-0.0352100516864906,0.0151597512754743,1.21064993827738,1.2923276078299228,1.2479296955512604,65.52064820109095,75.65789014437378,0,0,-0.0875614422880092,0.6297152334990678,0,13922.599609375,0,98.62000274658205,31.0,0,9.004666666666667e-05,0,1,30.0,1,,1,,1
2022-03-24,0.3230129226251838,0.3036873826264739,0.3128220939114667,0.2907890082375139,0.2199638438074488,0.0206699327473827,1.278477291963951,1.3923902582479937,1.3673181393135148,70.92276174464932,83.46740479880901,1,0,-0.4412874478243838,0.6196259164075654,0,14191.83984375,0,98.79000091552734,40.0,0,5.19e-06,0,1,30.0,1,,1,,1
2022-03-25,0.3348591670761264,0.3297661898037752,0.3433017092828321,0.3237178042576096,0.1993486404221376,0.025696471261376,1.2621844492799512,1.3975476949753267,1.394631776413179,72.71392888009794,85.69011697928636,1,0,-0.5035555495668412,0.5919393648235822,0,14169.2998046875,0,98.80999755859376,47.0,0,5.143000000000001e-05,0,1,30.0,1,,1,,1
2022-03-26,0.339505377843949,0.3218462116926848,0.3576063354940619,0.335488785878399,-0.4000390641678816,0.0297124430784749,1.2269033047815543,1.3744886360988544,1.3913937289117462,73.45395808027556,86.63011476380099,1,0,-0.5043636555734133,0.5781162991331716,1,14169.2998046875,1,98.80999755859376,51.0,0,4.209333333333333e-05,0,1,30.0,1,,1,,1
2022-03-27,0.4103654319081847,0.3847125569579424,0.3660344482275838,0.3402390643189785,0.0931653785538688,0.0381729102898335,1.380407105862256,1.5837764934933347,1.6380035754398146,82.03026081314393,94.27602943701514,1,0,-0.5159632547809536,0.6283090229618649,1,14169.2998046875,1,98.80999755859376,49.0,0,1.0176666666666669e-05,0,1,30.0,1,,1,,1
2022-03-28,0.4197591615297605,0.4225633716269385,0.4360950106077033,0.4110061246768999,0.4539819874705034,0.0451158198948717,1.3278402787866197,1.548893035914461,1.6322604755571537,82.87647069263569,94.80150740342226,1,0,-0.6276352193477552,0.6261002493891695,0,14354.900390625,0,99.08999633789062,60.0,0,0.0001,0,1,30.0,1,,1,,1
2022-03-29,0.4300758806032486,0.4206232675826473,0.4488523995077547,0.4195166971346397,0.2355410562670515,0.0508642671765346,1.2889909778970776,1.5208373798473702,1.6294137221727067,83.84076283601472,95.41753299081294,1,0,-0.6749107972881759,0.5725899618499383,0,14619.6396484375,0,98.4000015258789,56.0,0,9.864666666666669e-05,0,1,30.0,1,,1,,0
2022-03-30,0.4177631893821023,0.4095880158932963,0.4378367306805364,0.4304062871267678,0.1447714077712451,0.0538061776596089,1.2053417602264642,1.4268503672022166,1.5474014637000435,77.80693460338594,80.27930487682403,1,0,-0.7607016385493943,0.0339155498363802,0,14442.26953125,0,97.79000091552734,55.0,0,0.0001,0,1,30.0,1,,1,,0
2022-03-31,0.3712090810746039,0.405286183886592,0.3956783100697895,0.4183469976025333,0.3204678410036172,0.0517841994248426,1.0594464807812634,1.2431816473077877,1.3550391599659268,59.21507157161052,44.604148957474145,0,0,-0.5816114131466343,0.0554137467173151,0,14220.51953125,0,98.30999755859376,52.0,0,0.0001,0,1,30.0,1,,1,,1
2022-04-01,0.3939049561558853,0.3783613110022486,0.3649723852762112,0.3722793087459233,0.5331938294236849,0.0514203922738905,1.1031393800952023,1.2887201378207094,1.413612214787156,64.04754999143576,57.019553070061,0,0,-0.5918957595227752,0.0589230186489755,0,14261.5,0,98.62999725341795,50.0,0,8.939666666666668e-05,0,0,23.0,1,,1,,0
2022-04-02,0.3812981254390747,0.3907460879811834,0.4078677995877448,0.3946210232735736,0.1448906447691846,0.049543697699309,1.0568049134549704,1.2250185661842017,1.3488840895495318,59.5270016078155,48.90227521478128,0,0,-0.5665949866988333,0.0162448810919389,1,14261.5,1,98.62999725341795,52.0,0,0.0001,0,1,23.0,1,,1,,1
2022-04-03,0.3991567482383109,0.3993182857706833,0.4032526908552104,0.3815957352069599,-0.0276668875765817,0.0489333718861222,1.0885003536643694,1.256118419792269,1.3896059404828385,63.71326408130758,59.73023193797358,0,0,-0.661581271130588,-0.2630883393591047,1,14261.5,1,98.62999725341795,48.0,0,0.0001,0,1,23.0,1,,1,,1
2022-04-04,0.4043226253362018,0.3836167574514447,0.3908667749627419,0.3995019710660871,0.2840556424040541,0.0483096438877465,1.0854562440482292,1.24721142222716,1.3854453277246093,64.9241771188889,62.772799097291184,0,0,-0.6777565152571825,-0.2629622993719683,0,14532.5498046875,0,98.98999786376952,52.0,0,0.0001,0,1,23.0,1,,1,,0
2022-04-05,0.3717380548613301,0.3930863296787633,0.4004757539836129,0.4049774345767146,0.1582655968653999,0.0446710918980008,0.998289189108654,1.134371337995412,1.260260249979016,52.23713836818918,38.383054748793114,0,0,-0.6365815541788591,-0.268060859344309,0,14204.169921875,0,99.47000122070312,53.0,0,0.0001,0,1,23.0,1,,1,,0
2022-04-06,0.2999741035639676,0.3461433026467885,0.3273693073025994,0.3719796642320365,0.5873408966078646,0.0355865426071227,0.8304091725148494,0.92115505063243,1.016291057237497,34.90415847374804,17.927999350101004,0,0,-0.3346803227743123,-0.1413634900516065,0,13888.8203125,0,99.5999984741211,48.0,0,9.966e-05,0,1,23.0,1,,1,,1
2022-04-07,0.309050067069132,0.2955371609889458,0.3182250947065199,0.3005906416254578,0.0025830829055648,0.0287874820735747,0.8749808210617124,0.9526223615878152,1.0451118650105702,37.910552869928544,24.69519807054563,0,0,-0.386090677725239,-0.1482151875748009,0,13897.2998046875,0,99.75,34.0,0,7.473666666666668e-05,0,1,23.0,1,,1,,0
2022-04-08,0.2718986378607651,0.2968091948315898,0.2959398726224404,0.309683199863455,0.0515946336727164,0.0201688735469243,0.7980618265738009,0.8482787051308572,0.9223898898032482,31.12182429079624,17.030892169380436,0,0,-0.3336954552613231,-0.3641151188590348,0,13711.0,0,99.8000030517578,37.0,0,8.102000000000001e-05,0,1,23.0,1,,1,,1
2022-04-09,0.287003566079293,0.263259155467749,0.2959387793402075,0.2723197605040267,-0.4396207529371166,0.0143915093050502,0.8633298044796228,0.902395231486842,0.974639720579892,36.45970201960129,28.979702803174447,0,0,-0.3181040475395679,-0.5486015232195751,1,13711.0,1,99.8000030517578,30.0,0,9.759666666666667e-05,0,1,23.0,1,,1,,0
2022-04-10,0.2694550725089539,0.2809798056249006,0.2908994771013032,0.2875641602314291,-0.3690656338325995,0.008301198696204,0.834876936534646,0.8569171472734779,0.918105203190116,33.02850981208192,23.693962051447144,0,0,-0.6199230815438935,-0.5536398687409781,1,13711.0,1,99.8000030517578,34.0,0,6.317333333333333e-05,0,1,23.0,1,,1,,0
2022-04-11,0.1874113933120003,0.2523716071727164,0.2085478714313713,0.2698440834490297,0.3478541495619101,-0.0031098076563094,0.620717162632442,0.6143890419370736,0.64774168858785,21.90692722537642,11.087549350917383,0,1,-0.3379352911486939,-0.3447569119619837,0,13411.9599609375,0,99.93000030517578,32.0,0,6.747666666666667e-05,0,1,23.0,1,,1,,1
2022-04-12,0.2059012525948327,0.1980579694239405,0.2090227203478662,0.188359510912212,0.2176984715561181,-0.0105396408654168,0.7170412754596278,0.6916549147100093,0.7197866784649369,28.194349342224015,23.343087110333755,0,1,-0.304243692378012,-0.3722451424321122,0,13371.5703125,0,100.29000091552734,20.0,0,-7.936e-05,0,1,23.0,1,,1,,1
2022-04-13,0.2376568627953107,0.2224785770480148,0.2191114073173784,0.2063791128757567,0.0724971506150561,-0.0137074143224807,0.8501741553761687,0.8104338978918323,0.836346980722469,38.07451618264114,41.73423502819316,0,0,-0.1922587677216569,-0.4384510681510905,0,13643.58984375,0,99.87999725341795,25.0,0,-8.08e-06,0,1,23.0,1,,1,,0
2022-04-14,0.2000462657251522,0.2231225779365973,0.2185827446198634,0.2380478744784364,-0.074847068594017,-0.0190333538135552,0.7483697998748307,0.6986252608961662,0.7122582060684265,32.04825773389129,30.26706363034249,0,0,-0.2015894412295525,-0.3981904030791252,0,13351.080078125,0,100.31999969482422,28.0,0,4.324666666666666e-05,0,1,23.0,1,,1,,1
2022-04-15,0.2189231004174934,0.198062078818854,0.2239031418684299,0.2007529321126246,-0.1885809018995497,-0.0214833497491839,0.842448263300143,0.7781202189634674,0.7862684393149678,37.753753406640264,41.09769591541476,0,0,-0.2050395062329623,-0.479374370840823,1,13351.080078125,1,100.31999969482422,22.0,0,-4.113666666666667e-05,0,1,23.0,1,,1,,0
2022-04-16,0.2149830630920001,0.1985417039108976,0.2304832432009188,0.2194769552491977,-0.405199925692969,-0.0234723427076311,0.8498685497537383,0.7777048552480429,0.7790799811056636,37.00545030145947,39.39488812088865,0,0,-0.202021791033133,-0.4798649326040567,1,13351.080078125,1,100.31999969482422,28.0,0,4.532333333333334e-05,0,1,23.0,1,,1,,0
2022-04-17,0.1933697168158575,0.1966495036701692,0.2162550252701892,0.2153668969667238,-0.3060136910081736,-0.0264873210223731,0.7931731097062029,0.7154424649255009,0.7090761639801131,32.88044356286022,30.23292185164219,0,0,-0.2406316331371029,-0.4888596941547066,1,13351.080078125,1,100.31999969482422,28.0,0,6.852666666666667e-05,0,1,23.0,1,,1,,1
2022-04-18,0.2272549446954923,0.2091411249168542,0.1874987871253047,0.1940871245056125,0.3370872182755849,-0.025844538605948,0.9419959432865456,0.850846183326264,0.8388139456880566,44.14377482442664,53.05535741964244,0,0,-0.1389020821888758,-0.4551297084579957,0,13332.3603515625,0,100.77999877929688,24.0,0,-8.621333333333333e-05,0,1,23.0,1,,1,,1
2022-04-19,0.2479214362462408,0.2297796802851366,0.2472824965160474,0.227904233453376,-0.0325587523873494,-0.0233978004795616,1.0233060720882277,0.9331835040554554,0.9181524887670413,50.04328437517371,62.91937039680073,0,0,-0.1094520675669868,-0.4646549012527251,0,13619.66015625,0,100.95999908447266,27.0,0,3.741e-05,0,1,23.0,1,,1,,0
2022-04-20,0.2440000138340634,0.2434058467617893,0.2579324016984546,0.2484812553998398,0.0781473176148372,-0.0215270188296085,1.0060182238303923,0.9240066780528622,0.907057860417976,48.91222214873286,59.74342294578651,0,0,-0.300532579514808,-0.4650206209187444,0,13453.0703125,0,100.38999938964844,27.0,0,7.569e-05,0,1,23.0,1,,1,,0
2022-04-21,0.2181257616304633,0.2664682406613199,0.2300292881226528,0.2445028211312318,0.4104536803442828,-0.0218800274696234,0.9134846693102502,0.8368072319043011,0.8169306310544502,41.73137792266542,41.37154368151652,0,0,-0.2868531537124903,-0.4920675767123533,0,13174.650390625,0,100.58000183105467,27.0,0,9.699999999999992e-07,0,1,23.0,1,,1,,0
2022-04-22,0.1940835271457009,0.2028723016819963,0.2067553744726095,0.2186688339238126,0.0866024946564125,-0.0238251551952615,0.8369015979463617,0.7589321580107495,0.7347564624927247,36.05604743590402,29.957970494280772,0,0,-0.3164484818661996,-0.4874338459134973,0,12839.2900390625,0,101.22000122070312,26.0,0,-4.7909999999999994e-05,0,1,23.0,1,,1,,0
2022-04-23,0.1863369786998455,0.1775671174499766,0.2078993121156469,0.1946223318512049,-0.4357822330680867,-0.0256955622045304,0.828545783369191,0.7435871597464234,0.7136739772397354,34.32077816059228,26.78357785954303,0,0,-0.3412980683548414,-0.523250643704443,1,12839.2900390625,1,101.22000122070312,24.0,0,-9.489333333333334e-05,0,1,23.0,1,,1,,0
2022-04-24,0.1858043057957296,0.1748639574758956,0.2042091201521565,0.1866689239634922,-0.3554305506998512,-0.0269106463072258,0.8488779174468252,0.7559384792500666,0.7197733712285501,34.190223921718214,26.52588097284155,0,0,-0.3453712758415838,-0.5302693706448914,1,12839.2900390625,1,101.22000122070312,24.0,0,-0.00012401,0,1,23.0,1,,1,,1
2022-04-25,0.2160163101073987,0.1942757997568653,0.1763716035103294,0.1864926695043082,0.4136628685038831,-0.0251458868265579,0.9888985143819388,0.886812985840966,0.8421991543252106,47.30764111253368,57.47063964751554,0,0,-0.6972391851121252,-0.4944108854766182,0,13004.849609375,0,101.75,23.0,0,-3.176333333333333e-05,0,1,23.0,1,,1,,0
2022-04-26,0.1445091491527014,0.2009526272009892,0.1622720284556725,0.21630306232373,0.3750948866078188,-0.0291809526449102,0.6978854361618659,0.6116838475354542,0.5732230489585151,30.632779774610867,24.67491886600783,0,0,-0.3687624405837238,-0.5009038709647942,0,12490.740234375,0,102.3000030517578,27.0,0,0.0001,0,1,23.0,1,,1,,1
2022-04-27,0.1788342140226076,0.1613980574008682,0.1657651866656314,0.1451808677271279,0.2172371531847817,-0.0292716007164482,0.8821577469763388,0.7708530011799051,0.7175578627021298,41.96315889065121,44.82626631990557,0,0,-0.3491501777209577,-0.4498826807337385,0,12488.9296875,0,102.9499969482422,21.0,0,-7.235333333333334e-05,0,1,23.0,1,,1,,1
2022-04-28,0.1951071087253393,0.1875943932726949,0.1951249166030835,0.179430438530059,0.3458212553867359,-0.0277109191356239,0.968024395055582,0.8510195900185368,0.7895752680364531,46.72339049634694,52.80686536845147,0,0,-0.4025392691053591,-0.4403913713885692,0,12871.5302734375,0,103.62000274658205,24.0,0,-4.199999999999998e-06,0,1,23.0,1,,1,,0
2022-04-29,0.1595496411328281,0.1761066384977291,0.1731733885516496,0.1955355853218447,0.2129247274109664,-0.0290088621023508,0.8178259444945583,0.7119610475386301,0.6547765209798104,38.71695167986172,37.15096719938233,0,0,-0.35845141371819,-0.4156406730287829,0,12334.6396484375,0,102.95999908447266,23.0,0,7.542666666666667e-05,0,1,23.0,1,,1,,0
2022-04-30,0.1322111350747465,0.1425609433513682,0.1564554025491675,0.1600142854928312,-0.0944815759689412,-0.0318760331481251,0.7130502080013421,0.6084482131641485,0.5524924884829376,33.60792060650549,28.491585107641058,0,0,-0.3251695991800301,-0.4343031073300601,1,12334.6396484375,1,102.95999908447266,20.0,0,3.6366666666666673e-06,0,1,23.0,1,,1,,1
2022-05-01,0.1552506700941671,0.1382521840789526,0.1529677107503732,0.1327462767309004,0.0422133205161578,-0.0319212209670757,0.8588040029180052,0.7299158838893127,0.6578323567413151,41.158310210967905,43.333253530181146,0,0,-0.2940907858052105,-0.4263367135185055,1,12334.6396484375,1,102.95999908447266,22.0,0,4.166e-05,0,0,36.0,1,,1,,1
2022-05-02,0.1570906826796212,0.1516911969701175,0.1707175122291173,0.1559307190789686,0.3026592880623629,-0.0314460683002677,0.8868584501894413,0.7531518667340322,0.6744729971724897,41.76855718181525,44.55856322654752,0,0,-0.3771561066119988,-0.4241503236209588,0,12536.01953125,0,103.73999786376952,28.0,0,9.666666666666668e-05,0,1,36.0,1,,1,,0
2022-05-03,0.133297959629112,0.1383164080508859,0.1529624872908159,0.1576390866061707,0.0564757982969392,-0.0326134329408403,0.7823201682991273,0.6566355982119112,0.5820808740271258,36.171516362476055,32.458084123901585,0,0,-0.4009452247718157,-0.4316181188668552,0,12563.759765625,0,103.47000122070312,27.0,0,0.0001,0,1,36.0,1,,1,,1
2022-05-04,0.1928020812860906,0.1765779273886626,0.1575163722183071,0.1338077414664734,0.471238142318986,-0.0284096042741699,1.1091013207792115,0.9533051965457294,0.847173156817556,53.970525430564805,64.55518229186883,0,0,-0.1387375480290368,-0.2962157487626788,0,12964.8603515625,0,102.58999633789062,21.0,0,7.501333333333334e-05,0,1,36.0,1,,1,,0
2022-05-05,0.0973950422029504,0.173161376457603,0.0991911013262696,0.1933094330293079,0.7506886628676694,-0.032403068074446,0.6009216232052352,0.5007993173595153,0.4377749032357689,35.603041363274826,32.022505094373855,0,0,0.2638440531935811,-0.0793645768845371,0,12317.6904296875,0,103.75,27.0,0,0.0001,0,1,36.0,1,,1,,0
2022-05-06,0.0810759681960311,0.0780324065492532,0.0875486173521816,0.0979177034662491,0.5170446794480492,-0.0364643909945938,0.5418989395201347,0.4357073722708159,0.3737385907395993,33.36220195571886,28.721476509525203,0,0,0.2575251510070006,-0.1594518940537939,0,12144.66015625,0,103.66000366210938,22.0,0,-4.999e-05,0,1,36.0,1,,1,,0
2022-05-07,0.064611793326342,0.0631710733728945,0.0707151078604217,0.0817058732035695,-0.0733558787483581,-0.040544172007168,0.4732174847294605,0.364870625880797,0.3062766352013179,31.084680839859757,25.223743059590205,0,0,0.2613768484524268,-0.1634284748059671,1,12144.66015625,1,103.66000366210938,23.0,0,4.793333333333334e-06,0,1,36.0,1,,1,,0
2022-05-08,0.0205412247037369,0.0443256231222843,0.0376936112975349,0.0652226802867367,0.4716181466989587,-0.0467941407019321,0.1730637423098065,0.1241268029923151,0.1009438579943992,25.671880802734037,17.58196059202234,0,1,0.3234071396229682,-0.1347173155201409,1,12144.66015625,1,103.66000366210938,18.0,0,5.7803333333333336e-05,0,1,36.0,1,,1,,0
2022-05-09,-0.0943882047194297,0.0058262285246593,-0.0736990932768569,0.0211424782396791,1.64155646550231,-0.0603257328731602,-1.0986851172107728,-0.645451731718928,-0.4920921593257497,16.845402386534516,8.562232083658117,0,1,0.8109770659507815,0.2606269803169492,0,11623.25,0,103.6500015258789,11.0,0,0.0001,0,1,36.0,1,,1,,1
2022-05-10,-0.072212115294584,-0.0430398779155365,-0.0846501977144315,-0.0945277624170007,1.485617671355313,-0.068470902137261,-1.1725858519545942,-0.5552448166880123,-0.3979589163607588,22.758083248490394,19.2233869665248,0,1,0.8086298052667976,0.2989771958486896,0,11737.669921875,0,103.91999816894533,10.0,0,0.0001,0,1,36.0,1,,1,,0
2022-05-11,-0.1359511297309248,-0.0605604592460438,-0.1398297919328708,-0.0718440999186045,1.950990061597968,-0.0791567435711535,-4.358290436181579,-1.231994602221026,-0.8044023832101653,18.415485267829897,13.286598597341252,0,1,0.8292614801500535,0.3131993999133725,0,11364.240234375,0,103.8499984741211,12.0,0,3.669e-05,0,1,36.0,1,,1,,1
2022-05-12,-0.1325482400483252,-0.1201028323770782,-0.1964254295945391,-0.135369572191814,1.8014206001156332,-0.0863553148216464,-22.08173905121305,-1.4351581534487925,-0.843272892328704,19.363329484812695,15.151883302751289,0,1,0.7989884535602061,0.2986099752876522,0,11370.9599609375,0,104.8499984741211,12.0,0,-0.0002514866666666,0,1,36.0,1,,1,,1
2022-05-13,-0.1253588264119046,-0.0932808117768549,-0.12080054655211,-0.1324925791271789,0.7390241568380959,-0.0904376004420999,8.823839024939135,-1.6444650126562887,-0.8580166908242853,21.58421530143231,19.999580757566108,0,1,0.8385552459409099,0.2671184542603477,0,11805.0,0,104.55999755859376,10.0,0,-5.623333333333333e-06,0,1,36.0,1,,1,,1
2022-05-14,-0.1003659784211746,-0.1152827469661436,-0.123270331854161,-0.1247107120553611,0.1115984079024632,-0.0906116129780426,3.654710398052533,-1.589338611702366,-0.7356183625824284,29.385363922221927,36.74966952273488,0,1,0.9397075450746096,0.3006744102752336,1,11805.0,1,104.55999755859376,9.0,0,0.0001,0,1,36.0,1,,1,,1
2022-05-15,-0.0635913818810868,-0.0817571878548587,-0.0976199263192752,-0.0998759575588268,-0.0091460634466192,-0.0867817505630842,1.9258186808879367,-1.1828465907108208,-0.494515541517666,39.58892359709863,55.16600430745712,0,0,1.0234264293058075,0.3555472959976293,1,11805.0,1,104.55999755859376,10.0,0,9.114333333333334e-05,0,1,36.0,1,,1,,0
2022-05-16,-0.1076469153813983,-0.0818428393859837,-0.1061984260977244,-0.0630400882495354,0.2890760067705784,-0.0863065818213258,2.4189536958751616,-2.5749681220369944,-0.9021021002769198,32.99801544161522,37.65380872119374,0,0,1.052503026834423,0.3987496222647048,0,11662.7900390625,0,104.19000244140624,14.0,0,7.941e-05,0,1,36.0,1,,1,,1
2022-05-17,-0.0904504942581009,-0.1002033810368044,-0.0962963259626293,-0.1070909941085567,0.1345464791453836,-0.083578953551465,1.753918508886781,-2.825833438952345,-0.8141188224005603,37.67152946367257,46.4937595751395,0,0,1.110253865098529,0.4210271495414834,0,11984.51953125,0,103.36000061035156,8.0,0,4.665e-05,0,1,36.0,1,,1,,0
2022-05-18,-0.1425519660600982,-0.1024809251091331,-0.1227304326448077,-0.0899202059352458,0.2306228081512446,-0.0846456989133975,2.174119818382782,-7.4720481053832914,-1.4092415368324076,30.286328212600992,29.561447231425987,0,0,0.9515285649025268,0.445729011945251,0,11418.150390625,0,103.80999755859376,12.0,0,-3.2720000000000005e-05,0,1,36.0,1,,1,,1
2022-05-19,-0.0938572620476413,-0.1081306386474559,-0.1230823480480019,-0.1419796514085493,0.3400905734790621,-0.0806323669092068,1.342353814550122,-8.761509138834997,-1.0037398836730242,42.452528771122054,51.54962444862748,0,0,1.0077473085286008,0.5490034957395893,0,11388.5,0,102.72000122070312,13.0,0,4.249333333333333e-05,0,1,36.0,1,,1,,0
2022-05-20,-0.1278748228687332,-0.1010904819873395,-0.1204499066448543,-0.0933832420933491,0.2070464487192847,-0.0792827826761621,1.62203481673211,-286.246572362586,-1.5074975180123558,37.21713556804865,39.937330668433766,0,0,1.0332308074708274,0.5673581567555551,0,11354.6201171875,0,103.1500015258789,13.0,0,0.0001,0,1,36.0,1,,1,,1
2022-05-21,-0.1208034826728643,-0.1334353532343426,-0.1131795797959867,-0.1273313187249003,-0.3857677295963286,-0.0767578131027254,1.4163422152061511,14.1542791247844,-1.5737407753152832,39.02087337283356,43.46698330671937,0,0,1.0561461837062445,0.5751861926771347,1,11354.6201171875,1,103.1500015258789,13.0,0,6.699999999999998e-07,0,1,36.0,1,,1,,1
2022-05-22,-0.0935704611235726,-0.1082776375740749,-0.1054738836668126,-0.120225173301782,-0.1940945243068698,-0.0717323929076082,1.0809134327075016,6.3079617101799155,-1.335151278155015,45.92446525738343,56.571824382249545,0,0,1.0894606829572888,0.6174817952069231,1,11354.6201171875,1,103.1500015258789,14.0,0,3.1156666666666666e-05,0,1,36.0,1,,1,,0
2022-05-23,-0.130985482277547,-0.1033264624654005,-0.1147915029726124,-0.0934358678323472,0.2393420366350178,-0.0699623087680743,1.4024163830136998,5.58870365931949,-2.105967987532722,38.93652517066699,39.70962321666438,0,0,0.5180630819683673,0.6454554448322003,0,11535.26953125,0,102.08000183105467,10.0,0,0.0001,0,1,36.0,1,,1,,1
2022-05-24,-0.1139804009843908,-0.1278601371552369,-0.1206680771882221,-0.1303475730988568,0.0252200331130461,-0.0664216687405743,1.180335673371207,3.7811441002937607,-2.061562637494351,43.44910763252432,48.93364636072925,0,0,0.5047916456366176,0.6662012535102132,0,11264.4501953125,0,101.86000061035156,12.0,0,-3.385333333333333e-05,0,1,36.0,1,,1,,0
2022-05-25,-0.1168281844058015,-0.1163352804147667,-0.1020604135840527,-0.1134841264012591,0.0651921261380696,-0.0631178945333797,1.1719931316688244,3.195043781905131,-2.4069087739266344,42.83740139860175,47.31721041171543,0,0,0.2138231438861247,0.6336504771696776,0,11434.740234375,0,102.05999755859376,11.0,0,7.893e-05,0,1,36.0,1,,1,,0
2022-05-26,-0.1258438880954241,-0.1260625704088016,-0.1369845856596181,-0.1161833733474416,0.4721145631498396,-0.0605293766365063,1.213443945096589,2.914492727261425,-3.0178280597903484,40.7421021484561,41.5267830340999,0,0,0.221364112080228,0.5622947836313938,0,11740.650390625,0,101.83000183105467,12.0,0,6.079e-05,0,1,36.0,1,,1,,0
2022-05-27,-0.1453836404219086,-0.1407069862393707,-0.134972338972041,-0.1257647184945909,0.4636534379672485,-0.0593702687645841,1.3202331973587298,2.8647362270665777,-4.230753650664411,36.30174618175952,30.67807996080585,0,0,0.2468672271899029,0.5231003271786936,0,12131.1298828125,0,101.66999816894533,12.0,0,0.0001,0,1,36.0,1,,1,,1
2022-05-28,-0.1396612848096037,-0.1566987552507836,-0.1278834969738368,-0.1449653566006838,0.4169117793786726,-0.0573290673486826,1.2179990007936576,2.435862111602612,-5.071394515086726,38.56429970892045,37.09503483865255,0,0,0.1931992132648244,0.5146485362449247,1,12131.1298828125,1,101.66999816894533,13.0,0,9.570666666666668e-05,0,1,36.0,1,,1,,1
2022-05-29,-0.12038405049142,-0.136166339682552,-0.1189727001344841,-0.1328299327873773,-0.3497336991961655,-0.0535387276914837,1.0418851157886106,1.9414988073520192,-5.537922524031314,46.01748984255766,55.568789374749706,0,0,0.1116500824066259,0.5323570756551753,1,12131.1298828125,1,101.66999816894533,14.0,0,0.0001,0,1,36.0,1,,1,,1
2022-05-30,-0.0507223911350776,-0.0624772571506114,-0.1045910582637358,-0.1198924139521311,0.5822637484803148,-0.0444019049607907,0.480453831439726,0.8292047033842994,-2.684216383094527,64.15137568298542,81.60202359409577,0,0,0.3314057867915775,0.7154155066142446,1,12131.1298828125,1,101.66999816894533,10.0,0,0.0001,0,1,36.0,1,,1,,1
2022-05-31,-0.0487086990218591,-0.0534530846262713,-0.0429371073998909,-0.0502250048070602,0.3297412888463872,-0.0365767845905519,0.5030660916742684,0.8084850975729145,-2.9983163484596775,64.54858419520656,82.00832613614526,0,0,0.3176047126800592,0.698846839158768,0,12081.3896484375,0,101.75,16.0,0,0.0001,0,1,36.0,1,,1,,0
2022-06-01,-0.1095970065407875,-0.0622471897410986,-0.0984332068247584,-0.0481265982142908,0.6639989521266234,-0.0348863497482502,1.1094073377095737,1.71506767429283,-9.689969839969516,46.55250642704287,43.38269544380315,0,0,0.3736643777598163,0.7857880286607928,0,11994.4599609375,0,102.5500030517578,17.0,0,0.0001,0,0,40.0,1,,1,,1
2022-06-02,-0.0891787734974345,-0.1029011987974979,-0.0937337938844862,-0.1091536008788784,0.1337584642321914,-0.0315355648313275,0.9164369148689822,1.355820592177577,-12.10088816221301,51.756774268923266,53.23169760622589,0,0,0.2261893033255117,0.805643239374541,0,12316.900390625,0,101.7699966430664,13.0,0,9.733333333333334e-06,0,1,40.0,1,,1,,0
2022-06-03,-0.1124895373499768,-0.1020505540504095,-0.1023483719766215,-0.0885965671666145,0.0058199955176211,-0.0304104744506784,1.1288963180980536,1.6247469191081667,-42.14279682893327,45.87276354328424,42.08700387138973,0,0,0.174662499218158,0.7203990736535709,0,12012.73046875,0,102.13999938964844,10.0,0,7.009999999999998e-06,0,1,40.0,1,,1,,1
2022-06-04,-0.1085634612094704,-0.1231649186440301,-0.0984824045252395,-0.1118649004319516,-0.4159690409413368,-0.0288692440107484,1.074698816006871,1.504726021743898,64.131725066777,47.04275254200309,44.687533444275694,0,0,0.172249402951703,0.572186217153474,1,12012.73046875,1,102.13999938964844,14.0,0,3.523666666666666e-05,0,1,40.0,1,,1,,1
2022-06-05,-0.1063106390559633,-0.117538804773639,-0.0961673793970474,-0.1079247123069918,-0.386240897218907,-0.027153020742025,1.0439818232052631,1.423570608069092,18.343717599338024,47.78995126280401,46.52468932157281,0,0,0.1117894168848755,0.5725660337248137,1,12012.73046875,1,102.13999938964844,10.0,0,3.979666666666667e-05,0,1,40.0,1,,1,,1
2022-06-06,-0.0615887274568536,-0.0701821377908025,-0.0862242204403163,-0.1056284520288284,0.2597505955741094,-0.0219314053384862,0.6439598564814853,0.8355633413270421,7.714550412814543,60.54215928395677,71.5425800447021,0,0,0.1252209879686046,0.6495799150625239,0,12061.3701171875,0,102.44000244140624,13.0,0,8.564e-05,0,1,40.0,1,,1,,0
2022-06-07,-0.0681623573742577,-0.0763020248128679,-0.1043388137574422,-0.0609820757897612,0.6479476251373484,-0.0181148577041847,0.7456511066381866,0.9299303464246882,6.589932737139279,58.13395162495226,65.53379939371465,0,0,0.119565597580791,0.6092170468378132,0,12175.23046875,0,102.31999969482422,15.0,0,-1.3129999999999998e-05,0,1,40.0,1,,1,,0
2022-06-08,-0.096911360758303,-0.0833953100786513,-0.0846625882464045,-0.0677108910842811,0.1847266875749763,-0.0172116157227136,1.0504263211982032,1.2913343327092222,7.05413789233989,48.41570833306755,43.98967706787472,0,0,0.1922133258593231,0.2272323240798844,0,12086.26953125,0,102.54000091552734,17.0,0,0.0001,0,1,40.0,1,,1,,0
2022-06-09,-0.1000381292267171,-0.1027636514791799,-0.082303467401485,-0.0963110709058599,-0.1914340313022833,-0.0165572325583837,1.0704319361971784,1.3009092906729445,5.842482304726298,47.42087950151315,41.98797228398148,0,0,0.1846697193373537,0.2080630913888703,0,11754.23046875,0,103.22000122070312,11.0,0,9.702e-05,0,1,40.0,1,,1,,0
2022-06-10,-0.1314469173403195,-0.113689534558191,-0.1147110859905915,-0.0995171836715305,0.168246879824343,-0.0183613971360378,1.3237268987275452,1.624019771471036,6.083858384575923,38.29953367037646,26.088276047896485,0,0,0.2347906673879148,0.0846923350445943,0,11340.01953125,0,104.1500015258789,13.0,0,7.597333333333333e-05,0,1,40.0,1,,1,,0
2022-06-11,-0.1535326170418525,-0.1390546572503057,-0.1377835927581716,-0.1308503816051342,0.0529399626060533,-0.0213274918994385,1.4262996255988905,1.778716439059962,5.73322594130055,33.12930725570712,19.25294195641308,0,0,0.2730097773606303,0.1056723002581826,1,11340.01953125,1,104.1500015258789,12.0,0,2.9156666666666668e-05,0,1,40.0,1,,1,,0
2022-06-12,-0.2023525540769056,-0.1660830868864685,-0.1836082138611866,-0.1525755038574943,0.3572386666195141,-0.0273027748889511,1.6557156215861015,2.1320066474855195,6.01082903869168,24.644092112458168,10.863763241038724,0,1,0.4132383158984175,0.2092808111721515,1,11340.01953125,1,104.1500015258789,14.0,0,3.6673333333333333e-05,0,1,40.0,1,,1,,0
2022-06-13,-0.3329512657732633,-0.217393754949405,-0.3273233217484197,-0.2025519963280516,1.8548915355552784,-0.0420912525244445,2.1531347635803813,2.9584008535105375,7.333502865932643,13.76326989174376,4.253318588379017,0,1,1.2680858812798457,0.9809500469075496,0,10809.23046875,0,105.08000183105467,11.0,0,6.180000000000001e-06,0,1,40.0,1,,1,,0
2022-06-14,-0.3415227770602042,-0.3309092731078135,-0.36434337660238,-0.3323735488000655,1.0941726415723945,-0.0538817615150349,1.8623016369515473,2.637125367803323,5.9901565138060855,13.317969256740412,4.0382858039792495,0,1,1.2426458528418625,0.918158694341169,0,10828.349609375,0,105.5199966430664,8.0,0,-3.711666666666666e-05,0,1,40.0,1,,1,,1
2022-06-15,-0.3303409418229974,-0.3422192084943092,-0.3883646093965208,-0.3412711770048353,1.2700841506528855,-0.0616133043632129,1.6036303366860916,2.2879587042333607,4.87712625189083,17.343404067328322,11.794780066066068,0,1,1.232190215969442,0.901779392153091,0,11099.150390625,0,105.16000366210938,7.0,0,-3.3276666666666666e-05,0,1,40.0,1,,1,,0
2022-06-16,-0.3972764113263194,-0.3354187469689314,-0.3856637771159143,-0.3296754951812979,0.2261664246062615,-0.0723082166477972,1.6874968684219724,2.435556094079422,4.925566404122305,13.131421283431903,7.16949822411901,0,1,1.399563135551685,1.085296372807045,0,10646.099609375,0,103.62999725341795,7.0,0,-1.6386666666666667e-05,0,1,40.0,1,,1,,1
2022-06-17,-0.3945322628550038,-0.3842801569577976,-0.3837577002807333,-0.3965961032827017,0.047917790303827,-0.0796444897374629,1.5180053097127355,2.188717526750261,4.243885996590921,14.118049074114865,9.117628664590969,0,1,1.442015544847557,1.0417728106198625,0,10798.349609375,0,104.6999969482422,9.0,0,-2.2053333333333335e-05,0,1,40.0,1,,1,,0
2022-06-18,-0.4389435082565629,-0.3995273623165313,-0.4651685365892441,-0.3939167252379776,0.7024339484159328,-0.088027429942454,1.5270433918076791,2.2011093357302776,4.120272161542044,11.64767309772742,6.2756981069841515,0,1,1.4759468241243126,1.019112727503594,1,10798.349609375,1,104.6999969482422,6.0,0,5.7193333333333333e-05,0,1,40.0,1,,1,,1
2022-06-19,-0.3920338073741843,-0.4010969163509106,-0.4540190621642977,-0.4385956196491015,0.4085687632909794,-0.0898500145917307,1.2915520352344845,1.834617297509084,3.329974462786399,27.17764606186252,34.86732758739603,0,1,1.8786046111269283,1.2062527026236085,1,10798.349609375,1,104.6999969482422,6.0,0,2.3076666666666665e-05,0,1,40.0,1,,1,,1
2022-06-20,-0.3906205058785865,-0.3941987686378754,-0.4035778746191045,-0.3914744613505985,0.2100854556809653,-0.0901412917379057,1.2324962114670663,1.7223646123451692,3.0414954477347473,27.619920485591308,35.65583674579818,0,1,1.6968667913618911,1.2017839515329096,1,10798.349609375,1,104.6999969482422,9.0,0,2.1376666666666665e-05,0,1,40.0,1,,1,,1
2022-06-21,-0.3872278782635842,-0.3729390488756012,-0.3810042082392416,-0.3902242718843556,0.1287716467650642,-0.0890716121795765,1.1814775610561312,1.622391510977733,2.794268659479954,28.817351590704504,38.05603415078024,0,1,1.7238573826046772,1.1672701024335517,0,11069.2998046875,0,104.44000244140624,9.0,0,5.665e-05,0,1,40.0,1,,1,,0
2022-06-22,-0.4093311189411264,-0.3965303806061371,-0.3986361781884385,-0.38640198450799,0.1113751263914352,-0.0889817045206373,1.2028539114945789,1.628736217045398,2.743560458939867,25.629883940825223,28.74239748304508,0,1,1.7252601644512624,1.1603351020412511,0,11053.080078125,0,104.1999969482422,11.0,0,-1.4813333333333334e-05,0,1,40.0,1,,1,,1
2022-06-23,-0.3757640151570052,-0.3875128418193002,-0.395462987245312,-0.4087886278128121,0.006372122072476,-0.0852195098475712,1.0867897128385424,1.442270446235387,2.3770192232260334,37.7040549962989,52.353760135435955,0,0,1.9456871908439168,1.2385509163622452,0,11232.1904296875,0,104.43000030517578,11.0,0,-1.7016666666666666e-05,0,1,40.0,1,,1,,1
2022-06-24,-0.3713108147884674,-0.3773788391401149,-0.3697328328453255,-0.3752443731784706,-0.0477556204286517,-0.0809455178680768,1.061836195302652,1.3816630009274398,2.230846109045388,39.21470435308746,54.991784149385275,0,0,1.975476441616363,1.2446367962473572,0,11607.6201171875,0,104.19000244140624,11.0,0,8.668666666666667e-05,0,1,40.0,1,,1,,1
2022-06-25,-0.3630421538220118,-0.3759362067029203,-0.3639152351323911,-0.3706937384144075,-0.3374743559235802,-0.0760148843270682,1.032126144087682,1.3166717475612124,2.084608074938238,42.21674619477107,60.41747771988031,0,0,2.0152327908426617,1.2572087250972217,1,11607.6201171875,1,104.19000244140624,14.0,0,7.540333333333334e-05,0,1,40.0,1,,1,,0
2022-06-26,-0.377553552689045,-0.3680368342720387,-0.3623079887742062,-0.3626628239110955,-0.3526688741412155,-0.0724431903304621,1.061399244855409,1.332840584043807,2.072987778195641,38.37853714086551,47.12448152304102,0,0,1.9605437118308229,1.2573423421132,1,11607.6201171875,1,104.19000244140624,14.0,0,6.889666666666667e-05,0,1,40.0,1,,1,,0
2022-06-27,-0.3864678289663695,-0.3772233866011025,-0.3746249064101976,-0.3769676572983592,-0.2233880876957023,-0.0695304015138712,1.0721977422240758,1.3284600821655443,2.032507389687712,36.055078075329,39.928938114708934,0,0,0.8597974294903457,1.250806462897056,0,11524.5498046875,0,103.94000244140624,12.0,0,5.8183333333333336e-05,0,1,40.0,1,,1,,0
2022-06-28,-0.4003621911875283,-0.3866513365285119,-0.3867961745576043,-0.3860313966792861,-0.2050931785810064,-0.0675643149371602,1.092137981619265,1.3389081213156866,2.0180842134244275,32.51486797364814,30.310553442379415,0,0,0.8706190379058094,1.2275246082964728,0,11181.5400390625,0,104.51000213623048,10.0,0,-1.921333333333333e-05,0,1,40.0,1,,1,,0
2022-06-29,-0.405757234574029,-0.4107052100093797,-0.3958463041437515,-0.3997899844423693,-0.1095707339992491,-0.0656843438445046,1.0889534309183098,1.3219958587821576,1.964741372258536,31.14476899559773,26.949605021764995,0,0,0.8424397826080102,1.0409868711022892,0,11177.8896484375,0,105.11000061035156,13.0,0,5.947333333333333e-05,0,1,40.0,1,,1,,0
2022-06-30,-0.4155109718460791,-0.4174078679358169,-0.4334166443882777,-0.4050706372525108,0.0098540173193304,-0.0642409683965247,1.0957222979231849,1.3192040444141817,1.935172958282403,28.628310964256457,21.26553785692778,0,1,0.3240756010463428,1.0333651480017596,0,11028.740234375,0,104.69000244140624,11.0,0,-6.904666666666666e-05,0,1,40.0,1,,1,,0
2022-07-01,-0.4312539381511455,-0.4026343583993232,-0.4227173592916839,-0.4138639686412164,0.2078457765391396,-0.0636338770425684,1.1137227525923477,1.3327397094807747,1.9320817704698687,24.883877994382644,14.626538731520796,0,1,0.3538322705132862,0.975248071597032,0,11127.849609375,0,105.13999938964844,11.0,0,-4.5803333333333336e-05,0,0,31.0,1,,1,,0
2022-07-02,-0.4320821228041509,-0.4405343096903561,-0.424167355222035,-0.4305326643046989,-0.3494463084716863,-0.062499129292642,1.0963198158491765,1.302938080854514,1.867267672620383,24.687875063841545,14.313109440058213,0,1,0.0071525904674091,0.945062555602096,1,11127.849609375,1,105.13999938964844,14.0,0,1.475e-05,0,1,31.0,1,,1,,1
2022-07-03,-0.4304074965639264,-0.4349279796211913,-0.426037293005628,-0.4315328516775156,-0.4246602345430461,-0.0607642527025378,1.0768179512116456,1.2698676250433891,1.799344731381311,26.046937119963246,18.993145857779258,0,1,-0.5334100074934068,0.950199749522444,1,11127.849609375,1,105.13999938964844,11.0,0,5.2e-05,0,1,31.0,1,,1,,1
2022-07-04,-0.4018704168084003,-0.413873494782024,-0.4230483201187473,-0.429845964043782,-0.1957176832079056,-0.0564360865878839,1.0045842438992745,1.16958635865833,1.6364034997535415,45.415034828045926,63.85206086757108,0,0,-0.2967780532945928,1.0350064296705117,1,11127.849609375,1,105.13999938964844,14.0,0,4.89e-05,0,1,31.0,1,,1,,0
2022-07-05,-0.403127341099508,-0.4025503506261636,-0.414397967402435,-0.4014951299855512,0.0295773431542111,-0.0525021944291079,1.006529849223187,1.1583790679157018,1.601238166716629,44.818500255368306,61.84092548954797,0,0,-0.3009766419331986,1.0320609461546424,0,11322.240234375,0,106.5,19.0,0,5.137e-05,0,1,31.0,1,,1,,1
2022-07-06,-0.3921873207458566,-0.40375076358603,-0.399400139517637,-0.4024340399956117,-0.0635428846249863,-0.0479490614055123,0.9823560734761372,1.116444970175548,1.5244385739524535,51.24941452647074,72.05533114707836,0,0,-0.3882490584746692,0.9622006303484544,0,11361.849609375,0,107.0999984741211,18.0,0,9.457666666666668e-05,0,1,31.0,1,,1,,1
2022-07-07,-0.3589105976768263,-0.368394762569002,-0.384703571625908,-0.3916442121753711,-0.010043543996303,-0.0411808104851599,0.9131931318927798,1.0200748109462343,1.373805955450946,65.40118495575814,86.601242791446,0,0,-0.4059697115697713,1.0655214651922589,0,11621.349609375,0,107.12999725341795,18.0,0,8.424666666666666e-05,0,1,31.0,1,,1,,1
2022-07-08,-0.3560535067987577,-0.3520698977470315,-0.3548077082290161,-0.3583657712227033,1.049572989514624,-0.0351808367255488,0.9192279414572544,1.0110592378560497,1.3437480482952622,66.36837149810106,87.35475691796907,0,0,-0.4078431406458148,1.0627638696225326,0,11635.3095703125,0,107.01000213623048,20.0,0,6.737333333333334e-05,0,1,31.0,1,,1,,0
2022-07-09,-0.3602968717502058,-0.365229060844589,-0.3489456503719433,-0.3559318009608579,0.1582886416443088,-0.0304175834145668,0.9402827274623844,1.0213604845733613,1.3408454367168707,63.33432385962703,78.60126230610244,0,0,-0.415614083900269,1.0618574056954122,1,11635.3095703125,1,107.01000213623048,24.0,0,8.714333333333334e-05,0,1,31.0,1,,1,,0
2022-07-10,-0.382650280157022,-0.3738272065276855,-0.3712998099745981,-0.3597733009086037,0.116391176595918,-0.0281222285462265,0.9988315593428432,1.0779619648045706,1.400741081077307,49.56239443359844,46.1321371013791,0,0,-0.3518151024161227,1.0615524334137014,1,11635.3095703125,1,107.01000213623048,24.0,0,9.987333333333332e-05,0,1,31.0,1,,1,,0
2022-07-11,-0.4098343182324921,-0.395911094792677,-0.3962584108076576,-0.3822185962558692,-0.0832832636745709,-0.0281719196092882,1.0584257811829805,1.1414748722974537,1.471386540526379,37.975290992528755,27.627218396712124,0,0,-0.2120153401613005,1.0822335565844006,0,11372.599609375,0,108.0199966430664,22.0,0,6.759666666666666e-05,0,1,31.0,1,,1,,0
2022-07-12,-0.4295876647566396,-0.4203449111861161,-0.4154149020927491,-0.4092814720351749,-0.0102526309199248,-0.029465569371627,1.0910698897102675,1.1793270315456152,1.510188015158822,31.751422462956512,19.895142468074184,0,0,-0.1688745560504987,1.040240579276978,0,11264.73046875,0,108.06999969482422,16.0,0,5.7010000000000005e-05,0,1,31.0,1,,1,,1
2022-07-13,-0.4024565479251156,-0.4149463990882896,-0.4250110046784324,-0.4289704793858246,0.307929372634818,-0.0279790170521798,1.0186888095862594,1.0963307895222834,1.3921638773246827,45.823163591023814,47.039383660759825,0,0,-0.0060513246162207,0.3461595517368349,0,11247.580078125,0,107.95999908447266,15.0,0,-6.016666666666666e-06,0,1,31.0,1,,1,,1
2022-07-14,-0.3915252383962851,-0.3979086716601152,-0.4035751414135222,-0.4019193578815559,0.2250563254682229,-0.0256234768161001,0.9923907963572384,1.0613206977703131,1.3357884111433074,50.56195854521144,55.19550529715629,0,0,-0.0100767793778111,0.3566463515327741,0,11251.1904296875,0,108.54000091552734,18.0,0,4.5026666666666674e-05,0,1,31.0,1,,1,,1
2022-07-15,-0.3833871204757755,-0.3874382269487999,-0.3815659123553512,-0.3908700410149405,-0.0060574606915707,-0.0228367680583777,0.9760031456353356,1.0362468343985398,1.2924116635484564,54.016985265039345,61.136546649860286,0,0,-0.0748123132505525,0.3528899377105125,0,11452.419921875,0,108.05999755859376,15.0,0,4.086333333333333e-05,0,1,31.0,1,,1,,1
2022-07-16,-0.3725736457347618,-0.3761318726064431,-0.3777751384264329,-0.3828983155514087,-0.0765649866168538,-0.0195305877924074,0.9560534534508582,1.0064960497543949,1.2434775120610695,58.46710369810134,68.5295923162186,0,0,-0.0706647005159727,0.0176588099473515,1,11452.419921875,1,108.05999755859376,21.0,0,4.950333333333333e-05,0,1,31.0,1,,1,,0
2022-07-17,-0.3851278535235449,-0.3735398424119506,-0.3697120604829002,-0.3718719702375306,-0.1370649707403655,-0.0177191800823631,0.9900554349925104,1.0373057821568896,1.271151802941343,51.75719229036305,52.940167548087146,0,0,-0.021712130062393,0.0323378078305724,1,11452.419921875,1,108.05999755859376,24.0,0,8.915666666666667e-05,0,1,31.0,1,,1,,1
2022-07-18,-0.3330031727430864,-0.3425089208357089,-0.3695959903525059,-0.3844927203104858,0.6129055743974763,-0.0119399638360827,0.8754442432708759,0.903814444019332,1.0948539428621489,68.87165423109386,79.17102997465925,0,0,0.2282476994249963,0.0277983615922134,0,11360.0498046875,0,107.37000274658205,20.0,0,0.0001,0,1,31.0,1,,1,,1
2022-07-19,-0.3053960033687824,-0.3114317979195115,-0.3415615006950491,-0.3329887090824577,0.999654721069154,-0.0050737385780998,0.8279778152374039,0.8395261042051247,1.0039256973765216,74.41783843861661,85.05407526704008,1,0,0.2800103441549663,-0.1250632242642174,0,11713.150390625,0,106.68000030517578,30.0,0,0.0001,0,1,31.0,1,,1,,0
2022-07-20,-0.3102133878106538,-0.2955057792267141,-0.300308925152172,-0.3047202742822272,0.7430463931814957,-2.068975791380545e-05,0.8621222486380251,0.8621718230476433,1.018972167248451,71.84065195129754,79.80942263941847,1,0,0.29312162363273,-0.1205926742871566,0,11897.650390625,0,107.08000183105467,31.0,0,9.372666666666669e-05,0,1,31.0,1,,1,,0
2022-07-21,-0.3122632358131974,-0.3198069795757313,-0.3183083594074312,-0.3096078450418935,0.3338241055981885,0.0037749667677602,0.8858329201277184,0.8764471518691863,1.024672471166385,70.63956330896549,77.11173797617158,1,0,0.1678084106760658,-0.1189152446112226,0,12059.6103515625,0,106.91000366210938,34.0,0,0.0001,0,1,31.0,1,,1,,0
2022-07-22,-0.3259989536288853,-0.3112825681785109,-0.3129512157282584,-0.3117294618528831,0.2366187862552122,0.0056100253963928,0.9356232475533878,0.920797595545956,1.0668274849821788,62.55355143533474,59.2256523780992,0,0,0.2050790100930064,-0.1581734130559409,0,11834.1103515625,0,106.7300033569336,33.0,0,8.390666666666666e-05,0,1,31.0,1,,1,,0
2022-07-23,-0.333620567368063,-0.3321638713748961,-0.3316256302865374,-0.3256833376474183,-0.0889344312554994,0.0063758255006419,0.9637995733563928,0.9463682445681274,1.0878541626759446,58.282195583037264,50.55088413982578,0,0,0.2122591358183991,-0.2520131185774663,1,11834.1103515625,1,106.7300033569336,31.0,0,6.688e-05,0,1,31.0,1,,1,,1
2022-07-24,-0.3292313259324568,-0.3322603247440794,-0.3221740839072058,-0.3330601893946116,-0.1090095772688317,0.0072532912751801,0.958326146072612,0.9385114739338614,1.0704547432363467,60.09292725419864,55.55008135562935,0,0,0.1108732690700613,-0.2522052842730785,1,11834.1103515625,1,106.7300033569336,30.0,0,7.354333333333333e-05,0,1,31.0,1,,1,,0
2022-07-25,-0.367338261027855,-0.3420253624656766,-0.3515676448559764,-0.3287330051889927,0.4193307973478603,0.0048182364040295,1.057976610202858,1.0434959365026109,1.185320486970065,41.882278696016016,25.59564654333724,0,0,0.2096786280847445,-0.1248008198951854,0,11782.669921875,0,106.4800033569336,30.0,0,4.519e-05,0,1,31.0,1,,1,,0
2022-07-26,-0.3710634512288276,-0.3807391500665016,-0.3697544555383764,-0.366798359733878,0.1135696198553039,0.002558355034201,1.057527427549645,1.0498725043921524,1.1881459714003648,40.49798633892979,23.91480619672704,0,0,0.1174225540627623,-0.1429947760544787,0,11562.5703125,0,107.19000244140624,26.0,0,7.437666666666666e-05,0,1,31.0,1,,1,,1
2022-07-27,-0.3194138087170263,-0.3318837867587223,-0.3606120043414499,-0.3703711223477833,0.251462723549101,0.0048788370669384,0.923060909370133,0.9102274740310948,1.021851503631496,61.07842724234025,65.6344791470224,0,0,0.336771818904082,0.0555959527906296,0,12032.419921875,0,106.4499969482422,28.0,0,4.209e-05,0,1,31.0,1,,1,,1
2022-07-28,-0.2915135737843645,-0.298101155642779,-0.3092552536640944,-0.3187591746550756,0.6233724810110155,0.0088669390294728,0.8633619632890569,0.8412695568181585,0.9350662779549792,67.98110760052525,75.36398013619105,0,0,0.3857859805374827,0.0732208285971243,0,12162.58984375,0,106.3499984741211,32.0,0,9.743e-05,0,1,31.0,1,,1,,0
2022-07-29,-0.2927126844504623,-0.2925611042430043,-0.285654873791723,-0.2909113877686051,0.4330875602199208,0.0117948170492115,0.8850342788445735,0.8545587206689558,0.9411672218514512,67.38843876749034,74.16079582593554,0,0,0.3935814672693012,0.0678512323152912,0,12390.6904296875,0,105.9000015258789,39.0,0,0.0001,0,1,31.0,1,,1,,0
2022-07-30,-0.29724672843292,-0.284211400835248,-0.282565804842629,-0.2923898011029517,0.0926078977921971,0.0135926345868825,0.9129653736141612,0.8763779113491542,0.9574072054243952,64.91915456472745,68.63636184509187,0,0,0.4030633532867996,0.0561456542714405,1,12390.6904296875,1,105.9000015258789,42.0,0,0.0001,0,1,31.0,1,,1,,0
2022-07-31,-0.307000883347256,-0.2977653593727068,-0.2920445618019797,-0.2968117355053155,-0.109533269157914,0.0140681700481662,0.951277386496738,0.9115416143026576,0.9892580800863544,59.506595896098865,56.55245139624931,0,0,0.3851380219493372,0.0322078799028308,1,12390.6904296875,1,105.9000015258789,39.0,0,8.760333333333334e-05,0,1,31.0,1,,1,,0
2022-08-01,-0.3076942292050888,-0.3175086537062688,-0.3040143015911195,-0.3064454677259798,-0.0085394993028104,0.0142251098989953,0.960306646592881,0.919484969025899,0.9918231774924736,59.10244514210287,55.62430421970695,0,0,0.0308405482095518,0.0319709624881046,0,12368.98046875,0,105.4499969482422,33.0,0,8.816333333333335e-05,0,0,21.0,1,,1,,0
2022-08-02,-0.3179607118778974,-0.3190038863983559,-0.3096340759577985,-0.3073095561071247,0.1032121492695367,0.0133669802823099,0.9935176877184292,0.9536849304047644,1.0239157365597362,52.95740604077613,42.011583045998,0,0,-0.0635193702419324,0.0468281369714297,0,12348.759765625,0,106.23999786376952,31.0,0,8.539333333333333e-05,0,1,21.0,1,,1,,0
2022-08-03,-0.3219810558486573,-0.3140862322110471,-0.3084600730533561,-0.3173031362097587,0.0107748371952907,0.0122216150489793,1.0051397043335366,0.9682002972437014,1.035365580520762,50.581128534474914,37.25159851839361,0,0,-0.0643015620981736,-0.0139084407760274,0,12668.16015625,0,106.51000213623048,34.0,0,2.5e-06,0,1,21.0,1,,1,,0
2022-08-04,-0.3285656041286793,-0.3255272572952825,-0.3166118890714602,-0.3213688623787682,-0.040608838764218,0.0106597083503969,1.0216562491043184,0.9888790969063206,1.0542015324759286,46.62727003437238,29.862872187556206,0,0,-0.0595300642447935,-0.0086238449831847,0,12720.580078125,0,105.69000244140624,30.0,0,1.0076666666666666e-05,0,1,21.0,1,,1,,1
2022-08-05,-0.3084543978286708,-0.3187698270052129,-0.312678745500656,-0.3281318665037258,0.1248576775429375,0.0109188268714467,0.9651916629982163,0.933304070232288,0.9900756923402844,58.15484239949557,61.201919037885574,0,0,-0.0269503477081837,0.0068646802004178,0,12657.5498046875,0,106.62000274658205,31.0,0,3.527e-05,0,1,21.0,1,,1,,0
2022-08-06,-0.3184750681846159,-0.3216633106694292,-0.3018224529278356,-0.3078291905299524,-0.442810954384222,0.010198039167277,0.9970771608304084,0.9662275684956874,1.0213492232334014,51.73125002053833,47.19279707794805,0,0,-0.0202610490315176,-0.0694117494016458,1,12657.5498046875,1,106.62000274658205,31.0,0,8.492333333333335e-05,0,1,21.0,1,,1,,1
2022-08-07,-0.3119192178959559,-0.3206880338451794,-0.3038973811300997,-0.3178468161799971,-0.4468339937266589,0.0100400762976665,0.9800877224346172,0.950114343565564,1.0003118838677023,55.44623181944685,55.98196084748039,0,0,-0.0175724094260842,-0.0676286641558566,1,12657.5498046875,1,106.62000274658205,30.0,0,3.888e-05,0,1,21.0,1,,1,,1
2022-08-08,-0.292564421438956,-0.2952992527794914,-0.2951281036020073,-0.3112475365763669,0.1114081829651546,0.0113458717576735,0.9308331953131966,0.8984022899723433,0.940519694430173,64.70091530865628,73.40569788816069,0,0,-0.2810892389684825,-0.0486754374795337,0,12644.4599609375,0,106.44000244140624,30.0,0,7.596666666666667e-05,0,1,21.0,1,,1,,0
2022-08-09,-0.3122727222594065,-0.30446895658941,-0.3011780845273374,-0.2919417663250193,-0.1094396773147923,0.0106674610496923,0.994526555261882,0.9618489461177412,1.0037242356897464,52.0081320013901,47.746177495783904,0,0,-0.1944681711842128,-0.0667032904659911,0,12493.9296875,0,106.37000274658205,42.0,0,9.306666666666667e-05,0,1,21.0,1,,1,,1
2022-08-10,-0.2883440864764179,-0.2975918842017167,-0.3077235652557841,-0.3117555360568991,0.298910432415589,0.0119232132235672,0.9300053964953896,0.8955652520181312,0.929479225819386,62.3542804843334,66.62979321301592,0,0,-0.6039299166124624,-0.124993030848658,0,12854.7998046875,0,105.1999969482422,31.0,0,2.9023333333333337e-05,0,1,21.0,1,,1,,1
2022-08-11,-0.2880420714405045,-0.2766956110667182,-0.2725993225315957,-0.2877607647277283,0.487632138016588,0.0127952799356096,0.9392866756585462,0.9016650744267564,0.931116247784808,62.47210178882638,66.83151005038408,0,0,-0.7671688176119171,-0.1848187287445455,0,12779.91015625,0,105.08999633789062,41.0,0,7.372333333333333e-05,0,1,21.0,1,,1,,1
2022-08-12,-0.2744395815140293,-0.2890209779363325,-0.2801788053007702,-0.2874901777363948,0.053785999831054,0.0144178068416225,0.9096337337216184,0.8681467230985355,0.8910889142196771,67.7220178168132,75.66516218991568,0,0,-0.7306958468793505,-0.2382863155292953,0,13047.1904296875,0,105.62999725341795,42.0,0,2.3506666666666663e-05,0,1,21.0,1,,1,,1
2022-08-13,-0.2737904460753217,-0.2755708109732596,-0.258757093966986,-0.2738962691565708,-0.1344453159033891,0.0155764947734484,0.920585328711094,0.8747701436058788,0.8928684721076738,67.96875620942137,76.07067142510527,0,0,-0.7389310275206907,-0.2426732490897676,1,13047.1904296875,1,105.62999725341795,46.0,0,2.35e-05,0,1,21.0,1,,1,,0
2022-08-14,-0.2769898246383045,-0.272118332189528,-0.2631062921653153,-0.2730754388942167,-0.1341467092814997,0.0160515677147441,0.9412852887453887,0.8925963809167534,0.906740515670525,65.13712208217314,68.56259651151343,0,0,-0.7656549543346606,-0.2410488866872767,1,13047.1904296875,1,105.62999725341795,47.0,0,1.1006666666666666e-05,0,1,21.0,1,,1,,0
2022-08-15,-0.2825605164376319,-0.267288853875934,-0.274503152064409,-0.2764584624491495,0.399486368153811,0.0157964663404313,0.9661292930533266,0.9166214790501304,0.927705866310682,60.1062972296961,55.78112504852753,0,0,-0.7542219352552197,-0.240875910933163,0,13128.0498046875,0,106.5500030517578,45.0,0,-1.3426666666666666e-05,0,1,21.0,1,,1,,0
2022-08-16,-0.2903098690531215,-0.2945560393565694,-0.2778080835166014,-0.2823293946650821,0.0752503839810986,0.0147984019058687,0.993753235013194,0.9458406556924926,0.9549030797381558,53.47680478932625,41.449193849688335,0,0,-0.7692720681164152,-0.255404389182739,0,13102.5498046875,0,106.5,44.0,0,2.0896666666666663e-05,0,1,21.0,1,,1,,0
2022-08-17,-0.3070283284117602,-0.2891865278457037,-0.2930505636699646,-0.2898084549053635,0.2150641411770196,0.0125141335606548,1.0428027460315996,1.000287063450759,1.00950264865742,41.95703432164935,23.834081138658263,0,0,-0.6984405694052416,-0.4787922842485601,0,12938.1201171875,0,106.56999969482422,41.0,0,3.364e-05,0,1,21.0,1,,1,,0
2022-08-18,-0.3107936122721824,-0.3145316319140257,-0.2950953051350199,-0.3063134857138894,-0.1009972798013952,0.0102814888960728,1.0466399041726275,1.011613478414371,1.0210066455899447,39.73281753634306,21.136675706281498,0,0,-0.7074548547259093,-0.5495383428169317,0,12965.33984375,0,107.4800033569336,30.0,0,8.520666666666668e-05,0,1,21.0,1,,1,,0
2022-08-19,-0.3821278096573197,-0.3250672985931819,-0.366892485604219,-0.310215427695201,0.6364488927859961,0.0027246206193544,1.2324741875850684,1.2217379211549724,1.2429047256626136,18.404779361144605,5.477499099493315,0,1,0.1310831983885509,-0.0873395220382823,0,12705.2197265625,0,108.16999816894533,33.0,0,1.787333333333334e-05,0,1,21.0,1,,1,,1
2022-08-20,-0.3733146028131909,-0.3810491745599021,-0.3672693035471628,-0.3817148927540307,0.0682985097432085,-0.002524004642581,1.1674017546631614,1.1766892217597436,1.2041225156182642,24.20477272591684,15.7584546933536,0,1,0.1561608251330476,-0.0763843775742715,1,12705.2197265625,1,108.16999816894533,29.0,0,-3.406333333333333e-05,0,1,21.0,1,,1,,1
2022-08-21,-0.3620712548335847,-0.3714897827009033,-0.3596047269775266,-0.3729304516545663,-0.129387573145952,-0.0057105065942419,1.1096662491503948,1.1294329143869868,1.1602199043114667,31.38430030099001,28.910777760218977,0,0,0.1763051533281895,-0.0730112181741489,1,12705.2197265625,1,108.16999816894533,27.0,0,-2.9266666666666665e-05,0,1,21.0,1,,1,,0
2022-08-22,-0.3662016773782798,-0.3756191375325252,-0.3647051922835722,-0.3615945572092575,0.247395089295257,-0.0084714691058694,1.1015938976796324,1.1304005154760484,1.1655272978056126,30.172819220809203,26.856921966275436,0,0,0.0999065496781397,-0.0755091443008261,0,12381.5703125,0,109.0500030517578,29.0,0,-2.428666666666667e-05,0,1,21.0,1,,1,,1
2022-08-23,-0.3622555544080486,-0.3721703572042157,-0.3642090243635354,-0.3655787194494571,0.2567124606838135,-0.0102232849779708,1.0748860374043006,1.1085122801697722,1.146092678428264,33.02288359894919,32.926724422561634,0,0,0.0797091568268611,-0.0757200994868211,0,12381.2998046875,0,108.62000274658205,28.0,0,-2.1766666666666663e-05,0,1,21.0,1,,1,,0
2022-08-24,-0.3663204667770359,-0.3680563245450569,-0.3567496811641776,-0.3617475417838504,0.260406850584753,-0.0118035521325225,1.0725997946985644,1.1109972306355946,1.1517735901360755,31.494966495955666,29.557789750465275,0,0,-0.0360468834859447,-0.1964099781049259,0,12431.5302734375,0,108.68000030517578,25.0,0,-1.7939999999999998e-05,0,1,21.0,1,,1,,1
2022-08-25,-0.3600311915931686,-0.3678591322948519,-0.3515428030541286,-0.3657493652697909,0.2193341548575972,-0.0124054312032444,1.045469441474299,1.0845380434432397,1.1261695026852754,36.72177293871487,41.83486569644028,0,0,-0.018634393216845,-0.1944247852636238,0,12639.26953125,0,108.47000122070312,25.0,0,2.052e-05,0,1,21.0,1,,1,,0
2022-08-26,-0.4009919360915318,-0.3674001128830172,-0.3877082756293624,-0.3596203760003815,0.7163959249687251,-0.0160031402220184,1.135686181512442,1.1896037420597123,1.2419090968665474,23.33968114950143,16.644402379763164,0,1,0.1286474899952925,-0.2871631587477746,0,12141.7099609375,0,108.8000030517578,27.0,0,1.3663333333333334e-05,0,1,21.0,1,,1,,0
2022-08-27,-0.407659893502373,-0.4114079752452249,-0.3973162221059022,-0.4003609319440387,0.1792128078841602,-0.0191714029763727,1.1277529583578711,1.1909141537866443,1.2496929323870278,21.844430587349574,14.720496010940522,0,1,0.1145488402681382,-0.3688963133933253,1,12141.7099609375,1,108.8000030517578,28.0,0,-4.498e-05,0,1,21.0,1,,1,,0
2022-08-28,-0.420640275412359,-0.4174711526174844,-0.4058279709302419,-0.4071259050592308,-0.0737556103227891,-0.0224706546544967,1.1350820077881985,1.20835189793198,1.2750103101689558,19.09644670699855,11.323290829738127,0,1,0.1100967654067136,-0.359503788876677,1,12141.7099609375,1,108.8000030517578,28.0,0,-4.199e-05,0,1,21.0,1,,1,,1
2022-08-29,-0.3998319048107606,-0.4109063942432149,-0.4063264468905481,-0.4201362168667872,0.2901299888497288,-0.0231395356118225,1.0659868106482813,1.1360734841481928,1.2019479554423318,34.36812521067171,40.61593594546152,0,0,0.2613987280887728,-0.2911958756047882,0,12017.669921875,0,108.83999633789062,24.0,0,-9.957333333333332e-05,0,1,21.0,1,,1,,0
2022-08-30,-0.4151418953916816,-0.4053403362442021,-0.4058022787977685,-0.3992571637516067,0.3713232666070683,-0.0246211990223157,1.0889121517072866,1.1640903971924554,1.2359529434306933,29.621254716176367,30.675312827721044,0,1,0.2704858348393409,-0.2777873594944919,0,11883.1396484375,0,108.7699966430664,27.0,0,-2.712e-05,0,1,21.0,1,,1,,1
2022-08-31,-0.4074147374805303,-0.40899693454385,-0.4001443002908393,-0.4145021004763459,0.3159717928170111,-0.0248850515017576,1.0574763241683307,1.1304962860316217,1.2029024779462778,34.86072333819641,40.478641795877664,0,0,0.3019286219859322,-0.2651214748103565,0,11816.2001953125,0,108.6999969482422,23.0,0,2.88e-05,0,1,21.0,1,,1,,1
2022-09-01,-0.4050510611316998,-0.4156876752250381,-0.404672553823759,-0.4068368214929659,0.1820857438925542,-0.0246196278210518,1.0431021223826544,1.1137130378210107,1.1868051058140572,36.52851018726326,43.7243758847877,0,0,0.3132256440911896,-0.2660560198410215,0,11785.1298828125,0,109.69000244140624,20.0,0,5.095333333333333e-05,0,0,21.0,1,,1,,0
2022-09-02,-0.4098583028323414,-0.4095807034441293,-0.3996721238420249,-0.4045280909433166,0.1355374892850861,-0.0245145929040707,1.0465489007592648,1.116433818378531,1.1915036584986034,34.45815216596331,38.09167307604837,0,0,-0.4385134294687221,-0.2656456000334244,0,11630.8603515625,0,109.52999877929688,25.0,0,3.948666666666667e-05,0,1,21.0,1,,1,,0
2022-09-03,-0.414064199304423,-0.4205383462752573,-0.4032922242668052,-0.4093045629206536,-0.1069173382883657,-0.0244884451189773,1.0480513019975586,1.1173058234388993,1.1941897622157702,32.59326773075844,33.1151970240449,0,0,-0.4679961634513028,-0.2664449476184344,1,11630.8603515625,1,109.52999877929688,21.0,0,3.452666666666666e-05,0,1,21.0,1,,1,,1
2022-09-04,-0.4093407843768865,-0.4216600936753516,-0.4052059540776165,-0.4134973784593524,-0.0350816482600839,-0.0238120917305226,1.030373855147488,1.0960709277793792,1.1722662162203523,37.010721372985,44.05879105503513,0,0,-0.50109177595072,-0.3067955234115566,1,11630.8603515625,1,109.52999877929688,20.0,0,2.7233333333333332e-05,0,1,21.0,1,,1,,0
2022-09-05,-0.4146664991439223,-0.4207141696719123,-0.4040792659986985,-0.4087219804766888,0.1218752911643605,-0.0234356657041119,1.0367963576747383,1.1013304891351134,1.1788491093003046,34.10313427230744,35.36086126236893,0,0,-0.5000388963579154,-0.3097764045510854,1,11630.8603515625,1,109.52999877929688,23.0,0,4.089e-05,0,1,21.0,1,,1,,0
2022-09-06,-0.4444412916454032,-0.4169837783807468,-0.4312237631806627,-0.4139478595584854,0.7637870058169332,-0.0252488690373372,1.092544590625391,1.1648439498155716,1.250573052497354,22.63304290053709,14.30680936294823,0,1,-0.3417251432964739,-0.2367057605225311,0,11544.91015625,0,110.20999908447266,22.0,0,1.1903333333333332e-05,0,1,21.0,1,,1,,1
2022-09-07,-0.4306137521899937,-0.4388684196980767,-0.43606584945233,-0.443887310737831,0.4046010412640329,-0.0252786819596624,1.049102640899619,1.1179533119819358,1.2016902573029342,34.44731886936816,37.38982989758326,0,0,-0.2511722260973072,-0.245259192239371,0,11791.900390625,0,109.83999633789062,24.0,0,-3.1173333333333335e-05,0,1,21.0,1,,1,,1
2022-09-08,-0.4294068256468306,-0.4391635916641471,-0.42262388366077,-0.4300712045933486,0.2706235958972297,-0.0249176844741702,1.038784886299921,1.1054181281950433,1.1890743188913144,35.440200795561836,39.29292419230755,0,0,-0.2685644771944716,-0.2603343980192297,0,11862.1298828125,0,109.70999908447266,20.0,0,3.2046666666666666e-05,0,1,21.0,1,,1,,1
2022-09-09,-0.3667440753813396,-0.378385993127765,-0.4153392834049726,-0.4289042497142964,0.986646483085317,-0.0193521515572448,0.902865107890194,0.9480311054248628,1.0149352473384334,66.1524233665449,80.44343863262523,0,0,0.2323412780244179,0.1073613755178034,0,12112.3095703125,0,109.0,22.0,0,7.104000000000001e-05,0,1,21.0,1,,1,,1
2022-09-10,-0.3575985446039755,-0.3687416542053406,-0.3575670311090833,-0.3663159571263958,0.4782480794761857,-0.0140415959442828,0.896859350224457,0.9295963971787524,0.9900284916246596,68.66289499982273,82.72249553677294,0,0,0.2219888720212956,0.1173819402993723,1,12112.3095703125,1,109.0,28.0,0,9.921333333333332e-05,0,1,21.0,1,,1,,1
2022-09-11,-0.3548884638105553,-0.3684327451191308,-0.3501588292230651,-0.3571013811602229,0.3717892489016967,-0.009504697256085,0.9053754913055024,0.92787455287922,0.9831992659254756,69.43794813291683,83.48300692178304,0,0,0.170414554271785,0.1026438326973781,1,12112.3095703125,1,109.0,26.0,0,7.942333333333334e-05,0,1,21.0,1,,1,,1
2022-09-12,-0.336523479571217,-0.3483355731778774,-0.3440340799405842,-0.3543029090394896,1.063310664529395,-0.0043768183757995,0.8776256216727518,0.8877588412666247,0.9348011414288422,74.3905085876129,88.18285894211742,1,0,0.1484764217243265,0.1344125968479129,0,12266.41015625,0,108.33000183105467,25.0,0,9.415333333333334e-05,0,1,21.0,1,,1,,0
2022-09-13,-0.399871222848822,-0.3412829709217373,-0.3919628441766429,-0.3359327074814408,1.1019835969301748,-0.0053627524105323,1.0360046511977228,1.0506017797706528,1.1059654604860016,45.223171203336854,38.19627126210284,0,0,0.7131828086456788,0.4132335597885294,0,11633.5703125,0,109.81999969482422,34.0,0,9.988333333333333e-05,0,1,21.0,1,,1,,0
2022-09-14,-0.4015701916679981,-0.4076079590630969,-0.4003366572259301,-0.4027415008040663,0.520423654697232,-0.0062096241394392,1.0339788204337073,1.0507795090972252,1.1058652597418246,44.681039638453115,37.43740019537946,0,0,0.707038515885769,0.4134714255931305,0,11719.6796875,0,109.66000366210938,27.0,0,-7.406666666666667e-06,0,1,21.0,1,,1,,0
2022-09-15,-0.4180621695812936,-0.4120875517526297,-0.4052085050694933,-0.4009777628848118,0.4551626318689547,-0.0081179620609888,1.0639306988110118,1.0863746391837474,1.144491909349992,39.39189120039078,29.779769320757637,0,0,0.7434555872380425,0.4262077097941528,0,11552.3603515625,0,109.73999786376952,28.0,0,3.712333333333334e-05,0,1,21.0,1,,1,,1
2022-09-16,-0.4158818978591715,-0.4255393037680263,-0.412568055896147,-0.4174218743288059,0.179504605424416,-0.0093466614113101,1.0489604846552218,1.074286432748608,1.132371809707504,40.4668872316915,32.22345197374091,0,0,0.7422552130776633,0.4199728708277982,0,11448.400390625,0,109.76000213623048,20.0,0,5.1076666666666665e-05,0,1,21.0,1,,1,,1
2022-09-17,-0.4050377562417336,-0.4167655108051998,-0.400845519367449,-0.4151909487266095,-0.0477704387789524,-0.0093377432073354,1.018223774355434,1.0427002641121887,1.0984150916338211,45.96695494877512,44.93221917485961,0,0,0.7558653122986175,0.435987710384278,1,11448.400390625,1,109.76000213623048,22.0,0,2.942333333333333e-05,0,1,21.0,1,,1,,0
2022-09-18,-0.4266675695565788,-0.4178264391605747,-0.4129593901976278,-0.4044925894527227,0.2292814330598684,-0.0109497981756923,1.0607513264327988,1.0904358571872277,1.149989019747021,37.90697330861294,29.9812340227772,0,0,0.8166465525764165,0.1310823064881341,1,11448.400390625,1,109.76000213623048,27.0,0,5.9373333333333336e-05,0,1,21.0,1,,1,,1
2022-09-19,-0.4228606407939307,-0.4324869990425896,-0.4439693081898576,-0.4261416370823816,0.621815777979449,-0.0117843335552969,1.043056796483392,1.0742841284316635,1.1335171240289987,40.04200964678696,35.0527026223282,0,0,0.8171610306254155,0.1247269139885407,0,11535.01953125,0,109.73999786376952,21.0,0,-1.7026666666666667e-05,0,1,21.0,1,,1,,0
2022-09-20,-0.4428185723750018,-0.4335998231851575,-0.4308106847103273,-0.4222612943272801,0.4728634110502773,-0.0138959631263513,1.07699530914506,1.1146675986084928,1.178374049942501,33.14751940991451,23.27089565123931,0,0,0.7460638384440417,0.1418655654145219,0,11425.0498046875,0,110.22000122070312,23.0,0,5.1296666666666666e-05,0,1,21.0,1,,1,,0
2022-09-21,-0.4533082550180498,-0.4314304736103363,-0.4470792102392788,-0.442249886525446,0.8940044421126312,-0.0162287990053823,1.0853905989635315,1.1292716724448273,1.1966076740483382,30.013526247977524,18.83450185553393,0,0,0.7283596589441481,0.1482508351025008,0,11220.1904296875,0,110.63999938964844,23.0,0,3.131666666666667e-05,0,1,21.0,1,,1,,1
2022-09-22,-0.4268494826036945,-0.4379745675987552,-0.4431833597401972,-0.4531447271581997,0.6639967781074791,-0.0157609045413083,1.0185848124594103,1.058390917055845,1.121190290838782,45.11599796356967,50.5436746857076,0,0,0.8412437229893086,0.2278457195320123,0,11066.8095703125,0,111.3499984741211,22.0,0,-3.649e-05,0,1,21.0,1,,1,,0
2022-09-23,-0.4303903135670194,-0.4377412713789533,-0.4369028177395263,-0.4263301828139392,0.5654613402220332,-0.0154971685617856,1.022780385599876,1.0618870321629326,1.1247352698390498,43.66116656863377,47.24993756831432,0,0,0.2192522455530873,0.2278086653951692,0,10867.9296875,0,113.19000244140624,20.0,0,1.7373333333333332e-05,0,1,21.0,1,,1,,0
2022-09-24,-0.4414065834694455,-0.4423843592804006,-0.4293018337531045,-0.4298558686613259,0.0046803332828268,-0.0159927226605094,1.0411175380987543,1.0819289972680537,1.1466207065072374,39.13131642848688,37.19508355851915,0,0,0.1931680805008249,0.2291793032195419,1,10867.9296875,1,113.19000244140624,24.0,0,3.3226666666666665e-05,0,1,21.0,1,,1,,0
2022-09-25,-0.4455278775470338,-0.4476583567123489,-0.434448702816147,-0.4408743380142655,-0.1180518598939959,-0.0165274882464908,1.0426830789431196,1.0846366138702668,1.150229864333112,37.45393106137803,33.625771185017754,0,0,0.1803609568397131,0.1051394372161944,1,10867.9296875,1,113.19000244140624,24.0,0,2.415e-05,0,1,21.0,1,,1,,1
2022-09-26,-0.4326803655471583,-0.4434461095147582,-0.4336769670355145,-0.4449193599526262,0.7965554295440054,-0.0157332439364122,1.010654092014625,1.0492123146218095,1.111956554257128,45.80931425396723,52.551283714463686,0,0,0.1559645089241325,0.1224570925952798,0,10802.919921875,0,114.0999984741211,21.0,0,2.511e-05,0,1,21.0,1,,1,,0
2022-09-27,-0.4361055095972798,-0.4114777175474706,-0.4276320880939381,-0.4321516516085233,1.431081348628081,-0.0152049073905037,1.0157394379239717,1.0530314541687338,1.11547642207438,44.001149132848965,47.71510247354961,0,0,-0.4964253514309211,0.1089661682355123,0,10829.5,0,114.11000061035156,20.0,0,6.927333333333333e-05,0,1,21.0,1,,1,,1
2022-09-28,-0.4264471737559734,-0.4310183013005152,-0.4389010339717811,-0.4357325885152209,1.189101958165775,-0.0138472276661635,0.9942774985009152,1.0274490273664585,1.086903160395552,50.37440548990213,61.15547375420394,0,0,-0.4566835152421428,0.0761918361543477,0,11051.6396484375,0,112.5999984741211,20.0,0,1.8006666666666665e-05,0,1,21.0,1,,1,,1
2022-09-29,-0.421977148369631,-0.4339963210886658,-0.4273619866445069,-0.4258603698106845,0.6596885925838939,-0.0122691320944376,0.9863052270180164,1.015424731527902,1.072334843685812,53.21768512296002,66.47370260192594,0,0,-0.5123219517479477,0.0581955487147017,0,10737.509765625,0,112.25,22.0,0,6.669e-05,0,1,21.0,1,,1,,0
2022-09-30,-0.4262923477942597,-0.4183489780766434,-0.4167480382999821,-0.4214108098786653,0.7889200650688154,-0.0112371456935466,0.9969448113598852,1.0238512652127456,1.079773405854396,50.02511299276462,56.51445841853307,0,0,-0.5101989119744914,0.0533222743288152,0,10575.6201171875,0,112.12000274658205,21.0,0,0.0001,0,1,21.0,1,,1,,0
2022-10-01,-0.429948686681237,-0.4375464273544132,-0.4178234028518552,-0.4257587579813039,-0.3222080932263916,-0.0105922244565555,1.0046462588646814,1.0301427929763478,1.0852455006328798,47.2536229228578,48.33342142047714,0,0,-0.549360028978996,0.0532885136272946,1,10575.6201171875,1,112.12000274658205,20.0,0,6.734333333333334e-05,0,0,17.0,1,,1,,0
2022-10-02,-0.4381350721173637,-0.4405775757482308,-0.4259231664880923,-0.4294019269126896,-0.2321756908523639,-0.0106192801665634,1.020044079625851,1.0459022074979276,1.101334818214891,41.33719109189877,33.74888335568255,0,0,-0.6579985392270138,0.0573956629425764,1,10575.6201171875,1,112.12000274658205,24.0,0,5.154000000000001e-05,0,1,17.0,1,,1,,1
2022-10-03,-0.4204336021440057,-0.4320643184229183,-0.424225056228772,-0.4375824250074621,0.195403001572634,-0.0091073771475659,0.9820304400013938,1.0033748454432168,1.0544884200629892,55.30060102914626,64.57090340256468,0,0,-0.5608159149339641,0.0899048442832302,0,10815.4296875,0,111.75,24.0,0,7.437333333333334e-05,0,1,17.0,1,,1,,1
2022-10-04,-0.3986451444236897,-0.4102186576516248,-0.4087192772709824,-0.4198786968106471,0.433088833394868,-0.0060809393840804,0.9411081697783183,0.9548151901671236,0.9998470865037886,66.59387375499898,79.91007899664336,0,0,-0.5895831118945127,0.1318059566747232,0,11176.41015625,0,110.06999969482422,20.0,0,0.0001,0,1,17.0,1,,1,,0
2022-10-05,-0.4040253913406317,-0.4113186252586777,-0.4000753020343622,-0.3981180134013223,0.3159083386469887,-0.0040696937179252,0.9606361533488608,0.9700224391566068,1.01281146078945,62.12202256067044,69.940333073186,0,0,-0.6302032593094999,0.1317656739785791,0,11148.6396484375,0,111.06999969482422,25.0,0,0.0001,0,1,17.0,1,,1,,0
2022-10-06,-0.4102959919479993,-0.4093755859323055,-0.3970187886006482,-0.4034598839078493,0.3813564730974932,-0.0029477720197541,0.9792296109626756,0.9861675722635154,1.0273811290237578,56.97678051028676,58.58248642481498,0,0,-0.8163063513161023,0.0427093136609285,0,11073.3095703125,0,112.26000213623048,26.0,0,0.0001,0,1,17.0,1,,1,,0
2022-10-07,-0.42277752997903,-0.4204158276011943,-0.4127012541148568,-0.4096760457449188,0.1400829100337915,-0.0030308589422406,1.0076205267558642,1.0149520864379038,1.056206250291864,47.8706051066878,40.9384654722269,0,0,-0.7603951910592931,0.0416040731170221,0,10652.400390625,0,112.8000030517578,23.0,0,9.171e-05,0,1,17.0,1,,1,,0
2022-10-08,-0.4267573029848707,-0.4336227183853897,-0.4156984266184844,-0.4222388001055088,-0.4226100080040945,-0.0033788906005836,1.0144360291053278,1.0226498416984606,1.0633902329095783,45.2121382109792,36.291555283865016,0,0,-0.8044198291738772,0.0432376833309223,1,10652.400390625,1,112.8000030517578,24.0,0,5.114666666666666e-05,0,1,17.0,1,,1,,1
2022-10-09,-0.4258452318955764,-0.4354007948588069,-0.4141483346259201,-0.4261750502499994,-0.4050190248186637,-0.0035403012932951,1.010361029422145,1.0189196735647807,1.0585803720812768,46.00506601840963,38.42720827685533,0,0,-0.8156112625732439,-0.3694871063616141,1,10652.400390625,1,112.8000030517578,22.0,0,2.324333333333333e-05,0,1,17.0,1,,1,,0
2022-10-10,-0.4351604447673967,-0.4362145137573157,-0.4218071410948825,-0.4252910333010253,0.0607908195632044,-0.0043695112526497,1.0273316150236989,1.038039606773339,1.078280174895975,39.3019676632893,26.383334409037317,0,0,-0.8369364929990312,-0.3765679257153233,0,10542.099609375,0,113.13999938964844,22.0,0,7.436666666666667e-05,0,1,17.0,1,,1,,0
2022-10-11,-0.4379117528207569,-0.4444353582817139,-0.4273231143873367,-0.4346823410573482,0.117390994911778,-0.0051888597407009,1.0284746040886972,1.0411627310759948,1.0814885147585307,37.44274275092926,23.48467558257869,0,0,-0.8384735152392091,-0.3796623233134947,0,10426.1904296875,0,113.22000122070312,24.0,0,0.0001,0,1,17.0,1,,1,,1
2022-10-12,-0.4346728772301617,-0.4456004304453244,-0.42408414429653,-0.4373203703071452,-0.0480904704991922,-0.0055132952925945,1.0176008775107983,1.030906818621892,1.0704047785151138,41.21978432483478,34.73890048396841,0,0,-0.8730759599616511,-0.4207827447966272,0,10417.099609375,0,113.31999969482422,20.0,0,0.0001,0,1,17.0,1,,1,,1
2022-10-13,-0.4277856576192055,-0.4380822337454881,-0.4461615820184543,-0.4341334701128548,0.7996809173286253,-0.0051552452826046,1.0012498190266843,1.0134785139401568,1.051241375324067,48.803954266060224,53.94478712913038,0,0,-0.8608819956494896,-0.8663085210735313,0,10649.150390625,0,112.36000061035156,20.0,0,7.133999999999999e-05,0,1,17.0,1,,1,,0
2022-10-14,-0.4338111022047304,-0.4249827155798175,-0.4214206050876461,-0.4272426009553885,0.5459397646835864,-0.0052966347826532,1.012960066185561,1.0256450163237711,1.0632942451839562,43.17987614164706,40.158640843468056,0,0,-0.8543590113530642,-0.861932168952166,0,10321.3896484375,0,113.30999755859376,24.0,0,7.21e-05,0,1,17.0,1,,1,,0
2022-10-15,-0.4374163694064565,-0.4453196413614511,-0.4244109142083672,-0.433263713426489,-0.4333970688642991,-0.0056346491844512,1.0180301631216446,1.03155793024072,1.0691068035772466,39.99767689292678,33.357601170256444,0,0,-0.8543708204274597,-0.900781423056892,1,10321.3896484375,1,113.30999755859376,24.0,0,4.217333333333333e-05,0,1,17.0,1,,1,,1
2022-10-16,-0.4312928385469209,-0.4399976227146568,-0.4228664708406728,-0.436823409105201,-0.3543518569544636,-0.0053467759641938,1.0031952800011203,1.0158288403424356,1.0519066936093204,47.570137995330946,51.83162463073896,0,0,-0.8659807629157663,-0.893965452902352,1,10321.3896484375,1,113.30999755859376,24.0,0,2.1966666666666668e-05,0,1,17.0,1,,1,,1
2022-10-17,-0.4226581439484368,-0.432597541765762,-0.4196192403952175,-0.4307243126875353,0.0628819177500569,-0.0043714948012733,0.9856719240724852,0.9958240198996964,1.029601509613952,56.501816536863366,68.33503475754108,0,0,-0.9651515024199387,-0.9008324161960294,0,10675.7998046875,0,112.04000091552734,20.0,0,3.876333333333333e-05,0,1,17.0,1,,1,,0
2022-10-18,-0.4292668558178593,-0.4316600126690745,-0.4205075322094588,-0.4221123670658979,0.1995949827702954,-0.0040847587139102,1.0009170424817744,1.0105418362465088,1.0438297056176309,49.113093281880005,50.632071665102146,0,0,-1.203649081987092,-0.9734190616095943,0,10772.400390625,0,112.12999725341795,22.0,0,0.0001,0,1,17.0,1,,1,,0
2022-10-19,-0.4352199886247341,-0.4412356072851607,-0.4210387458988506,-0.4286938660910457,-0.1591687774538914,-0.0042884517615228,1.0124928587963176,1.022695912794605,1.055891389151623,43.23639819419567,38.6165315376806,0,0,-1.2001568968884269,-0.9702652735085996,0,10680.509765625,0,112.9800033569336,23.0,0,9.199333333333332e-05,0,1,17.0,1,,1,,0
2022-10-20,-0.437840813295332,-0.4422340141322092,-0.4258971099282079,-0.4347102649188573,-0.0681610216615801,-0.0046082377211357,1.0156850796778705,1.0266600758958544,1.059662981123081,40.7589791500409,33.89498589866899,0,0,-1.2095817893852543,-1.0468048019255745,0,10614.83984375,0,112.87999725341795,23.0,0,6.038666666666667e-05,0,1,17.0,1,,1,,1
2022-10-21,-0.4342139480211048,-0.4445729056000319,-0.4321318555509001,-0.4373033653914825,0.2822739458791272,-0.0045169441608241,1.0061460395414792,1.0167882660847505,1.0487923718248149,45.724817918703536,46.06323324279192,0,0,-1.268853572136612,-1.0704448513850782,0,10859.7197265625,0,112.01000213623048,23.0,0,2.767e-05,0,1,17.0,1,,1,,1
2022-10-22,-0.4331227680543289,-0.4442517857403649,-0.4208970443738848,-0.4336625831149267,-0.4372596022409141,-0.0043068970246454,1.0030593382353794,1.0131648947012184,1.044266561452175,47.25953011095712,49.77210885751586,0,0,-1.27428953824276,-1.2291640844532667,1,10859.7197265625,1,112.01000213623048,20.0,0,3.9206666666666665e-05,0,1,17.0,1,,1,,1
2022-10-23,-0.4221617462600134,-0.4322714319265573,-0.4211472845294181,-0.4325825621380517,-0.1722174171736899,-0.003218865227527,0.9810444703896604,0.9884381754163892,1.0171277818883038,60.277986054655685,73.85300189617328,0,0,-1.1969426207764726,-1.203936478659679,1,10859.7197265625,1,112.01000213623048,23.0,0,3.499e-05,0,1,17.0,1,,1,,0
2022-10-24,-0.4289260597125378,-0.4340005478948625,-0.4185933164954328,-0.4215837826874583,0.1829746563914776,-0.0028693397903561,0.9972602981901596,1.003957966063904,1.0320724235849157,51.26697071455948,52.96047618785295,0,0,-1.223912139800289,-1.2233852935648384,0,10952.6103515625,0,111.98999786376952,22.0,0,7.442666666666668e-05,0,1,17.0,1,,1,,1
2022-10-25,-0.4060066863450985,-0.4111784361864867,-0.416879110692128,-0.4283902835966896,0.9554977905110348,-0.0007344699650806,0.9521798127068408,0.9538227746834588,0.977809179968806,69.24279422854868,79.35077481947528,0,0,-0.9960163426584416,-1.1230472935186586,0,11199.1201171875,0,110.9499969482422,20.0,0,4.3933333333333335e-05,0,1,17.0,1,,1,,1
2022-10-26,-0.3853997983148711,-0.3934529721667221,-0.3915446637225539,-0.4055617511501219,1.445358247307196,0.0025903731877896,0.9174224114280844,0.9118000364950556,0.9308019908195492,77.75518800261992,87.65410577233094,1,0,-0.8768257307860697,-1.0823937893463105,0,10970.990234375,0,109.6999969482422,33.0,0,4.676666666666667e-05,0,1,17.0,1,,1,,0
2022-10-27,-0.4002033081293226,-0.3959804848610731,-0.3859701998306389,-0.3847710042636456,1.0374864687753294,0.0039848805937255,0.9596503399150011,0.9505673143529334,0.9678242028084222,63.24613657230542,63.28091614973738,0,0,-0.7780457687333668,-1.0392937097578494,0,10792.669921875,0,110.58999633789062,32.0,0,-2.956666666666666e-06,0,1,17.0,1,,1,,1
2022-10-28,-0.3907483640812658,-0.3998598123650311,-0.3912352041127379,-0.3995826438040266,0.7897765544798365,0.0057862721823383,0.9461518214708702,0.9330786554965816,0.947003093045382,67.68935304296971,70.31110696065119,0,0,-0.7891046038614318,-1.04174356069492,0,11102.4501953125,0,110.66999816894533,30.0,0,-1.0533333333333325e-06,0,1,17.0,1,,1,,1
2022-10-29,-0.3839324419748368,-0.3919422998908887,-0.3762953201862841,-0.3901995700068667,0.630299710983201,0.0076753987268374,0.9398199100355916,0.9224878011917028,0.9330278129893478,70.64152425607223,74.9254763625491,1,0,-0.8039042467225227,-1.038473691068207,1,11102.4501953125,1,110.66999816894533,34.0,0,3.8146666666666665e-05,0,1,17.0,1,,1,,0
2022-10-30,-0.3895187655282949,-0.3940880497977782,-0.3768868466121916,-0.3833908017755469,0.2394692264998729,0.0086223820468746,0.9603656638504654,0.9403745781450168,0.9485899505880784,65.02311903362929,64.04722959056548,0,0,-0.7801582898801369,-1.0362531214020303,1,11102.4501953125,1,110.66999816894533,34.0,0,1.944e-05,0,1,17.0,1,,1,,0
2022-10-31,-0.393790231839268,-0.397745587387692,-0.3849723975794009,-0.3890206221872946,0.8634134361972097,0.0089253160301095,0.9752636665912248,0.9541721672957402,0.960536883154209,60.75961372604315,55.78932043098943,0,0,-0.7787812717493608,-1.035518847142128,0,10988.150390625,0,111.52999877929688,31.0,0,1.637333333333333e-05,0,1,17.0,1,,1,,0
2022-11-01,-0.3941109811148647,-0.4021950053774316,-0.3827213294618342,-0.393260753157995,0.6060787449980851,0.0090353576299742,0.9796665195939718,0.9581467746594844,0.9627796905066596,60.4163797166924,55.07830705562134,0,0,-0.8050152708655437,-1.0534020181823565,0,10890.849609375,0,111.4800033569336,30.0,0,3.1200000000000006e-06,0,0,25.0,1,,1,,0
2022-11-02,-0.4040624421777123,-0.3993238885626728,-0.3912020412183395,-0.3936254936823659,1.2982481790009497,0.0082247567743706,1.003723510791216,0.9836270699700164,0.9875902470834442,50.25361856356764,36.06457359616193,0,0,-0.7791121318264191,-1.0885503332744786,0,10524.7998046875,0,111.3499984741211,30.0,0,4.0119999999999995e-05,0,1,25.0,1,,1,,1
2022-11-03,-0.4025202682053123,-0.4101659986910907,-0.3912298591773769,-0.4034094658245689,0.7560777957429692,0.007618963637159,0.999909144394073,0.9813359587186884,0.9844455427527056,51.70620759278525,40.32144357854496,0,0,-0.7879886171263053,-1.183860513167719,0,10342.9404296875,0,112.93000030517578,30.0,0,3.353333333333333e-05,0,1,25.0,1,,1,,1
2022-11-04,-0.3738898155672883,-0.3852946491506503,-0.3880647463751936,-0.4020017571395562,1.6731112211215704,0.0093414243396742,0.9390759094245202,0.9175481404566224,0.917502993079568,70.28979788790613,77.46359447839994,1,0,-0.6015259599814995,-1.0413683657666128,0,10475.25,0,110.87999725341795,30.0,0,4.1586666666666666e-05,0,1,25.0,1,,1,,1
2022-11-05,-0.3697518157982627,-0.3781612679316398,-0.3597777085219341,-0.3734058136303004,0.5192651187294258,0.0109145724575253,0.938985188433832,0.9136607330146472,0.910657363969705,72.08140208034949,79.87706029111058,1,0,-0.6045362448741788,-1.0502421995114182,1,10475.25,1,110.87999725341795,38.0,0,6.316666666666667e-05,0,1,25.0,1,,1,,0
2022-11-06,-0.3806330082527812,-0.3812123762436085,-0.3652958076409522,-0.3691220665425846,0.3976909941601871,0.0111546979670763,0.9716078705446252,0.9447086145564392,0.9397614630384687,60.93277567806905,58.072337266214696,0,0,-0.5645020102626888,-1.0615993940436337,1,10475.25,1,110.87999725341795,40.0,0,7.696333333333332e-05,0,1,25.0,1,,1,,0
2022-11-07,-0.3905203313931463,-0.3899930377665047,-0.3786746667525125,-0.380133077599181,1.20844016980679,0.0104269790933669,0.9973302374496392,0.9714612562781988,0.9655292678736588,52.43054890827747,43.63956179906209,0,0,-0.5484148437783335,-1.0448752145035385,0,10564.51953125,0,110.12000274658205,33.0,0,9.271e-05,0,1,25.0,1,,1,,0
2022-11-08,-0.4534954780885153,-0.4016744624531781,-0.4684362357076156,-0.3900294611838696,4.089311991329773,0.0047143445802219,1.1306481416015797,1.1175131895232666,1.1159248739495302,25.88570770854052,14.02922326467943,0,1,0.2184557453823009,-0.4290850740081801,0,10616.2001953125,0,109.62000274658205,31.0,0,5.057666666666666e-05,0,1,25.0,1,,1,,0
2022-11-09,-0.5347669665303704,-0.4640177404515926,-0.5281705348152209,-0.4528663835386692,3.3815485871678628,-0.0062982866044153,1.2682464909454143,1.2874774591887348,1.2998082586956996,14.758957449329529,6.472425382638264,0,1,1.1884516023661995,0.4020242140285051,0,10353.169921875,0,110.5500030517578,29.0,0,-0.00013185,0,1,25.0,1,,1,,1
2022-11-10,-0.4826531146177543,-0.4801328500160512,-0.5234646229194531,-0.5341456440937496,2.5147184348395646,-0.010697410752006,1.1197348597506995,1.148231133622739,1.1652283021610377,35.32704347925245,35.96326131093895,0,0,1.743384897732673,0.7298978486809139,0,11114.150390625,0,108.20999908447266,22.0,0,-0.00084986,0,1,25.0,1,,1,,0
2022-11-11,-0.4995299797291291,-0.4922570326518304,-0.5014018534008203,-0.4822091710105539,1.3123022901903052,-0.0153684128052765,1.131236108548747,1.1720265269494825,1.1963096562593836,32.405265429973625,31.65355876551314,0,0,1.7309430164550708,0.7500539258138752,0,11323.330078125,0,106.29000091552734,25.0,0,-0.0001084366666666,0,1,25.0,1,,1,,0
2022-11-12,-0.5067119354675866,-0.5098185318145475,-0.4980341796960391,-0.4989005398949198,0.1616574171075081,-0.0194258107371997,1.1220386620012563,1.1724732871724577,1.2034332580282217,31.140627675984778,29.63829834846466,0,0,1.7067530384244098,0.7455520886296597,1,11323.330078125,1,106.29000091552734,21.0,0,3.1383333333333335e-05,0,1,25.0,1,,1,,0
2022-11-13,-0.5203306537800296,-0.5142041954774866,-0.5083319265236448,-0.506145349963652,0.0512949515459804,-0.0234697004838622,1.1258342716876062,1.1860639737579224,1.224455973566081,28.690804673085793,25.52894287023915,0,1,1.709364149137309,0.7577532195297874,1,11323.330078125,1,106.29000091552734,22.0,0,-1.4026666666666667e-05,0,1,25.0,1,,1,,1
2022-11-14,-0.512240624385586,-0.5085366354241111,-0.5222542076428645,-0.5198220456328863,1.0377122804460457,-0.0257251707270311,1.0901611690975903,1.1533031856540543,1.195785507396359,32.33923469805373,32.897947807069485,0,0,1.7448371957603686,0.7696269729508846,0,11196.2197265625,0,106.66000366210938,24.0,0,-4.195333333333334e-05,0,1,25.0,1,,1,,1
2022-11-15,-0.5041023274755253,-0.5102607614128786,-0.5014308253799925,-0.511712580352487,0.4644202921488015,-0.0265499038338163,1.060951712307262,1.1237441451587449,1.1686849922089884,36.13215803445978,40.76036157063362,0,0,1.7721373804268068,0.7748033857480006,0,11358.41015625,0,106.4000015258789,22.0,0,-8.771333333333333e-05,0,1,25.0,1,,1,,0
2022-11-16,-0.5106753607610922,-0.5130160519967191,-0.5049274456503555,-0.5035603044510776,0.3467807046990078,-0.0274178437797609,1.0625602970886825,1.1268447674193371,1.1754454528297524,34.33826825256557,36.19346390704015,0,0,1.7719606934767798,0.7663630346182843,0,11183.66015625,0,106.27999877929688,23.0,0,-6.237333333333334e-05,0,1,25.0,1,,1,,1
2022-11-17,-0.5101231183327212,-0.5200451132905691,-0.5039767152730346,-0.5100952637070434,0.080319870885422,-0.027741346121702,1.0514770151031525,1.115248099276003,1.1662086983776918,34.65278284350835,36.984386706040354,0,0,1.770321139022211,0.766421822329971,0,11144.9599609375,0,106.69000244140624,20.0,0,-4.127e-05,0,1,25.0,1,,1,,1
2022-11-18,-0.5098097076287202,-0.5134139001299847,-0.5007447907788399,-0.5095610706897536,0.0360301794916461,-0.027653660252286,1.0426771096718563,1.1051841612016635,1.1579770562379594,34.85711063672311,37.56996543548611,0,0,1.6396127602573811,0.7664047066326234,0,11146.0595703125,0,106.93000030517578,23.0,0,1.7233333333333337e-06,0,1,25.0,1,,1,,1
2022-11-19,-0.5093890821836019,-0.517897895742639,-0.5005644599483112,-0.5093072499485998,-0.437181179389246,-0.0272362649031069,1.03515729601619,1.0958084265237416,1.1499406483646093,35.17101632314956,38.59111369090713,0,0,1.6306494695565317,0.76715713592125,1,11146.0595703125,1,106.93000030517578,23.0,0,4.094666666666667e-05,0,1,25.0,1,,1,,0
2022-11-20,-0.5222103423826473,-0.5194337527387279,-0.5105691767685455,-0.5087971024787207,-0.2080917327723794,-0.0276216395610459,1.0513116205160205,1.1132150211912135,1.1706721547174297,30.074096177627094,23.18109680976843,0,0,1.6330403073628872,0.7751806318278834,1,11146.0595703125,1,106.93000030517578,24.0,0,5.98e-06,0,1,25.0,1,,1,,0
2022-11-21,-0.5376230431343161,-0.5331265207657996,-0.5307717265678777,-0.5216795790869536,0.5009384171089666,-0.0288382979477575,1.0688010937866783,1.1338030235518677,1.195601595120768,25.04065946326105,14.13452811252168,0,1,1.6393164546496646,0.7909212754482156,0,11024.509765625,0,107.83999633789062,21.0,0,2.994e-05,0,1,25.0,1,,1,,1
2022-11-22,-0.525328101710322,-0.5342739812369238,-0.528981750232042,-0.5372267558127072,0.2060541894699689,-0.0284820857103866,1.0372797894453087,1.0990915239228471,1.160601178120433,35.04683207095799,39.32130483248165,0,0,1.3665245972444162,0.8009749180764054,0,11174.41015625,0,107.22000122070312,22.0,0,8.096666666666667e-06,0,1,25.0,1,,1,,1
2022-11-23,-0.5124694923582773,-0.5226975515902895,-0.5130006971924446,-0.5246011429305362,0.3042533723445254,-0.0268526618643017,1.01004239020264,1.066485904667852,1.1263537507997692,44.058260628305824,56.93598679540981,0,0,0.2285332347919023,0.8262062474268375,0,11285.3203125,0,106.08000183105467,22.0,0,6.338666666666667e-05,0,1,25.0,1,,1,,0
2022-11-24,-0.5126601758933977,-0.5186914786060718,-0.5026990935080727,-0.5118912214665009,0.0037737805422353,-0.0252852457214323,1.0088013054623095,1.061623156326797,1.1211988305129126,43.95391890434205,56.611050878543736,0,0,-0.6421631149757404,0.7759494464744164,1,11285.3203125,1,106.08000183105467,20.0,0,4.568e-05,0,1,25.0,1,,1,,0
2022-11-25,-0.5151841075536591,-0.5237458582327159,-0.5062244428060007,-0.5121773813805991,-0.324024286549478,-0.0239704014602143,1.011625089113705,1.061592914977766,1.121147336701893,42.41962080961122,51.43094643443615,0,0,-0.7392669891585752,0.7327461073434627,0,11226.3603515625,0,105.95999908447266,20.0,0,1.2826666666666664e-05,0,1,25.0,1,,1,,0
2022-11-26,-0.5169424412406214,-0.5218358114769348,-0.5053591706565523,-0.514642497487974,-0.3538638580030225,-0.0228073517894427,1.0127286004483695,1.060095018154642,1.1194873008703825,41.261824443910875,47.40195798580553,0,0,-0.7570284401798674,0.7258773623724519,1,11226.3603515625,1,105.95999908447266,22.0,0,1.6423333333333333e-05,0,1,25.0,1,,1,,0
2022-11-27,-0.5175428318582421,-0.524013673369791,-0.5047124334778827,-0.5164049824134428,-0.2463446210931154,-0.0216841121047515,1.0117404933644354,1.056526772756808,1.1155036246867085,40.82284000883113,45.76958348142774,0,0,-0.8476995648443592,0.7131703727795397,1,11226.3603515625,1,105.95999908447266,26.0,0,5.936666666666664e-06,0,1,25.0,1,,1,,0
2022-11-28,-0.5244864331777992,-0.5273642391596686,-0.5166071923272153,-0.5171277808286611,0.07478137438186,-0.021110874142468,1.021336852604659,1.065123419382351,1.1247151917163,35.747704515272716,29.894776591394265,0,0,-0.8620836735643636,0.7045624485911771,0,11049.5,0,106.68000030517578,28.0,0,9.533333333333334e-06,0,1,25.0,1,,1,,1
2022-11-29,-0.5175319731588078,-0.5261822597712711,-0.5139680393859157,-0.5239275096048127,-0.1082972889220243,-0.0198664045791359,1.0065873404192804,1.047044820288762,1.105043688544303,43.81927933343678,52.08704937175288,0,0,-0.871222157340853,0.7176949715517628,0,10983.7802734375,0,106.81999969482422,26.0,0,2.8486666666666663e-05,0,1,25.0,1,,1,,1
2022-11-30,-0.495428255175796,-0.5060835614833356,-0.504449620576671,-0.516967278291354,0.1531169585061291,-0.0169017354858105,0.9690232424574984,1.002153039160185,1.0554531041902742,61.538529405842525,79.53753431663598,0,0,-0.6599684706419697,0.784847757466946,0,11468.0,0,105.9499969482422,29.0,0,5.6510000000000006e-05,0,1,25.0,1,,1,,0
2022-12-01,-0.5015815579640002,-0.5058863692331306,-0.4906760258411274,-0.4948947187621393,-0.1384908176172588,-0.0148772384358448,0.9839258843514732,1.0135038676607382,1.065696665069483,55.877613032308574,65.58949710884744,0,0,-0.6394369623267617,0.7848867342441934,0,11482.4501953125,0,104.7300033569336,27.0,0,2.0093333333333336e-05,0,0,18.0,1,,1,,1
2022-12-02,-0.4978691953475241,-0.5091577411124614,-0.4910027957529646,-0.500983731563149,-0.2861247227325321,-0.012825409957938,0.9801655703757784,1.005555499517108,1.0554164550764804,58.53302548025452,69.84354265895558,0,0,-0.6358306520135629,0.7866826706916484,0,11461.5,0,104.5500030517578,27.0,0,2.4249999999999997e-05,0,1,18.0,1,,1,,0
2022-12-03,-0.5033807012686164,-0.5083347467225765,-0.4906837395546597,-0.4972746312920888,-0.4322733817876447,-0.0115113578056145,0.9923877920354895,1.0154320252192848,1.0642995409815637,53.062506344834546,56.111843562420695,0,0,-0.6201464039812782,0.7855097886171238,1,11461.5,1,104.5500030517578,27.0,0,6.141666666666666e-05,0,1,18.0,1,,1,,1
2022-12-04,-0.4965915082684872,-0.5070805593949852,-0.4902079795696373,-0.5028323747279752,-0.4055795976017756,-0.009809058155714,0.982175956100907,1.0016078458005055,1.0478926903590458,58.56646697857897,66.82459194899471,0,0,-0.6941374417969048,0.7232059915111395,1,11461.5,1,104.5500030517578,26.0,0,5.7306666666666665e-05,0,1,18.0,1,,1,,0
2022-12-05,-0.5013465446833872,-0.5004563909113953,-0.4896173642122572,-0.4960894185035884,-0.1686849385748776,-0.0087428826094796,0.992866680107774,1.0103604698972404,1.055528853753971,53.496934399664184,54.41990579095408,0,0,-0.8326722232828082,0.7181885408723614,0,11239.9404296875,0,105.29000091552734,26.0,0,1.4633333333333324e-06,0,1,18.0,1,,1,,1
2022-12-06,-0.4978434208521637,-0.5090614638602029,-0.4890734563013834,-0.5007834912229251,-0.2707168710937372,-0.0075284744245034,0.9880680187788204,1.0030554075603428,1.0461778496461047,56.68417624922501,61.44935767905041,0,0,-0.8910003949712966,0.7208682105067568,0,11014.8896484375,0,105.58000183105467,25.0,0,2.8763333333333333e-05,0,1,18.0,1,,1,,0
2022-12-07,-0.5052168954103134,-0.5085350503717874,-0.4949622388352606,-0.4972927102024249,-0.2801546166222511,-0.0070794178406338,1.0022854648895223,1.016562739063544,1.05911111646734,48.59523428815902,42.887172757552605,0,0,-0.9291111854269896,0.7202581384919251,0,10958.5498046875,0,105.0999984741211,29.0,0,2.3509999999999997e-05,0,1,18.0,1,,1,,1
2022-12-08,-0.4934454685917365,-0.5037697960301267,-0.4937735373585757,-0.5046903855130085,-0.2440258465021375,-0.0057078845561697,0.982115658402347,0.993401224322524,1.0330391221647364,59.29515993802475,65.23858132766827,0,0,-0.8677651520392542,0.4493559554157341,0,11082.0,0,104.7699966430664,25.0,0,1.1673333333333334e-05,0,1,18.0,1,,1,,0
2022-12-09,-0.4965100680227302,-0.5033901466457636,-0.4840693820455395,-0.4929350961477254,-0.2514248325572834,-0.0048127437943907,0.9900101339385864,0.999602631874048,1.037849115333484,55.805773836740734,57.43599261735768,0,0,-0.8658650386003887,-0.418361098659075,0,11004.6201171875,0,104.80999755859376,26.0,0,2.7943333333333337e-05,0,1,18.0,1,,1,,0
2022-12-10,-0.4966453244601889,-0.505305418203649,-0.4834521634871586,-0.4959267083105638,-0.5867400370343614,-0.0040673662889264,0.9917629202786732,0.9998842007002984,1.0365817708313856,55.63903318629375,57.03457596205256,0,0,-0.8699897158664887,-0.966840173449126,1,11004.6201171875,1,104.80999755859376,27.0,0,-2.15e-06,0,1,18.0,1,,1,,0
2022-12-11,-0.4973946940475203,-0.5044395099897392,-0.4843497482003797,-0.4960644779606165,-0.5244559234114677,-0.0034968080817666,0.9942904558075476,1.0012895786480642,1.0365951721834332,54.596209530066226,54.23453715161508,0,0,-0.8697146008882958,-1.034082009606926,1,11004.6201171875,1,104.80999755859376,26.0,0,8.313333333333334e-06,0,1,18.0,1,,1,,1
2022-12-12,-0.4942713860437612,-0.5054335139136661,-0.4903337677643241,-0.4968957498378511,-0.2826985488963991,-0.0027607871034154,0.9898672666707028,0.9953706433493612,1.0288721341573226,58.35034044020724,64.04416798564428,0,0,-0.912217642403392,-1.0464205994260742,0,11143.740234375,0,105.12999725341795,27.0,0,1.1246666666666669e-05,0,1,18.0,1,,1,,1
2022-12-13,-0.476710184215293,-0.483866763645714,-0.4837295534848093,-0.4937204249194855,0.0260223012151522,-0.0007517769363005,0.9613983360269668,0.9628581591850872,0.992615924719311,72.89174138020971,86.20751765508939,1,0,-0.8151833770699252,-1.036453913184039,0,11256.8095703125,0,103.9800033569336,27.0,0,4.991333333333333e-05,0,1,18.0,1,,1,,1
2022-12-14,-0.4756614247721312,-0.472191150817561,-0.464207905933925,-0.4761355521331967,-0.0223837830425856,0.0009144628588856,0.9653302031121256,0.9635420088899602,0.9908039341980668,73.52859746444622,86.85281406271216,1,0,-1.039341262604372,-1.0492364100978802,0,11170.8896484375,0,103.7699966430664,30.0,0,0.0001,0,1,18.0,1,,1,,0
2022-12-15,-0.4894318068975515,-0.4863717920793241,-0.4771733221477389,-0.4751708662509739,-0.223442965719861,0.0011110081373155,0.9943049766388072,0.992065816528089,1.0187091540246085,54.22765484663448,47.74549447527779,0,0,-0.9471641301138743,-1.0118138392282974,0,10810.5302734375,0,104.55999755859376,31.0,0,8.393333333333333e-05,0,1,18.0,1,,1,,0
2022-12-16,-0.5113460346091172,-0.4966279024930811,-0.5001200407206323,-0.4888904322075892,-0.0885028482658315,-0.0004958079792226,1.032656707713991,1.0336917202914455,1.0616437763493212,36.59077022692623,24.417036757023396,0,0,-0.7165013717925733,-0.9046390473674976,0,10705.41015625,0,104.6999969482422,29.0,0,2.8536666666666667e-05,0,1,18.0,1,,1,,1
2022-12-17,-0.5068369895006318,-0.5178163536064274,-0.499208000386776,-0.5108114391551088,-0.5094494062655194,-0.0013893633555573,1.019855616467148,1.0227147916576442,1.050129148614772,41.13601258112708,33.35100462963794,0,0,-0.7151878204220266,-0.8999317096844303,1,10705.41015625,1,104.6999969482422,28.0,0,6.51e-05,0,1,18.0,1,,1,,0
2022-12-18,-0.5079707689805729,-0.5173715996655067,-0.4966022836604329,-0.5062710073404433,-0.6651581491514972,-0.0021640531005949,1.0186677341431825,1.023107735573682,1.0503167354930874,40.29794434802716,32.07974535827107,0,0,-0.7391387108625715,-0.8995915795751308,1,10705.41015625,1,104.6999969482422,26.0,0,4.151666666666666e-05,0,1,18.0,1,,1,,0
2022-12-19,-0.5176939587025662,-0.5176078311673896,-0.5059217858411894,-0.5073881407999224,-0.3881331551669253,-0.0035219812478847,1.032106040204422,1.0394043584269068,1.0674731524311558,33.53697265177105,22.34187896845783,0,0,-0.7093439316152577,-0.8774584957770389,0,10546.0302734375,0,104.72000122070312,29.0,0,4.819e-05,0,1,18.0,1,,1,,1
2022-12-20,-0.5034397081573004,-0.511432349902709,-0.5049972334995565,-0.5170799880656934,-0.1461150086943303,-0.0034086573169609,1.00311876359025,1.009978387571733,1.0365332734732322,48.229384357356814,51.26094940476697,0,0,-0.6169896401385252,-0.871373401200558,0,10547.1103515625,0,103.97000122070312,29.0,0,3e-05,0,1,18.0,1,,1,,0
2022-12-21,-0.5061513998566807,-0.5143233679299773,-0.4947957562463488,-0.5029436525094166,-0.4909994686221656,-0.0034973429503249,1.0072013892882392,1.0142600681308602,1.0403980371354036,45.997405205371315,46.83689734445546,0,0,-0.6355651499801399,-0.936963171108422,0,10709.3701171875,0,104.16000366210938,26.0,0,6.367333333333335e-05,0,1,18.0,1,,1,,1
2022-12-22,-0.5057601883611287,-0.5158300482221806,-0.4998803689600172,-0.5055753571239145,-0.422427433379221,-0.0034957624816591,1.0054294043532075,1.0124654568961844,1.0379822219541432,46.41024295915855,47.705064295903746,0,0,-0.6991138219345412,-0.9727815103972663,0,10476.1201171875,0,104.43000030517578,28.0,0,6.094333333333333e-05,0,1,18.0,1,,1,,0
2022-12-23,-0.5067801304865612,-0.5146714923847899,-0.4935970330158621,-0.5052312611638219,-0.4713635566588534,-0.0035360493782472,1.0063025431834296,1.0134182167904489,1.0384434661948834,45.366926721242905,45.14246412785639,0,0,-0.7012720009756824,-1.0137133952650526,0,10497.8603515625,0,104.30999755859376,27.0,0,9.634333333333334e-05,0,1,18.0,1,,1,,1
2022-12-24,-0.5052282314152173,-0.5158892822145762,-0.4936260049950343,-0.506229240880921,-0.7170600123739362,-0.0034035181105864,1.0027240864065758,1.0095434985579252,1.0338337996306466,47.4412801529276,50.53329859622432,0,0,-0.699186034675926,-1.0132981582426548,1,10497.8603515625,1,104.30999755859376,29.0,0,6.99e-05,0,1,18.0,1,,1,,0
2022-12-25,-0.5054044764598811,-0.5160139729973792,-0.494816224919265,-0.5046856122033488,-0.6329526065877954,-0.0032749559744085,1.002599745204542,1.0091559461377153,1.0328094899419902,47.206409131103314,49.79237282300786,0,0,-0.6991201555634455,-1.0153511720667658,1,10497.8603515625,1,104.30999755859376,29.0,0,1.812e-05,0,1,18.0,1,,1,,1
2022-12-26,-0.5030273162315333,-0.51422350963358,-0.4930400664560951,-0.5048461744070266,-0.6228083043534756,-0.0029472782030686,0.9982089863956404,1.0040814452115372,1.026826140329819,50.983074874850445,60.26872010737788,0,0,-0.7011837195414348,-1.0155895926744798,1,10497.8603515625,1,104.30999755859376,28.0,0,3.753333333333332e-06,0,1,18.0,1,,1,,0
2022-12-27,-0.5092171925513486,-0.5130295542942919,-0.4983359255923228,-0.5024926344129469,-0.4529157393165953,-0.0031507426960147,1.0088637046941944,1.015200860063501,1.0378554004802594,41.963766584866235,34.94973378755533,0,0,-0.8522299438148022,-1.004706812463585,0,10353.23046875,0,104.18000030517578,27.0,0,3.902666666666667e-05,0,1,18.0,1,,1,,0
2022-12-28,-0.5142453670212488,-0.5187908085516946,-0.5028300444244149,-0.5086907770060511,-0.3976079848029551,-0.0036753542342863,1.0158833093957782,1.0233131792759118,1.0461300859054825,35.99522323956133,24.02026172351546,0,0,-0.8549783154074112,-1.0115682720689645,0,10213.2900390625,0,104.45999908447266,28.0,0,5.375666666666666e-05,0,1,18.0,1,,1,,1
2022-12-29,-0.5115031277718117,-0.5222898996148733,-0.5024840205976981,-0.5137032294796889,-0.5090685996784218,-0.0038257361633555,1.008841660932638,1.0165117807309272,1.0388994279486758,41.25322614802436,38.09696602709635,0,0,-0.907233591323798,-1.0222622149292848,0,10478.08984375,0,103.83999633789062,28.0,0,9.505666666666667e-05,0,1,18.0,1,,1,,0
2022-12-30,-0.5127175718761217,-0.5225402204707452,-0.5056003001268113,-0.510984113632048,-0.4449709819785048,-0.0039968373621057,1.0094917529914162,1.0174988478971174,1.0396794847116604,39.59123913987412,34.3401782308018,0,0,-1.18822158399481,-1.160213184408091,0,10466.48046875,0,103.5199966430664,28.0,0,9.044e-05,0,1,18.0,1,,1,,0
2022-12-31,-0.5144004316356974,-0.522974289984891,-0.5022092423298261,-0.5121344812600327,-0.6513070863347642,-0.0042195882267097,1.0108138171615688,1.0192651870263454,1.0413322302864203,37.195298485136234,29.047822918774003,0,0,-1.2054849552238702,-1.1690015622138186,1,10466.48046875,1,103.5199966430664,25.0,0,0.0001,0,1,18.0,1,,1,,1
2023-01-01,-0.5120304309893942,-0.522930612987525,-0.5020937188405483,-0.5138378964784629,-0.7390696525360113,-0.0041569617787403,1.005204575301743,1.0134753829290029,1.035051548681356,42.818468217568245,44.97235417085837,0,0,-1.19950114993339,-1.1716418293690625,1,10466.48046875,1,103.5199966430664,26.0,0,6.897e-05,0,0,20.0,1,,1,,1
2023-01-02,-0.5100940026990733,-0.5190560993461799,-0.5005079129617089,-0.5114674112350913,-0.6135333652959147,-0.0039060497774996,1.001186923531543,1.0089219229193311,1.0298795781743355,47.26941580978331,55.783605211557315,0,0,-1.2817957975412122,-1.177895212947137,1,10466.48046875,1,103.5199966430664,27.0,0,-1.0580000000000002e-05,0,1,20.0,1,,1,,0
2023-01-03,-0.5103571173392112,-0.5190229306586641,-0.4989485888080666,-0.5095324904981663,-0.5341087894871487,-0.0036859421150285,1.00144092003565,1.0087367975078665,1.0291834222901473,46.699513323372216,53.86628617647526,0,0,-1.5223890057356346,-1.1930212753366711,0,10386.98046875,0,104.5199966430664,26.0,0,7.433e-05,0,1,20.0,1,,1,,1
2023-01-04,-0.5047552813579899,-0.5128870757020777,-0.4975369792316712,-0.5097965141887177,-0.3353095930459113,-0.003024617946613,0.9919063206075835,0.9978372124852152,1.017173301101552,58.87874645928385,76.64931719619983,0,0,-1.4807939308909657,-1.1882983197677328,0,10458.759765625,0,104.25,29.0,0,4.936e-05,0,1,20.0,1,,1,,0
2023-01-05,-0.5055648510976795,-0.5153086247133027,-0.4937268906499714,-0.5041978396224995,-0.5433618725580965,-0.0025365989568996,0.9944921416252788,0.9994792646465392,1.018053976583725,56.717627803981074,69.98913199188402,0,0,-1.479889380077165,-1.1922396437451146,0,10305.240234375,0,105.04000091552734,29.0,0,5.7056666666666665e-05,0,1,20.0,1,,1,,1
2023-01-06,-0.5020447829222837,-0.5120632594332101,-0.4960238158834186,-0.5050226675316936,-0.511645595081563,-0.001844537626672,0.9894603270707376,0.9930704626374136,1.0105310756861123,63.4484820938129,80.04262496929198,0,0,-1.4664345129959353,-1.204426235090125,0,10569.2900390625,0,103.87999725341795,26.0,0,6.945333333333333e-05,0,1,20.0,1,,1,,1
2023-01-07,-0.5019497991338258,-0.5125735288701799,-0.4898736174200715,-0.5014898217198174,-0.8063643562163081,-0.0012737269075948,0.990908411630164,0.9934063198219718,1.0099303769282708,63.624603921669745,80.2802958451528,0,0,-1.468586905064467,-1.2479231931633097,1,10569.2900390625,1,103.87999725341795,25.0,0,4.393e-05,0,1,20.0,1,,1,,1
2023-01-08,-0.4977933037778517,-0.5090830675363195,-0.4895670124916415,-0.5014278283606122,-0.7159956954437662,-0.000480422846786,0.9853250231597696,0.986262902160248,1.0015058860712898,70.74275121634426,88.36490501500894,1,0,-1.450402749002151,-1.2446308696303543,1,10569.2900390625,1,103.87999725341795,25.0,0,7.703e-05,0,1,20.0,1,,1,,1
2023-01-09,-0.4945732817533071,-0.5001015740134379,-0.4842822076535465,-0.4971556565488211,-0.3263788665296389,0.0004034544318373,0.9821317479530696,0.981345507240839,0.9952216187835988,75.09851172577288,91.82628010968904,1,0,-1.445869073278833,-1.2414375216964593,0,10635.650390625,0,103.0,25.0,0,2.0116666666666667e-05,0,1,20.0,1,,1,,1
2023-01-10,-0.4869443891057174,-0.4972532349876281,-0.4821365197956522,-0.4941326002085995,-0.4502866473491422,0.0016999257367563,0.971919192990313,0.9686326460183806,0.9806442518553758,82.30155692462722,95.78623595076392,1,0,-1.462904956659724,-1.2251148590662335,0,10742.6298828125,0,103.23999786376952,26.0,0,5.077e-05,0,1,20.0,1,,1,,1
2023-01-11,-0.4720187487542223,-0.4837221716504014,-0.4766942823160178,-0.4863911272697768,-0.3374855717330001,0.0038869566078321,0.9505917256049082,0.9432083981217176,0.9524315339735536,89.2931089636558,98.13863822124928,1,0,-1.3574209308700194,-1.1695513850239554,0,10931.669921875,0,103.19000244140624,26.0,0,1.6756666666666665e-05,0,1,20.0,1,,1,,1
2023-01-12,-0.4434662162341167,-0.4508036875791194,-0.4562565249918548,-0.4658854663027253,0.3927919389180349,0.007833841433124,0.9080250837949342,0.8936900407837193,0.8985249079348413,94.28039414238572,99.23209255829909,1,0,-0.9783062498189292,-1.0614780319762478,0,11001.099609375,0,102.25,30.0,0,9.183e-05,0,1,20.0,1,,1,,1
2023-01-13,-0.4116971818173051,-0.4227231354338248,-0.4326856030018703,-0.442933484135084,0.1399823505506026,0.0133711375154417,0.8638443349966966,0.8402697170745411,0.8396169702435723,96.4207936542972,99.5896836976025,1,0,-0.7504802050630637,-0.8905019994040291,0,11079.16015625,0,102.1999969482422,31.0,0,9.053333333333332e-05,0,1,20.0,1,,1,,1
2023-01-14,-0.3791113584155756,-0.3893348888182915,-0.396778084295702,-0.411112513620631,0.5686160805418154,0.020156536170211,0.8213145480426806,0.7869503696296262,0.7801007965053048,97.51942799552432,99.74932658435404,1,0,-0.6267874939542175,-0.8131504070730748,1,11079.16015625,1,102.1999969482422,46.0,0,0.00021531,0,1,20.0,1,,1,,0
2023-01-15,-0.3820286494460024,-0.3917813877272055,-0.3750357983160672,-0.3785181476085672,-0.2967406403094046,0.0250103092087544,0.8501794731068382,0.8053544222721882,0.7927534182486712,94.52233754066285,95.32227100465528,1,0,-0.5931251186810232,-0.9533465235034354,1,11079.16015625,1,102.1999969482422,52.0,0,0.0001534599999999,0,1,20.0,1,,1,,1
2023-01-16,-0.373205478850195,-0.3807465469773458,-0.3716536082527489,-0.3814282555089665,0.0329626387431743,0.0292319477427915,0.8527760826861353,0.7993813097329735,0.7813556651252779,95.05291732624616,96.03237128342867,1,0,-0.6101965904931621,-0.9510190437933578,1,11079.16015625,1,102.1999969482422,45.0,0,0.0001,0,1,20.0,1,,1,,0
2023-01-17,-0.3734533197153045,-0.3784085360941475,-0.3634815057754341,-0.3724587293274476,-0.0458990945739367,0.0321866009099311,0.873040559024421,0.8119462847880038,0.7886203637348818,94.75543872794748,95.48946227222686,1,0,-0.6107071079843567,-0.9531680813886184,0,11095.1103515625,0,102.38999938964844,51.0,0,0.0001,0,1,20.0,1,,1,,0
2023-01-18,-0.387894316025566,-0.3746260728988642,-0.3770708824547318,-0.3729103440876248,0.1743247576707799,0.0329827129345361,0.9199912597243272,0.8532445041790968,0.8249672941126305,78.28387790790889,66.34851889300984,1,0,-0.4602108642833922,-0.9405268748322616,0,10957.009765625,0,102.36000061035156,52.0,0,0.0001,0,1,20.0,1,,1,,1
2023-01-19,-0.3757360331238477,-0.3866937807074039,-0.3725979004124761,-0.3873999642250892,-0.2151542875281665,0.0342004675678019,0.9063316665517336,0.8372604759770715,0.8054546837368105,81.421275113049,74.935213145392,1,0,-0.4871857238800341,-0.959069899332892,0,10852.26953125,0,102.05999755859376,45.0,0,0.0001,0,1,20.0,1,,1,,1
2023-01-20,-0.3271727671050923,-0.3407257956771123,-0.3653289097974487,-0.3752222369549238,0.121245909828429,0.0386387926458705,0.8156429967635598,0.7439780722935417,0.7096623580199238,88.84724251250495,89.3744975428611,1,0,-0.2304649345915197,-0.7263448540922325,0,11140.4296875,0,102.01000213623048,51.0,0,0.0001,0,1,20.0,1,,1,,1
2023-01-21,-0.3240852570115559,-0.3229922889844457,-0.3157992159449953,-0.3265862688359189,0.2815256135575694,0.0419220818438887,0.8325448554671867,0.751601896693805,0.7112502572209083,89.16494218971755,89.869222335147,1,0,-0.2438761848890132,-0.7293458837704305,1,11140.4296875,1,102.01000213623048,53.0,0,0.0001,0,1,20.0,1,,1,,0
2023-01-22,-0.3258328513254513,-0.3297737298819383,-0.3196532787676189,-0.3235142860716856,-0.0570561323130434,0.0438773056652288,0.8585597743811557,0.7695840233550452,0.7231656081493493,87.53638407275218,86.81853549952055,1,0,-0.2121543710685398,-0.7286298439152126,1,11140.4296875,1,102.01000213623048,53.0,0,0.0001,0,1,20.0,1,,1,,1
2023-01-23,-0.3192951983078212,-0.3276770578914439,-0.3113686896961177,-0.3252524867842608,0.020917057580255,0.0454306720831811,0.8623842870397185,0.7681316965413393,0.7168458518075412,88.44719012151559,88.72723319037227,1,0,-0.2189796359109336,-0.7314071936978908,0,11364.41015625,0,102.13999938964844,50.0,0,0.0001,0,1,20.0,1,,1,,0
2023-01-24,-0.3283972346242645,-0.3274508650542782,-0.3146202932705048,-0.3188817890469588,0.0159178563651017,0.0454038802305992,0.9026649033861506,0.8025103544000682,0.7449557937398393,79.15487134950227,69.93005060568835,1,0,-0.134320743041162,-0.7080961771507386,0,11334.26953125,0,101.91999816894533,52.0,0,0.0001,0,1,20.0,1,,1,,1
2023-01-25,-0.313691930410191,-0.3097745376565504,-0.3190880518532032,-0.3277520303875561,0.2042300613179685,0.0460385390272136,0.8809138067865472,0.7800626081615523,0.7197375721393567,82.56877542272193,79.35270362156089,1,0,-0.1405608932260955,-0.7033082155987503,0,11313.3603515625,0,101.63999938964844,51.0,0,0.0001,0,1,20.0,1,,1,,0
2023-01-26,-0.3162909780187367,-0.3243529683459375,-0.3033744277953566,-0.3134034615505355,0.0138399492808298,0.0458037916765606,0.9037553422566212,0.7991627904720657,0.7335919739443936,79.90018069491396,73.89588270871005,1,0,-0.2058142890307462,-0.7200097092793821,0,11512.41015625,0,101.83999633789062,54.0,0,0.0001,0,1,20.0,1,,1,,1
2023-01-27,-0.3148872822957154,-0.3189233422580518,-0.3113597004866471,-0.3157935770298825,-0.0290334628120776,0.0452098680073549,0.9138394781632,0.8078465459680352,0.7381421895564317,80.29701163826246,75.12755164674073,1,0,-0.3436518689443362,-0.7393795042527193,0,11621.7099609375,0,101.93000030517578,55.0,0,9.847e-05,0,1,20.0,1,,1,,0
2023-01-28,-0.3163425270094576,-0.3264924954548152,-0.3034530226403226,-0.3142890894915198,-0.4984793732404841,0.0441132431268826,0.9297833636662606,0.8230675763624458,0.7491462120440289,78.44439210593234,70.52767352065965,1,0,-0.5149518891598207,-0.7317253798715344,1,11621.7099609375,1,101.93000030517578,52.0,0,0.0001,0,1,20.0,1,,1,,1
2023-01-29,-0.293631139500413,-0.3038294760352323,-0.301082604545663,-0.3157712021408527,0.0607320634126966,0.0445630836841927,0.8816082232694537,0.7775709873188483,0.7037699063482642,84.77144119824861,87.0398361157394,1,0,-0.4737863450951274,-0.719411155436243,1,11621.7099609375,1,101.93000030517578,55.0,0,0.0001,0,1,20.0,1,,1,,0
2023-01-30,-0.3221756174907185,-0.3077532437098974,-0.3112667714968495,-0.2930670740772907,0.051137092018964,0.0421306290824688,0.9722003937583664,0.862542125831102,0.7791456368097675,59.46100952753657,44.89198083100624,0,0,-0.2699860172358437,-0.592346070283669,0,11393.8095703125,0,102.27999877929688,61.0,0,0.0001,0,1,20.0,1,,1,,1
2023-01-31,-0.3130374849481337,-0.324715358271664,-0.3079086336426554,-0.3215954752548619,-0.1410233625889864,0.040473706516624,0.9527416884396216,0.8482513018081895,0.7643283047648313,63.48790196044784,54.33147071996769,0,0,-0.2690369282445199,-0.5940495295751027,0,11584.5498046875,0,102.0999984741211,51.0,0,0.0001,0,1,20.0,1,,1,,1
2023-02-01,-0.2951828595822058,-0.3084989227697675,-0.3044200307753337,-0.312521174926313,0.028156675163558,0.0401386095894791,0.9126660557269434,0.8119059094131723,0.7287141446273618,70.16847542689825,68.42251743242733,1,0,-0.3266557339473175,-0.587689197370261,0,11816.3203125,0,101.22000122070312,56.0,0,0.0001,0,0,19.0,1,,1,,0
2023-02-02,-0.3028777397109729,-0.296395698048047,-0.2860460258794984,-0.2947113599223115,0.2650124149582504,0.0388048126181735,0.9457025548787276,0.843500811933524,0.7551819477820267,64.31655078845878,58.11801844981958,0,0,-0.3027724393652989,-0.5703614066203596,0,12200.8203125,0,101.75,60.0,0,0.0001,0,1,19.0,1,,1,,0
2023-02-03,-0.3035665511668441,-0.3110969409397053,-0.2919123353896991,-0.3023917941638609,0.0457463885616663,0.0372626469818599,0.9555190115994988,0.8552116667289208,0.7641846447062127,63.767261838697834,57.09180234802044,0,0,-0.7753759964804221,-0.5630807919947188,0,12006.9501953125,0,102.91999816894533,60.0,0,0.0001,0,1,19.0,1,,1,,0
2023-02-04,-0.3071551126771328,-0.3147385105950981,-0.291544142228815,-0.303097229665192,-0.4577236015058679,0.035343484986983,0.971775882011868,0.8740410101019196,0.780156570053577,60.653387258802695,50.854251965407016,0,0,-0.7697504809836111,-0.5582546738426135,1,12006.9501953125,1,102.91999816894533,58.0,0,0.0001,0,1,19.0,1,,1,,0
2023-02-05,-0.3186465401745834,-0.3187515695506688,-0.3055392480923269,-0.3065820440486176,-0.2850443133972116,0.0325203982107218,1.006872667592019,0.9130484360247478,0.8154409518628198,51.38252221019213,34.6777771090556,0,0,-0.7334939418356426,-0.5241656751136412,1,12006.9501953125,1,102.91999816894533,58.0,0,0.0001,0,1,19.0,1,,1,,0
2023-02-06,-0.32462031644302,-0.3278936817090255,-0.3101956585981045,-0.3181365560763401,-0.097592347647933,0.0294614347012319,1.0217015257151876,0.9350023552607626,0.8362796163259282,47.06726177365688,28.413215196757875,0,0,-0.7348748659127408,-0.5123236483342877,0,11887.4501953125,0,103.62000274658205,56.0,0,0.0001,0,1,19.0,1,,1,,1
2023-02-07,-0.3092188025382959,-0.3221318403952066,-0.3081981712206717,-0.3241472269325601,0.0503614096874665,0.0279576788192308,0.9772523992173824,0.8979151292942966,0.803007665628065,57.64823222045757,55.83792814375333,0,0,-0.7035108589919545,-0.5058207143355046,0,12113.7900390625,0,103.43000030517578,54.0,0,0.0001,0,1,19.0,1,,1,,0
2023-02-08,-0.3191434748316601,-0.320419044595272,-0.308980596872026,-0.3086848062864514,-0.0295599913308946,0.0256692047250957,1.007282706597328,0.9317914678731511,0.8343834063625803,50.18875737563608,42.01008861930997,0,0,-0.7270786133592411,-0.4793209413784308,0,11910.51953125,0,103.41000366210938,58.0,0,0.0001,0,1,19.0,1,,1,,0
2023-02-09,-0.3533677089211053,-0.3315859730387789,-0.3387450234493612,-0.318364302613478,0.287257903751064,0.0208535758097339,1.095862299570145,1.0292966434180766,0.9266275921212458,33.13099118111222,19.64348903491025,0,0,-0.4768627823165203,-0.3270927067045656,0,11789.580078125,0,103.22000122070312,55.0,0,0.0001,0,1,19.0,1,,1,,0
2023-02-10,-0.3584952822550576,-0.3633039854445529,-0.3460400098863712,-0.352810354775276,0.0455413971003154,0.0164339623957336,1.092970876282232,1.0408221209063475,0.942287935539454,31.29241813767146,17.755120055294057,0,0,-0.4794682230460241,-0.3364721401958837,0,11718.1201171875,0,103.62999725341795,48.0,0,0.0001,0,1,19.0,1,,1,,1
2023-02-11,-0.3517842480255816,-0.3648000987212643,-0.3435815218340603,-0.3579170801146927,-0.4261822773785557,0.0133193738487032,1.0606781074373823,1.0197261575860737,0.9273887032660688,36.60524053608812,29.57030086829097,0,0,-0.4599062636119387,-0.4259539627086657,1,11718.1201171875,1,103.62999725341795,49.0,0,6.165666666666668e-05,0,1,19.0,1,,1,,0
2023-02-12,-0.3543096712654356,-0.3597028639762369,-0.3415794791139904,-0.3512249596381816,-0.3617373294667516,0.0105259231462984,1.0571852326223552,1.0249931381356416,0.9364684313179064,35.41615083318314,27.582176750405793,0,0,-0.5991378048619799,-0.5388704677137703,1,11718.1201171875,1,103.62999725341795,50.0,0,5.8710000000000005e-05,0,1,19.0,1,,1,,1
2023-02-13,-0.3537018227498518,-0.3645895802904114,-0.3485062116522143,-0.3537881075926923,-0.0934684176709948,0.0082658579687765,1.0464570884686943,1.02147662466097,0.9372560017325764,35.99358694140875,29.111721213771744,0,0,-0.7397237117308105,-0.665138771690884,0,11891.7900390625,0,103.3499984741211,48.0,0,6.132333333333333e-05,0,1,19.0,1,,1,,1
2023-02-14,-0.3410947533803063,-0.3527251701188052,-0.343147853215005,-0.3533352995051002,0.0329671496074234,0.0074066459649408,1.007738170784726,0.9861586865635088,0.9072701576513584,47.27499548303436,55.249628130785155,0,0,-0.7132667699964234,-0.6519435530589716,0,11960.150390625,0,103.2300033569336,50.0,0,9.629e-05,0,1,19.0,1,,1,,1
2023-02-15,-0.2773408828112231,-0.2921687157344094,-0.329142178956575,-0.3405424119525425,0.2833309306696123,0.0117348467940568,0.8428014856034969,0.8137815359500307,0.7453598808820787,74.00715289798248,87.16338731407467,1,0,-0.0225243466704202,-0.3073821924180984,0,12070.58984375,0,103.91999816894533,53.0,0,4.692666666666667e-05,0,1,19.0,1,,1,,0
2023-02-16,-0.2982466237286276,-0.2673331179297162,-0.2818811672132185,-0.2767934891208888,0.5839650981587298,0.013324462449736,0.919582935212787,0.8832943114315178,0.8078315347107308,62.095214699930715,66.44553031586855,0,0,0.0318592041280274,-0.2633638152601792,0,11855.830078125,0,103.86000061035156,62.0,0,0.0001439033333333,0,1,19.0,1,,1,,1
2023-02-17,-0.2694669534681581,-0.2736474380368304,-0.2862898278174378,-0.2977522565073862,0.6737937591929077,0.0167138562469039,0.8530459819652083,0.8101788438542545,0.7376932236411897,69.81305877675295,76.63800505608278,0,0,0.1289393985325299,-0.2452228514259753,0,11787.26953125,0,103.86000061035156,61.0,0,0.0001,0,1,19.0,1,,1,,1
2023-02-18,-0.2671552437523344,-0.2774107631929453,-0.2549551442641312,-0.268913411202823,-0.2823533711900395,0.0193633028032476,0.8662884945280375,0.8151092243625211,0.7391514350662511,70.37216871685597,77.37407950477808,1,0,0.1238265704579844,-0.252601980965646,1,11787.26953125,1,103.86000061035156,60.0,0,0.0001,0,1,19.0,1,,1,,0
2023-02-19,-0.2767360174548245,-0.2685673453391563,-0.2593315530424797,-0.2666304565253359,-0.0214764187679026,0.0204541373562727,0.9117534210362536,0.8541899044724468,0.7727605762825638,64.64635350839474,65.90032859197851,0,0,0.1149921890951372,-0.4470970382499694,1,11787.26953125,1,103.86000061035156,60.0,0,0.0001,0,1,19.0,1,,1,,1
2023-02-20,-0.2614162421117759,-0.2707493753325676,-0.2717623542443994,-0.2758992095561464,0.1295267715820932,0.0222977745706948,0.8800617337016119,0.8186119746918483,0.7377939458179356,69.26088369901659,74.09145312177327,0,0,0.1179754907447387,-0.4327690107192821,1,11787.26953125,1,103.86000061035156,58.0,0,0.0001,0,1,19.0,1,,1,,0
2023-02-21,-0.2734151646498189,-0.2675515029165464,-0.2632896598909354,-0.2607338081036118,0.2291635072046697,0.0225309349827122,0.9318599182523908,0.8654050682460023,0.7786307577189283,61.95297364907362,59.2326702766557,0,0,0.1277998579173089,-0.418294337427029,0,11492.2998046875,0,104.18000030517578,60.0,0,0.0001,0,1,19.0,1,,1,,0
2023-02-22,-0.2809759816048016,-0.2872243504801631,-0.2805814368519911,-0.2728200071610527,0.1828761502488026,0.0218537056340923,0.9639122628480046,0.8966867463246685,0.8064826430761354,57.538885596973216,50.691532033785826,0,0,0.1193528244643114,-0.4138777171208959,0,11507.0703125,0,104.58999633789062,59.0,0,0.0001,0,1,19.0,1,,1,,0
2023-02-23,-0.2883486805415631,-0.2842261359512948,-0.2790389370971554,-0.2803564664499918,0.1950305642223232,0.0204859322334195,0.9908505235859478,0.9256862274336292,0.8332765809336979,53.2686102014519,42.68838684635899,0,0,-0.0866806054453688,-0.4175569943970914,0,11590.400390625,0,104.5999984741211,56.0,0,5.7123333333333336e-05,0,1,19.0,1,,1,,0
2023-02-24,-0.3112399525494775,-0.2983045119853542,-0.3003983920815654,-0.2878321853735114,0.0338095835436263,0.0173547726028203,1.0581951955932103,0.999235244273278,0.9029896805551156,42.08029798368376,25.81553316906482,0,0,0.0058457035912995,-0.3874256800115582,0,11394.9404296875,0,105.20999908447266,53.0,0,5.1223333333333335e-05,0,1,19.0,1,,1,,0
2023-02-25,-0.311934968976454,-0.3251605231520761,-0.3049235479814917,-0.3106182950304786,-0.4374232373600625,0.0146483667658363,1.0507685655682877,1.0013578090849549,0.9083900884078596,41.77292819338959,25.408968429586626,0,0,0.0058075862248269,-0.3880249972580584,1,11394.9404296875,1,105.20999908447266,52.0,0,5.816666666666667e-06,0,1,19.0,1,,1,,1
2023-02-26,-0.3001485666987672,-0.3118103906023254,-0.2979992449593409,-0.3114117980950309,-0.4134981037961849,0.0133012562004268,1.0093471853101263,0.9661322811246286,0.8784047991108521,49.0544583922649,44.995973012237705,0,0,0.0102665142090656,-0.3767106162012135,1,11394.9404296875,1,105.20999908447266,51.0,0,5.571e-05,0,1,19.0,1,,1,,0
2023-02-27,-0.3013198146580749,-0.3056930279228497,-0.2942159417923474,-0.299580076108822,-0.1488133670718777,0.01200081354188,1.0112189734597374,0.9720695348769458,0.8859379871906379,48.361018790601854,43.483080615407815,0,0,0.0124432062642062,-0.37680887562451,0,11466.98046875,0,104.66999816894533,50.0,0,5.388666666666667e-05,0,1,19.0,1,,1,,0
2023-02-28,-0.3127909566730658,-0.3138838151587378,-0.2982035672610918,-0.3007902294402943,-0.2423206102063141,0.0099301099473284,1.0417478471898125,1.0083979548276734,0.922571793103516,41.69958647832027,30.216158311780543,0,0,0.0268260018777757,-0.4106309900869462,0,11455.5400390625,0,104.87000274658205,53.0,0,3.783e-05,0,1,19.0,1,,1,,1
2023-03-01,-0.2975417032131562,-0.3050094594318146,-0.2978622202528158,-0.3121211715768312,-0.0607317064225519,0.0094110648435861,0.9923403937373784,0.962141533406697,0.8818273361951596,51.868825799638195,54.70912000393601,0,0,-0.6383776625597551,-0.4639977185570951,0,11379.48046875,0,104.4800033569336,50.0,0,6.728333333333333e-05,0,0,22.0,1,,1,,0
2023-03-02,-0.3027678997897725,-0.3092623896390487,-0.2929986935018031,-0.2969660327400649,-0.2488743405218799,0.0084802524018517,1.0082548879929625,0.9805634823293434,0.9009442013712916,48.521946052990074,47.14740780834672,0,0,-0.7213607335326127,-0.4678694721138662,0,11462.98046875,0,105.02999877929688,51.0,0,8.570000000000001e-05,0,1,22.0,1,,1,,0
2023-03-03,-0.3367608197159944,-0.3170710031479841,-0.3250848871144333,-0.3021712075912126,0.000842261944105,0.0049426564217419,1.1008849999020285,1.0833800190386855,1.002014293481731,32.69086086317556,21.443543107312024,0,0,-0.6972648249591038,-0.3938758377748526,0,11689.009765625,0,104.5199966430664,50.0,0,1.857e-05,0,1,22.0,1,,1,,0
2023-03-04,-0.3370458307445519,-0.3493576383984992,-0.3255282737977811,-0.3361941058516794,-0.6545263655683918,0.0020919731481898,1.084823911997095,1.0775683472535065,1.0027497721131124,32.587999735708465,21.31364278753557,0,0,-0.7040407108555055,-0.3973035699223717,1,11689.009765625,1,104.5199966430664,50.0,0,2.148666666666667e-05,0,1,22.0,1,,1,,1
2023-03-05,-0.3345359199324611,-0.3430904589216066,-0.3221646695324224,-0.3364623061881831,-0.5598933417172519,3.491249268833263e-05,1.0641806785740404,1.0640625049344614,0.9954666625811204,34.67652034202406,26.538886400358535,0,0,-0.6969886017989244,-0.396103721053086,1,11689.009765625,1,104.5199966430664,47.0,0,2.0413333333333333e-05,0,1,22.0,1,,1,,0
2023-03-06,-0.334711747334839,-0.3439739201223613,-0.3214129772593933,-0.3339367480472424,-0.3823206035654531,-0.0015911686967711,1.0542397694336292,1.0595499108338018,0.996146520101677,34.58989857939872,26.37529089472824,0,0,-0.7812947876478635,-0.3966333166650258,0,11675.740234375,0,104.3499984741211,48.0,0,4.9760000000000005e-05,0,1,22.0,1,,1,,0
2023-03-07,-0.3411263748676699,-0.345683428406365,-0.3313659150183188,-0.3341962370936172,-0.1442075740997064,-0.0033587391333338,1.0622777203429383,1.073505746658587,1.0146310179000344,31.29872393979855,20.290937762627948,0,0,-0.7907849101078137,-0.4037539945003083,0,11530.330078125,0,105.62000274658205,49.0,0,2.7263333333333337e-05,0,1,22.0,1,,1,,0
2023-03-08,-0.3564517585499868,-0.3534538832482468,-0.3407951098497775,-0.3406690239912657,-0.1542770254026313,-0.0059278492661723,1.0915291521331725,1.1117092348797335,1.0577165254031038,24.795101170511856,11.696109212729668,0,1,-0.7609598416194366,-0.3854605698968013,0,11576.0,0,105.66000366210938,50.0,0,5.577666666666667e-05,0,1,22.0,1,,1,,0
2023-03-09,-0.3978454787724951,-0.367465980612916,-0.387371666177429,-0.3558324564535657,0.1901207127962615,-0.0111751941541954,1.178701722866985,1.2190635592798649,1.1722463264560838,15.04932077530468,4.631303766158723,0,1,-0.434014178193958,-0.2507934872726356,0,11338.349609375,0,105.30999755859376,44.0,0,0.0001,0,1,22.0,1,,1,,0
2023-03-10,-0.403215045979554,-0.4105116575089553,-0.4054722290392326,-0.3971678861135615,0.5954739194723434,-0.0155873507051562,1.1598832643662336,1.2143319343551169,1.179369593170812,14.213152144784727,4.193226539847657,0,1,-0.4768536553824216,-0.2539163737028505,0,11138.8896484375,0,104.58000183105467,34.0,0,-3.338666666666666e-05,0,1,22.0,1,,1,,1
2023-03-11,-0.3896163148336521,-0.3978295951608517,-0.391776561031735,-0.4026400083074272,0.1820090676913778,-0.0177817358236984,1.1003221333066615,1.158499310939001,1.133389956854486,26.19609111150757,27.386523197695553,0,1,-0.3911284137084085,-0.3207861494322231,1,11138.8896484375,1,104.58000183105467,33.0,0,-7.576666666666667e-06,0,1,22.0,1,,1,,1
2023-03-12,-0.3428315486579512,-0.3559746447938114,-0.3799548395093511,-0.389193714328829,0.1423583437064348,-0.015566224460122,0.972957004097667,1.0179259104856049,0.9973994003593686,52.522220770591375,65.59387109566121,0,0,0.0580849579015669,-0.1120868425252216,1,11138.8896484375,1,104.58000183105467,33.0,0,1.798666666666667e-05,0,1,22.0,1,,1,,1
2023-03-13,-0.2807105401004992,-0.2848649120377731,-0.3342599545646417,-0.3425030488952591,1.0305023431185183,-0.008697510037237,0.8223844340778427,0.8438872595789577,0.8225847004640988,69.29983746443529,82.18722181164392,0,0,0.5570506777805686,0.151026598536463,0,11188.83984375,0,103.5999984741211,49.0,0,8.670333333333335e-05,0,1,22.0,1,,1,,1
2023-03-14,-0.2639539559674732,-0.2258360371539976,-0.2669958866605085,-0.2800189934570519,1.257335381622933,-0.0018802141336272,0.8012390173962937,0.8058382897367151,0.7804142440264896,72.34183043701994,84.82021445877592,1,0,0.5560347903582908,0.1608448311333989,0,11428.150390625,0,103.5999984741211,56.0,0,0.0001828433333333,0,1,22.0,1,,1,,0
2023-03-15,-0.2752600099531531,-0.2641320754090474,-0.2706117354321609,-0.2626316163579328,0.774861570645071,0.0025804916168803,0.8572459933090824,0.8504116936269096,0.8198270575903295,67.16090279064426,74.86478765686869,0,0,0.557419387915356,0.1728084515421162,0,11434.0498046875,0,104.6500015258789,50.0,0,0.00018751,0,1,22.0,1,,1,,1
2023-03-16,-0.2545845689248489,-0.2656436282695051,-0.2625200499368669,-0.2747739614702458,0.3441651398249115,0.0076952621687737,0.8189548683577249,0.7991718972572314,0.765505230087088,71.4719411723161,80.45750620446783,1,0,0.5833330526638708,0.1839934412118185,0,11717.2802734375,0,104.41999816894533,52.0,0,0.0001,0,1,22.0,1,,1,,1
2023-03-17,-0.1821520319908911,-0.1875702323043826,-0.2398168296124039,-0.2539496224170394,1.0861077231627412,0.0173929598532364,0.625816139513492,0.5905281559374325,0.5575993677062415,81.36226681785732,90.417250538327,1,0,0.7533115522007086,0.1878142958984143,0,11630.509765625,0,103.70999908447266,51.0,0,7.770333333333335e-05,0,1,22.0,1,,1,,0
2023-03-18,-0.1961443611596931,-0.1894295573858032,-0.1875385634885068,-0.1808456093161057,0.4258629917413535,0.0236764635771334,0.7094847812506917,0.6535166568847057,0.6099904811787041,75.52595085923011,79.92548575857262,1,0,0.7918285609091974,0.1665583499282444,1,11630.509765625,1,103.70999908447266,64.0,0,0.0001,0,1,22.0,1,,1,,1
2023-03-19,-0.1633730449198256,-0.1679503959351496,-0.1790969062028772,-0.195466853467436,0.5158951470827496,0.0309438553847671,0.6306324016684506,0.5633434794684119,0.5180689394990999,79.49990926235989,85.26489394407086,1,0,0.8160113401297152,0.1663383910355656,1,11630.509765625,1,103.70999908447266,63.0,0,0.0001,0,1,22.0,1,,1,,0
2023-03-20,-0.1716648552015587,-0.1653304805608872,-0.1686740392975048,-0.1627151472357147,0.8240624731782683,0.0356235893952277,0.698914205935151,0.6103854563867008,0.5542666333408293,75.90181110722938,78.24398638156438,1,0,0.8358144389878238,0.1728507842325259,0,11675.5400390625,0,103.27999877929688,66.0,0,9.693666666666668e-05,0,1,22.0,1,,1,,1
2023-03-21,-0.1591837348128139,-0.167980394518018,-0.1625550601156976,-0.1710614581747906,0.4425440082524167,0.0398797257661127,0.685194219417344,0.584806743346059,0.5239545606987516,77.6580349314571,81.3294660520282,1,0,0.802783156016121,0.1662880260311247,0,11860.1103515625,0,103.26000213623048,68.0,0,3.221333333333334e-05,0,1,22.0,1,,1,,0
2023-03-22,-0.1857105829197764,-0.1570463513548216,-0.1836906959318697,-0.1591372533139252,0.3228697453967882,0.0406437338912806,0.8248356232865337,0.6987055745807216,0.6207305600493539,65.88330804680709,58.013889254051456,0,0,0.8404675795390091,0.199266485079688,0,11669.9599609375,0,102.3499984741211,62.0,0,1.8693333333333333e-05,0,1,22.0,1,,1,,1
2023-03-23,-0.1543524488491393,-0.159255327237737,-0.1705249053799237,-0.1853106825045189,-0.0801954805487171,0.0432806428737134,0.7204083611689336,0.599339646687745,0.5259006989474598,71.72991644806885,71.08110860984407,1,0,0.469336683084905,0.2218386442422636,0,11787.400390625,0,102.52999877929688,57.0,0,3.052666666666667e-05,0,1,22.0,1,,1,,0
2023-03-24,-0.180033392337536,-0.1695170733930895,-0.1750060263010244,-0.154084705039146,-0.0027694585196383,0.0428047482326851,0.8614378805515901,0.7149956746993987,0.6228421095968032,61.73305781367986,53.05185934072428,0,0,0.5732251821874768,0.2542664795452052,0,11823.9599609375,0,103.12000274658205,61.0,0,0.0001,0,1,22.0,1,,1,,1
2023-03-25,-0.1799899575397989,-0.1874495922108514,-0.1701246426068741,-0.1796474489251534,-0.5569894762554785,0.0419475577914403,0.8800177454430845,0.7302491100839759,0.6320438149517603,61.74346285040712,53.07869789212107,0,0,0.5983829473863458,0.2480583394329995,1,11823.9599609375,1,103.12000274658205,64.0,0,1.3566666666666669e-06,0,1,22.0,1,,1,,1
2023-03-26,-0.1647276975058416,-0.1758379098264237,-0.1623871198171419,-0.1793973871653566,-0.535196173677737,0.0420154372172031,0.8302535338908447,0.6851608452709402,0.5881729336618078,65.54217724086065,62.99087895886043,0,0,0.4370041365461501,0.2075511324770568,1,11823.9599609375,1,103.12000274658205,64.0,0,1.2300000000000024e-06,0,1,22.0,1,,1,,0
2023-03-27,-0.1908287891338871,-0.1800525052496793,-0.1884581960600916,-0.1641672477005624,-0.3455537764465696,0.0395076723386581,0.967491957864708,0.8060405603420707,0.689990556932421,54.80399164041484,42.512538197557475,0,0,0.199182487555074,0.2506159840859358,0,11768.83984375,0,102.86000061035156,64.0,0,1.6393333333333334e-05,0,1,22.0,1,,1,,1
2023-03-28,-0.1869113044918342,-0.1974017835179364,-0.1862462431513025,-0.190475582555413,-0.3633847718734598,0.0374051752988374,0.9553274399266336,0.8019991517626148,0.6845280912750884,56.050961505456755,46.02413067972712,0,0,0.1850259269633516,0.2463355965229365,0,11716.080078125,0,102.43000030517578,59.0,0,2.4086666666666664e-05,0,1,22.0,1,,1,,1
2023-03-29,-0.1539104639842546,-0.1625706696426419,-0.1681521792449946,-0.1863776365462006,-0.2357397105247953,0.0379641956608494,0.813351916760247,0.6774405606553467,0.5734814764873617,65.34471177523623,67.98774111847646,0,0,0.2067879317449418,0.2807302023197836,0,11926.240234375,0,102.63999938964844,57.0,0,7.724333333333334e-05,0,1,22.0,1,,1,,0
2023-03-30,-0.1635292431347646,-0.1463289320092067,-0.1538317004413875,-0.1532895313162128,-0.1587304642658506,0.0372022241528597,0.8826254862697555,0.735035113802514,0.6188022338578725,61.00603517026661,58.70432395952096,0,0,0.2133982573010971,0.2743860940579898,0,12013.4697265625,0,102.13999938964844,60.0,0,4.5826666666666666e-05,0,1,22.0,1,,1,,1
2023-03-31,-0.1499379698868259,-0.1619588981513093,-0.1580748502631243,-0.1630004718206226,-0.3098107098790272,0.037265485091987,0.8337330289611928,0.6906248759467788,0.5771642769127764,64.81488543712777,67.15397851297112,0,0,-0.3280468500857477,0.2699488465525059,0,12221.91015625,0,102.51000213623048,63.0,0,4.5486666666666666e-05,0,1,22.0,1,,1,,0
2023-04-01,-0.1519983782728852,-0.157072768893551,-0.1358879021042033,-0.1495261346477737,-0.6672648468221098,0.0367260075509112,0.8658109264864818,0.7160207206664398,0.5947729274739265,63.72606890866213,64.48688835304901,0,0,-0.3616440839934884,0.2664276953483643,1,12221.91015625,1,102.51000213623048,61.0,0,9.613333333333334e-05,0,0,20.0,1,,1,,0
2023-04-02,-0.1584661060392134,-0.1655939514804823,-0.1487339076030224,-0.1498464833923095,-0.6053121381434362,0.0353688658658495,0.9163764776937224,0.7607746441576062,0.6294594591752374,60.07103514942669,55.29528617778668,0,0,-0.483276954304006,0.1710009006517044,1,12221.91015625,1,102.51000213623048,63.0,0,5.311333333333333e-05,0,1,20.0,1,,1,,0
2023-04-03,-0.1709627388557213,-0.1668965122567693,-0.1676216944104247,-0.15839309433798,-0.2853857717996265,0.032905631832466,0.9903724784160792,0.8318127468105528,0.6877535589277276,53.26067451076158,40.44425395235326,0,0,-0.471238301152973,0.1853579474010843,0,12189.4501953125,0,102.08999633789062,63.0,0,2.0689999999999997e-05,0,1,20.0,1,,1,,1
2023-04-04,-0.1594197623675499,-0.1681553373300486,-0.1550400202603631,-0.1702402699142121,-0.4733312982321715,0.0315215619041426,0.9345026637518848,0.7887587847385789,0.6504676067415691,58.29939283919169,55.24730565414143,0,0,-0.4743003661352519,0.1861285812314056,0,12126.330078125,0,101.58999633789062,62.0,0,-2.8806666666666663e-05,0,1,20.0,1,,1,,1
2023-04-05,-0.1591175086789017,-0.1589729531015399,-0.149987902324173,-0.158801033314771,-0.395557721044127,0.0301020679593466,0.9424847470532172,0.7998678639888612,0.6582894564417158,58.43477749826944,55.632328727434,0,0,-0.5826929076371707,0.1858204903571955,0,11996.8603515625,0,101.8499984741211,62.0,0,5.514e-05,0,1,20.0,1,,1,,0
2023-04-06,-0.1632061073318198,-0.1758306890325043,-0.1532532934022751,-0.15863301281475,-0.536980343740625,0.0283207293014037,0.9716799750984748,0.8314813397790394,0.6839155975831182,55.6165138514858,48.15940886900172,0,0,-0.7285448728508724,0.1812093217396987,0,12087.9599609375,0,101.81999969482422,63.0,0,6.883333333333332e-06,0,1,20.0,1,,1,,0
2023-04-07,-0.1668193097369786,-0.177838245859018,-0.1515344715184312,-0.1627956371698512,-0.6679155085124278,0.026314117576377,0.9942332541945734,0.8594458539506308,0.7074053142680942,53.009578329889024,41.578466352163616,0,0,-0.844025328170396,0.1539966115769152,1,12087.9599609375,1,101.81999969482422,64.0,0,1.953333333333334e-06,0,1,20.0,1,,1,,1
2023-04-08,-0.1661492325207907,-0.1763873946319964,-0.1487557125097788,-0.1664142832228603,-0.7333989511192027,0.0244955633523469,0.991728808349152,0.8652230988457716,0.7128223891402092,53.476218372219826,43.48796431320426,0,0,-0.8441694013395318,-0.0371694426424794,1,12087.9599609375,1,101.81999969482422,61.0,0,1.3086666666666666e-05,0,1,20.0,1,,1,,1
2023-04-09,-0.1543806098718479,-0.1651770240136899,-0.1504631764059807,-0.1654411843823623,-0.6101216434186743,0.0237304259425255,0.9327502180610004,0.8157856780767175,0.6712202292227443,61.27030802035122,67.98901811428058,0,0,-0.8617332500981514,-0.051176372713733,1,12087.9599609375,1,101.81999969482422,61.0,0,-2.6899999999999997e-06,0,1,20.0,1,,1,,1
2023-04-10,-0.1140599916714529,-0.127947021504836,-0.139243367490717,-0.1537206805112241,-0.2974448900427961,0.0260769866779674,0.7237509741982427,0.6209961666405744,0.5059141117159011,76.70082298840076,89.26001374970902,1,0,-0.7867797991714972,-0.012594198729634,0,12084.3603515625,0,102.58000183105467,62.0,0,8.722333333333332e-05,0,1,20.0,1,,1,,1
2023-04-11,-0.0962789310110328,-0.1057761901846037,-0.0950835722768202,-0.113467479483821,-0.260539149809856,0.0290367187407207,0.6498207418636832,0.543337856031713,0.4368618111661734,80.62806577820581,92.27735341205134,1,0,-0.7671889281512277,-0.1480783477045645,0,12031.8798828125,0,102.1999969482422,68.0,0,0.0001,0,1,20.0,1,,1,,0
2023-04-12,-0.0992116748060391,-0.1071769654993226,-0.0914677235051679,-0.0958130357092423,-0.3251825044325242,0.0307907432878264,0.705472993345023,0.578756375471435,0.4600894679798522,78.1220423516315,86.90784351157437,1,0,-0.9025525032962854,-0.4022884517108585,0,11929.33984375,0,101.5,65.0,0,6.508000000000001e-05,0,1,20.0,1,,1,,1
2023-04-13,-0.0912688941489787,-0.1048515763290727,-0.0867082407799873,-0.1061643753708698,-0.3764020226107893,0.0324476995148932,0.686040440904465,0.5515240278326635,0.4330496732871126,80.05888636292221,89.181149164584,1,0,-0.9396206570346324,-0.4127327575764637,0,12166.26953125,0,101.01000213623048,61.0,0,7.030666666666667e-05,0,1,20.0,1,,1,,1
2023-04-14,-0.0886224739725715,-0.0908520419717104,-0.0815498922534992,-0.0903758780086338,-0.1488471735865125,0.0335872206810562,0.7022151631328,0.5546136108861556,0.4302712682954251,80.71523758298686,89.95593409310958,1,0,-0.955147874948406,-0.4342682676429007,0,12123.4697265625,0,101.5500030517578,68.0,0,4.435666666666667e-05,0,1,20.0,1,,1,,0
2023-04-15,-0.0937301198031665,-0.1029911945461029,-0.0752872679338677,-0.0878956663094601,-0.6204445529733983,0.0336898000392155,0.7732988056135971,0.6051088350459791,0.4650065254753126,75.20295258535725,75.95771911316673,1,0,-0.9468742072333096,-0.446412820223127,1,12123.4697265625,1,101.5500030517578,68.0,0,4.493333333333333e-05,0,1,20.0,1,,1,,0
2023-04-16,-0.0938260582025637,-0.1043799352042895,-0.0780254540240987,-0.0932348518293036,-0.580227242863551,0.0333785859313917,0.8019628093162019,0.6239508845443865,0.4754485893996164,75.09180800377439,75.6628454796668,1,0,-0.966526174307645,-0.8224865992683393,1,12123.4697265625,1,101.5500030517578,68.0,0,9.048e-05,0,1,20.0,1,,1,,0
2023-04-17,-0.1204119131982101,-0.1114836700742815,-0.1054680528282371,-0.0931991116732267,-0.3594874030682016,0.0306335655232571,1.02459806184209,0.8127445422734451,0.6196409455187208,50.99396183501086,31.081089945318094,0,0,-0.8544536078354712,-0.7853173473458139,0,12157.7197265625,0,102.0999984741211,69.0,0,9.125333333333334e-05,0,1,20.0,1,,1,,1
2023-04-18,-0.0913151331163499,-0.1069418494046304,-0.1092160065363663,-0.1197174721531035,-0.288728162065996,0.0304549187083342,0.8046135433537059,0.6343780313384713,0.4798844032845925,65.12657509507285,62.94323600897348,0,0,-0.7681983191171663,-0.8123222416959082,0,12153.41015625,0,101.75,58.0,0,3.648333333333333e-05,0,1,20.0,1,,1,,0
2023-04-19,-0.1394236463489078,-0.1087226850432038,-0.1242969238708658,-0.090845571679147,-0.064747395807278,0.0261301724990785,1.1867931989755574,0.9708526466514388,0.7404686084718828,42.01250697304294,31.172618765836376,0,0,-0.4197286774422678,-0.6523729025141004,0,12157.23046875,0,101.97000122070312,63.0,0,5.383333333333334e-05,0,1,20.0,1,,1,,0
2023-04-20,-0.1570401559486702,-0.1488387743054298,-0.1439706591279285,-0.1388231810633394,-0.2069046691331046,0.0210387532217709,1.2709051984069757,1.0859988569058765,0.8394925709092721,36.53401107099421,25.009298204394312,0,0,-0.3803659848930446,-0.6398457956985878,0,12059.5595703125,0,101.83999633789062,52.0,0,6.048333333333333e-05,0,1,20.0,1,,1,,0
2023-04-21,-0.1866431184810814,-0.1706733397104569,-0.1707114314764389,-0.1563722540271805,-0.2324595032772768,0.01444850175438,1.4004904212381015,1.2635068237981426,0.9978300637898464,29.1609527365342,17.331561580113643,0,1,-0.2760342892162801,-0.6275418154467055,0,12072.4599609375,0,101.81999969482422,50.0,0,8.765666666666667e-05,0,1,20.0,1,,1,,1
2023-04-22,-0.1701294231689173,-0.1850354988161122,-0.1709538364426363,-0.1864123623739748,-0.5683081632177477,0.0104378758517891,1.2244765182850368,1.1389157350041983,0.9127825519549772,37.30499890216597,32.698987593465304,0,0,-0.2398833849223945,-0.679071484255064,1,12072.4599609375,1,101.81999969482422,53.0,0,6.316e-05,0,1,20.0,1,,1,,0
2023-04-23,-0.1770366896095982,-0.1865954251252657,-0.1637781999827193,-0.1696026750764193,-0.5832791664862171,0.0066256904188582,1.2226165561643836,1.16912101334338,0.9517136046019474,35.34393278513886,29.62744670847715,0,0,-0.2542911127133445,-0.7237686140856276,1,12072.4599609375,1,101.81999969482422,56.0,0,2.504333333333333e-05,0,1,20.0,1,,1,,0
2023-04-24,-0.1790542001665739,-0.1817941255196498,-0.1740238336905562,-0.1764583410751455,-0.3669181108409534,0.0034024879934259,1.19312887654002,1.1666773814984444,0.9639747020279829,34.728655769323495,28.58185820797314,0,0,-0.4757891077659792,-0.7234337493437502,0,12037.2001953125,0,101.3499984741211,53.0,0,3.667666666666667e-05,0,1,20.0,1,,1,,1
2023-04-25,-0.155158140481888,-0.1700388491358171,-0.1697608833128234,-0.178806272430375,-0.3655945258826392,0.0027446505353166,1.0285335467518126,1.0101546757713042,0.8407548544362516,47.272983748940334,54.14077706072597,0,0,-0.4276740906203262,-0.698657849133892,0,11799.16015625,0,101.86000061035156,53.0,0,6.737666666666667e-05,0,1,20.0,1,,1,,1
2023-04-26,-0.1516420100766168,-0.121202976101056,-0.1661343446704492,-0.1548194963948842,0.255654877691602,0.0024784617838244,1.0044178896822622,0.9881953097820194,0.8274878710590152,48.93907991830816,57.14940319628135,0,0,-0.4209114331541684,-0.7540801378171644,0,11854.349609375,0,101.47000122070312,56.0,0,5.344e-05,0,1,20.0,1,,1,,1
2023-04-27,-0.1195339097868112,-0.1249388270168922,-0.1326004024298356,-0.150896790516553,0.0488427224042011,0.004802994702112,0.8179526943091795,0.7919251435575532,0.6612962685863513,61.69297497730738,76.17803318482811,0,0,-0.2911716170229351,-0.6903737618306462,0,12142.240234375,0,101.5,59.0,0,3.850666666666667e-05,0,1,20.0,1,,1,,0
2023-04-28,-0.1236127833407855,-0.1339186180761668,-0.1162204835889307,-0.1187422849896294,-0.3739055682046505,0.0062440947425944,0.8664092026948206,0.8300805418731979,0.6924464386713597,59.51402594792912,70.84899641023333,0,0,-0.293270458580345,-0.7630971692532732,0,12226.580078125,0,101.66999816894533,64.0,0,8.158666666666667e-05,0,1,20.0,1,,1,,0
2023-04-29,-0.1264162370167036,-0.1375355900677204,-0.1112935464684091,-0.1231550307708982,-0.676672569548798,0.0070783666207613,0.9018679953704688,0.8585148149068242,0.7163493218568252,57.89246074485646,66.58065727558768,0,0,-0.2939606217247843,-0.7707385540513499,1,12226.580078125,1,101.66999816894533,64.0,0,4.871333333333333e-05,0,1,20.0,1,,1,,1
2023-04-30,-0.1257955609166232,-0.1225197436426152,-0.1104856716361886,-0.1259365576423396,-0.5011511579460827,0.0077008459108329,0.911827248872208,0.8636204176113462,0.7209511821426363,58.18352045933546,67.16461010648288,0,0,-0.293564676366026,-0.7828019130774827,1,12226.580078125,1,101.66999816894533,60.0,0,4.237e-05,0,1,20.0,1,,1,,0
2023-05-01,-0.1617573062419177,-0.1412181949666064,-0.1550559335906421,-0.1264990325193631,-0.3250210401208757,0.0052320412157277,1.1421844110439776,1.1014909695707469,0.9297123598705432,39.7942006004623,28.582175807716723,0,0,-0.2278270472238492,-0.6889981084456858,0,12212.599609375,0,102.1500015258789,63.0,0,-1.1230000000000004e-05,0,0,18.0,1,,1,,1
2023-05-02,-0.1437657538693873,-0.1547029982582357,-0.1474889020913425,-0.1613228921407254,-0.4228079262370761,0.0046733916727477,1.0127845974553218,0.9805038828574156,0.8319715972397161,49.08380818285052,48.367359134942305,0,0,-0.2847902170607154,-0.6694006633924312,0,12080.509765625,0,101.95999908447266,55.0,0,2.769e-05,0,1,18.0,1,,1,,1
2023-05-03,-0.133814233143356,-0.1433342985244774,-0.1395817990797052,-0.1431975017018478,-0.304458926313862,0.0049762987648229,0.9510663086138076,0.9185777202518384,0.7812949108864735,53.64830953710832,57.126842367946686,0,0,-0.5165374654896916,-0.6766715421173601,0,12025.330078125,0,101.33999633789062,64.0,0,6.568e-05,0,1,18.0,1,,1,,0
2023-05-04,-0.1386590029865479,-0.1405193630087499,-0.1235462034042659,-0.1324805265202882,-0.4617104408668381,0.0047704318122645,0.9877032071414482,0.955243096841643,0.8156727797810024,51.07621042816324,51.4599385064743,0,0,-0.5588703801509789,-0.682518009772015,0,11966.400390625,0,101.4000015258789,64.0,0,8.102000000000001e-05,0,1,18.0,1,,1,,1
2023-05-05,-0.1176827998491881,-0.1310295960407136,-0.1188357969037627,-0.137974009274881,-0.3566550076003913,0.0062280914950094,0.8596724672587652,0.8222626511289068,0.7007346921075681,60.52990321600145,69.13508901983096,0,0,-0.6791729909158659,-0.6562347970506525,0,12235.41015625,0,101.20999908447266,61.0,0,7.396e-05,0,1,18.0,1,,1,,0
2023-05-06,-0.1369204774765756,-0.1264843704438485,-0.1305454569972731,-0.1169751460872423,-0.4456439400466456,0.005764527601015,1.0001723047670068,0.9597582883204656,0.8212330230288426,50.25388812038398,47.835283094779165,0,0,-0.6305164184299922,-0.631090269306233,1,12235.41015625,1,101.20999908447266,60.0,0,0.0001,0,1,18.0,1,,1,,0
2023-05-07,-0.1506560163027124,-0.146400611597626,-0.1314037442880112,-0.1364421945387166,-0.6485719520355574,0.0042399313947918,1.0837495865195632,1.051673439133115,0.9070455565554952,44.08774494794969,36.98705771162596,0,0,-0.6065452694309882,-0.6184622969498405,1,12235.41015625,1,101.20999908447266,64.0,0,4.804666666666667e-05,0,1,18.0,1,,1,,0
2023-05-08,-0.1738936927552165,-0.1612563090323891,-0.1665825903859433,-0.150224947181952,-0.3044619516826867,0.0011434111014566,1.204418148732025,1.1949547459735734,1.0450270987064585,35.56844797462894,24.469469868369742,0,0,-0.522321956532155,-0.5810468486690967,0,12256.919921875,0,101.37000274658205,60.0,0,1.6763333333333333e-05,0,1,18.0,1,,1,,0
2023-05-09,-0.17497807111905,-0.1865606713854261,-0.1645467166545549,-0.1733014530653404,-0.5241872705190566,-0.0013821710046982,1.173662166483078,1.1846448745118603,1.0494225287503216,35.20218623148645,23.96484076913997,0,0,-0.6093666951786911,-0.5911542888747283,0,12179.5498046875,0,101.63999938964844,51.0,0,4.109666666666666e-05,0,1,18.0,1,,1,,0
2023-05-10,-0.1761089271029896,-0.1714933401126192,-0.1798447112501893,-0.1745366066061553,-0.2370120882802669,-0.0034353629212911,1.1492027516861736,1.1755558186325754,1.0538819121375849,34.771339867413374,23.296790688160684,0,0,-0.6131815768824188,-0.7066161059040413,0,12306.4404296875,0,101.4800033569336,52.0,0,4.109666666666666e-05,0,1,18.0,1,,1,,0
2023-05-11,-0.1950779414141547,-0.1925558676246885,-0.1830118284031329,-0.1755615555228317,-0.4099868923532211,-0.0065180373545974,1.2216777436497694,1.273667952807969,1.1597839336489937,28.11201573751852,14.35005967027385,0,1,-0.765102291705337,-0.7131023278660434,0,12328.509765625,0,102.05999755859376,52.0,0,4.5763333333333336e-05,0,1,18.0,1,,1,,0
2023-05-12,-0.2010591159173707,-0.2095771574732091,-0.2111054767769706,-0.1949121352186096,-0.296072250783123,-0.0093360892230614,1.2108616039669742,1.282999279749144,1.186256067860488,26.28081019769145,12.35525474120928,0,1,-0.7654112097857596,-0.7124840186696578,0,12284.740234375,0,102.68000030517578,49.0,0,3.453e-05,0,1,18.0,1,,1,,0
2023-05-13,-0.2016979296252973,-0.2103335209598542,-0.1852183149007575,-0.2004077062961785,-0.7058616957680437,-0.0114885299374697,1.1758674077810352,1.260276079508742,1.181222662664299,26.071520846149554,12.115420218165935,0,1,-0.7627988234308066,-0.7206129155522277,1,12284.740234375,1,102.68000030517578,48.0,0,3.2896666666666666e-05,0,1,18.0,1,,1,,1
2023-05-14,-0.1972208639832776,-0.2067117938113292,-0.1867582029258147,-0.2009818757818682,-0.7051715286544632,-0.0126868468569451,1.1238716340311303,1.211455696804342,1.148024865276804,30.54435768817729,25.60929406128095,0,0,-0.7518538097899085,-0.718240904261451,1,12284.740234375,1,102.68000030517578,48.0,0,2.763666666666667e-05,0,1,18.0,1,,1,,1
2023-05-15,-0.1892157352992459,-0.1918222819269923,-0.1835009507265576,-0.1966313620252875,-0.5116645623042172,-0.0128425339289538,1.0654272903683866,1.1484773035703235,1.09706332301288,38.25192726667864,45.5431082837872,0,0,-0.9089340961982284,-0.708391775323543,0,12365.2099609375,0,102.43000030517578,50.0,0,8.803333333333334e-06,0,1,18.0,1,,1,,0
2023-05-16,-0.193982465698152,-0.2022534525640632,-0.1799915754968105,-0.1892956204075383,-0.5856200598466949,-0.0131984093142984,1.0769798358346154,1.1621375982621147,1.119227319501676,35.54203288344026,37.55368707919225,0,0,-0.9959300379536684,-0.7088763277082105,0,12343.0498046875,0,102.55999755859376,54.0,0,5.875e-05,0,1,18.0,1,,1,,1
2023-05-17,-0.1829195988492525,-0.1972452155717332,-0.1886617287691188,-0.1934516217954867,-0.479689998858739,-0.0124443119409177,1.0131342194018225,1.088134003818382,1.0531096854736366,45.82051368906028,59.525305965747535,0,0,-0.9853934045319216,-0.7311176364246016,0,12500.5703125,0,102.87999725341795,50.0,0,6.627333333333333e-05,0,1,18.0,1,,1,,0
2023-05-18,-0.2002276497892615,-0.1972271929397555,-0.1944161590641515,-0.1822651319425261,-0.47604140937965,-0.0130923786100826,1.0907080658006227,1.174469638930535,1.1458916782484234,35.578811423990146,34.3290417742261,0,0,-0.944562584583525,-0.782782293945226,0,12688.83984375,0,103.58000183105467,51.0,0,9.447333333333334e-05,0,1,18.0,1,,1,,1
2023-05-19,-0.1984583380764976,-0.2073837972909649,-0.1855498831068391,-0.1998277491725265,-0.6504361216474338,-0.0133097805805175,1.0677526796892935,1.1501119176274617,1.1297510339608,37.23360368776682,37.91118395699078,0,0,-1.0753449241993152,-0.9314546325243672,0,12657.900390625,0,103.1999969482422,48.0,0,3.6683333333333335e-05,0,1,18.0,1,,1,,1
2023-05-20,-0.1911435124279296,-0.2065861050326186,-0.1811008317979038,-0.1979310149128789,-0.8358347470587333,-0.0127449124933027,1.0239238746083354,1.0989519245905863,1.084363583885733,44.085161922708984,52.26442524647828,0,0,-1.083249270185019,-0.9458161525929808,1,12657.900390625,1,103.1999969482422,48.0,0,2.3063333333333337e-05,0,1,18.0,1,,1,,0
2023-05-21,-0.2026220526776999,-0.2032569668019327,-0.1853411876761565,-0.1909174716971586,-0.765332313217307,-0.0130727778865685,1.0713347475117851,1.150884356551832,1.1427827044317291,36.80977757950525,35.226214081494504,0,0,-1.089679662423768,-1.0110483041960878,1,12657.900390625,1,103.1999969482422,52.0,0,5.7029999999999994e-05,0,1,18.0,1,,1,,1
2023-05-22,-0.1996451581267521,-0.2098750886044357,-0.1902293740153116,-0.2021757998604975,-0.6593324996291209,-0.0129432018870679,1.046642856342428,1.1228325920741915,1.1204570296675165,39.78352139694178,41.78832327495742,0,0,-1.189683554812741,-1.038756814297925,0,12720.7802734375,0,103.1999969482422,49.0,0,2.6663333333333333e-05,0,1,18.0,1,,1,,1
2023-05-23,-0.1882066518732477,-0.1981843297207445,-0.181943509447872,-0.1989354982643894,-0.543166332833604,-0.0117817079198056,0.9887029508080885,1.053933706147057,1.0539360310193628,50.17851261226169,61.67827776163301,0,0,-1.1414395513283635,-1.0275597727672583,0,12560.25,0,103.48999786376952,50.0,0,0.0001,0,1,18.0,1,,1,,0
2023-05-24,-0.2154217148042442,-0.2044987672391419,-0.2040106217264855,-0.187673769117918,-0.4286953583346679,-0.0129084432172174,1.1092021381779922,1.188174536819659,1.1966543952519704,34.04446784738285,29.597053839912704,0,0,-0.9752581023876602,-0.9575533185735836,0,12484.16015625,0,103.88999938964844,50.0,0,5.476333333333333e-05,0,1,18.0,1,,1,,1
2023-05-25,-0.2111026372726747,-0.2235275552085346,-0.2107272011243829,-0.2150196424936724,-0.5363946226836467,-0.0132995664737286,1.0726128404718815,1.150347724506282,1.1647754135437292,37.71188431447419,36.57748927581922,0,0,-1.0324042971493346,-1.0136999505210766,0,12698.08984375,0,104.20999908447266,51.0,0,8.606666666666667e-05,0,1,18.0,1,,1,,1
2023-05-26,-0.2036770170919671,-0.2137544161083937,-0.1966288408277626,-0.2105985434204991,-0.5865272213478429,-0.0128620828970501,1.0293590383414275,1.100922776370268,1.1183741986503002,43.90003948828845,48.32294572037029,0,0,-1.0228594820585326,-1.0076364995007647,0,12975.6904296875,0,104.20999908447266,49.0,0,8.178666666666667e-05,0,1,18.0,1,,1,,1
2023-05-27,-0.1991235229116217,-0.2145896212717358,-0.1880087963244628,-0.2030834446922871,-0.7985663096003908,-0.0120095069647867,1.0053646482202157,1.0702603061374898,1.089382421395795,47.584514191867655,55.118768220425665,0,0,-1.0178473490180142,-1.1106050501112377,1,12975.6904296875,1,104.20999908447266,48.0,0,7.690666666666667e-05,0,1,18.0,1,,1,,1
2023-05-28,-0.1619382050149105,-0.1753778924186815,-0.1823610825229427,-0.1984712342336141,-0.5058573030964099,-0.0082383237444463,0.8412215088621863,0.8788317068055086,0.8899261124772312,67.62184136914553,81.54471316905405,0,0,-0.7605175074676952,-0.959711281876803,1,12975.6904296875,1,104.20999908447266,50.0,0,9.96e-05,0,1,18.0,1,,1,,0
2023-05-29,-0.1723170931258188,-0.1682065286495421,-0.1586917651319961,-0.1616767733856205,-0.4778729095749145,-0.0060177544753124,0.9098146495315836,0.93967086751288,0.948936631149994,60.209241334009775,66.88812601450573,0,0,-0.7417064416202294,-0.952590066221124,1,12975.6904296875,1,104.20999908447266,52.0,0,0.0001,0,1,18.0,1,,1,,0
